run,tag,step,value
PPO_1,time/fps,2048,1470.0
PPO_1,time/fps,4096,1417.0
PPO_1,time/fps,6144,1385.0
PPO_1,time/fps,8192,1371.0
PPO_1,time/fps,10240,1366.0
PPO_1,time/fps,12288,1360.0
PPO_1,time/fps,14336,1357.0
PPO_1,time/fps,16384,1349.0
PPO_1,time/fps,18432,1344.0
PPO_1,time/fps,20480,1343.0
PPO_1,time/fps,22528,1327.0
PPO_1,time/fps,24576,1324.0
PPO_1,time/fps,26624,1324.0
PPO_1,time/fps,28672,1313.0
PPO_1,time/fps,30720,1305.0
PPO_1,time/fps,32768,1298.0
PPO_1,time/fps,34816,1291.0
PPO_1,time/fps,36864,1285.0
PPO_1,time/fps,38912,1279.0
PPO_1,time/fps,40960,1276.0
PPO_1,time/fps,43008,1272.0
PPO_1,time/fps,45056,1275.0
PPO_1,time/fps,47104,1274.0
PPO_1,time/fps,49152,1274.0
PPO_1,time/fps,51200,1275.0
PPO_1,time/fps,53248,1277.0
PPO_1,time/fps,55296,1274.0
PPO_1,time/fps,57344,1276.0
PPO_1,time/fps,59392,1278.0
PPO_1,time/fps,61440,1280.0
PPO_1,time/fps,63488,1281.0
PPO_1,time/fps,65536,1278.0
PPO_1,time/fps,67584,1276.0
PPO_1,time/fps,69632,1277.0
PPO_1,time/fps,71680,1277.0
PPO_1,time/fps,73728,1278.0
PPO_1,time/fps,75776,1279.0
PPO_1,time/fps,77824,1277.0
PPO_1,time/fps,79872,1274.0
PPO_1,time/fps,81920,1275.0
PPO_1,time/fps,83968,1276.0
PPO_1,time/fps,86016,1277.0
PPO_1,time/fps,88064,1278.0
PPO_1,time/fps,90112,1279.0
PPO_1,time/fps,92160,1280.0
PPO_1,time/fps,94208,1281.0
PPO_1,time/fps,96256,1282.0
PPO_1,time/fps,98304,1279.0
PPO_1,time/fps,100352,1278.0
PPO_1,time/fps,102400,1276.0
PPO_1,time/fps,104448,1274.0
PPO_1,time/fps,106496,1272.0
PPO_1,time/fps,108544,1270.0
PPO_1,time/fps,110592,1271.0
PPO_1,time/fps,112640,1270.0
PPO_1,time/fps,114688,1269.0
PPO_1,time/fps,116736,1267.0
PPO_1,time/fps,118784,1266.0
PPO_1,time/fps,120832,1265.0
PPO_1,time/fps,122880,1264.0
PPO_1,time/fps,124928,1262.0
PPO_1,time/fps,126976,1261.0
PPO_1,time/fps,129024,1260.0
PPO_1,time/fps,131072,1259.0
PPO_1,time/fps,133120,1258.0
PPO_1,time/fps,135168,1257.0
PPO_1,time/fps,137216,1256.0
PPO_1,time/fps,139264,1257.0
PPO_1,time/fps,141312,1256.0
PPO_1,time/fps,143360,1255.0
PPO_1,time/fps,145408,1255.0
PPO_1,time/fps,147456,1254.0
PPO_1,time/fps,149504,1255.0
PPO_1,time/fps,151552,1256.0
PPO_1,time/fps,153600,1257.0
PPO_1,time/fps,155648,1258.0
PPO_1,time/fps,157696,1258.0
PPO_1,time/fps,159744,1259.0
PPO_1,time/fps,161792,1260.0
PPO_1,time/fps,163840,1261.0
PPO_1,time/fps,165888,1262.0
PPO_1,time/fps,167936,1262.0
PPO_1,time/fps,169984,1263.0
PPO_1,time/fps,172032,1264.0
PPO_1,time/fps,174080,1265.0
PPO_1,time/fps,176128,1264.0
PPO_1,time/fps,178176,1263.0
PPO_1,time/fps,180224,1262.0
PPO_1,time/fps,182272,1262.0
PPO_1,time/fps,184320,1261.0
PPO_1,time/fps,186368,1260.0
PPO_1,time/fps,188416,1261.0
PPO_1,time/fps,190464,1260.0
PPO_1,time/fps,192512,1260.0
PPO_1,time/fps,194560,1259.0
PPO_1,time/fps,196608,1259.0
PPO_1,time/fps,198656,1258.0
PPO_1,time/fps,200704,1257.0
PPO_1,time/fps,202752,1257.0
PPO_1,time/fps,204800,1257.0
PPO_1,time/fps,206848,1257.0
PPO_1,time/fps,208896,1256.0
PPO_1,time/fps,210944,1256.0
PPO_1,time/fps,212992,1255.0
PPO_1,time/fps,215040,1255.0
PPO_1,time/fps,217088,1254.0
PPO_1,time/fps,219136,1254.0
PPO_1,time/fps,221184,1253.0
PPO_1,time/fps,223232,1253.0
PPO_1,time/fps,225280,1253.0
PPO_1,time/fps,227328,1252.0
PPO_1,time/fps,229376,1252.0
PPO_1,time/fps,231424,1253.0
PPO_1,time/fps,233472,1253.0
PPO_1,time/fps,235520,1254.0
PPO_1,time/fps,237568,1253.0
PPO_1,time/fps,239616,1253.0
PPO_1,time/fps,241664,1253.0
PPO_1,time/fps,243712,1254.0
PPO_1,time/fps,245760,1254.0
PPO_1,time/fps,247808,1255.0
PPO_1,time/fps,249856,1256.0
PPO_1,time/fps,251904,1256.0
PPO_1,time/fps,253952,1257.0
PPO_1,time/fps,256000,1258.0
PPO_1,time/fps,258048,1258.0
PPO_1,time/fps,260096,1259.0
PPO_1,time/fps,262144,1259.0
PPO_1,time/fps,264192,1259.0
PPO_1,time/fps,266240,1260.0
PPO_1,time/fps,268288,1260.0
PPO_1,time/fps,270336,1259.0
PPO_1,time/fps,272384,1259.0
PPO_1,time/fps,274432,1258.0
PPO_1,time/fps,276480,1259.0
PPO_1,time/fps,278528,1258.0
PPO_1,time/fps,280576,1258.0
PPO_1,time/fps,282624,1258.0
PPO_1,time/fps,284672,1259.0
PPO_1,time/fps,286720,1259.0
PPO_1,time/fps,288768,1258.0
PPO_1,time/fps,290816,1259.0
PPO_1,time/fps,292864,1259.0
PPO_1,time/fps,294912,1259.0
PPO_1,time/fps,296960,1259.0
PPO_1,time/fps,299008,1258.0
PPO_1,time/fps,301056,1259.0
PPO_1,train/approx_kl,4096,0.013428870588541031
PPO_1,train/approx_kl,6144,0.01294727623462677
PPO_1,train/approx_kl,8192,0.013005342334508896
PPO_1,train/approx_kl,10240,0.012850104831159115
PPO_1,train/approx_kl,12288,0.013131439685821533
PPO_1,train/approx_kl,14336,0.014144770801067352
PPO_1,train/approx_kl,16384,0.015056045725941658
PPO_1,train/approx_kl,18432,0.0149078955873847
PPO_1,train/approx_kl,20480,0.01571981981396675
PPO_1,train/approx_kl,22528,0.014685038477182388
PPO_1,train/approx_kl,24576,0.015113165602087975
PPO_1,train/approx_kl,26624,0.015948019921779633
PPO_1,train/approx_kl,28672,0.015578732825815678
PPO_1,train/approx_kl,30720,0.015040300786495209
PPO_1,train/approx_kl,32768,0.015168219804763794
PPO_1,train/approx_kl,34816,0.013897964730858803
PPO_1,train/approx_kl,36864,0.014600683003664017
PPO_1,train/approx_kl,38912,0.016044240444898605
PPO_1,train/approx_kl,40960,0.014108614064753056
PPO_1,train/approx_kl,43008,0.01555055845528841
PPO_1,train/approx_kl,45056,0.017753958702087402
PPO_1,train/approx_kl,47104,0.013323810882866383
PPO_1,train/approx_kl,49152,0.013483434915542603
PPO_1,train/approx_kl,51200,0.0159640833735466
PPO_1,train/approx_kl,53248,0.016645770519971848
PPO_1,train/approx_kl,55296,0.013799463398754597
PPO_1,train/approx_kl,57344,0.016052648425102234
PPO_1,train/approx_kl,59392,0.01323143020272255
PPO_1,train/approx_kl,61440,0.01601092517375946
PPO_1,train/approx_kl,63488,0.01651301607489586
PPO_1,train/approx_kl,65536,0.016146406531333923
PPO_1,train/approx_kl,67584,0.016098810359835625
PPO_1,train/approx_kl,69632,0.014772364869713783
PPO_1,train/approx_kl,71680,0.015301457606256008
PPO_1,train/approx_kl,73728,0.015466097742319107
PPO_1,train/approx_kl,75776,0.015869732946157455
PPO_1,train/approx_kl,77824,0.016072671860456467
PPO_1,train/approx_kl,79872,0.017118729650974274
PPO_1,train/approx_kl,81920,0.01612969860434532
PPO_1,train/approx_kl,83968,0.014382265508174896
PPO_1,train/approx_kl,86016,0.016219239681959152
PPO_1,train/approx_kl,88064,0.01700890064239502
PPO_1,train/approx_kl,90112,0.015074477531015873
PPO_1,train/approx_kl,92160,0.01578197255730629
PPO_1,train/approx_kl,94208,0.015051642432808876
PPO_1,train/approx_kl,96256,0.015279259532690048
PPO_1,train/approx_kl,98304,0.013639059849083424
PPO_1,train/approx_kl,100352,0.015957579016685486
PPO_1,train/approx_kl,102400,0.017529049888253212
PPO_1,train/approx_kl,104448,0.014651237055659294
PPO_1,train/approx_kl,106496,0.014470650814473629
PPO_1,train/approx_kl,108544,0.01631324365735054
PPO_1,train/approx_kl,110592,0.016037937253713608
PPO_1,train/approx_kl,112640,0.014650281518697739
PPO_1,train/approx_kl,114688,0.015173664316534996
PPO_1,train/approx_kl,116736,0.01346069760620594
PPO_1,train/approx_kl,118784,0.013847926631569862
PPO_1,train/approx_kl,120832,0.014723437838256359
PPO_1,train/approx_kl,122880,0.013849897310137749
PPO_1,train/approx_kl,124928,0.013735579326748848
PPO_1,train/approx_kl,126976,0.016163064166903496
PPO_1,train/approx_kl,129024,0.014483258128166199
PPO_1,train/approx_kl,131072,0.015466446988284588
PPO_1,train/approx_kl,133120,0.015235298313200474
PPO_1,train/approx_kl,135168,0.014100831001996994
PPO_1,train/approx_kl,137216,0.014003628864884377
PPO_1,train/approx_kl,139264,0.017485179007053375
PPO_1,train/approx_kl,141312,0.015140608884394169
PPO_1,train/approx_kl,143360,0.017941661179065704
PPO_1,train/approx_kl,145408,0.01775345578789711
PPO_1,train/approx_kl,147456,0.015526393428444862
PPO_1,train/approx_kl,149504,0.018945185467600822
PPO_1,train/approx_kl,151552,0.018320145085453987
PPO_1,train/approx_kl,153600,0.01600654050707817
PPO_1,train/approx_kl,155648,0.017481282353401184
PPO_1,train/approx_kl,157696,0.01645083539187908
PPO_1,train/approx_kl,159744,0.017580334097146988
PPO_1,train/approx_kl,161792,0.014660952612757683
PPO_1,train/approx_kl,163840,0.015483871102333069
PPO_1,train/approx_kl,165888,0.01808559149503708
PPO_1,train/approx_kl,167936,0.016039913520216942
PPO_1,train/approx_kl,169984,0.01654398813843727
PPO_1,train/approx_kl,172032,0.014404931105673313
PPO_1,train/approx_kl,174080,0.016530156135559082
PPO_1,train/approx_kl,176128,0.015258591622114182
PPO_1,train/approx_kl,178176,0.015606016851961613
PPO_1,train/approx_kl,180224,0.01687757670879364
PPO_1,train/approx_kl,182272,0.01593935117125511
PPO_1,train/approx_kl,184320,0.015885885804891586
PPO_1,train/approx_kl,186368,0.016919070854783058
PPO_1,train/approx_kl,188416,0.016655851155519485
PPO_1,train/approx_kl,190464,0.016722768545150757
PPO_1,train/approx_kl,192512,0.015399480238556862
PPO_1,train/approx_kl,194560,0.015203832648694515
PPO_1,train/approx_kl,196608,0.016025707125663757
PPO_1,train/approx_kl,198656,0.015498527325689793
PPO_1,train/approx_kl,200704,0.015710249543190002
PPO_1,train/approx_kl,202752,0.01589289680123329
PPO_1,train/approx_kl,204800,0.01694032922387123
PPO_1,train/approx_kl,206848,0.014477263204753399
PPO_1,train/approx_kl,208896,0.016292046755552292
PPO_1,train/approx_kl,210944,0.01388537511229515
PPO_1,train/approx_kl,212992,0.01599859818816185
PPO_1,train/approx_kl,215040,0.015902787446975708
PPO_1,train/approx_kl,217088,0.0174169410020113
PPO_1,train/approx_kl,219136,0.01723954826593399
PPO_1,train/approx_kl,221184,0.015589225105941296
PPO_1,train/approx_kl,223232,0.017079582437872887
PPO_1,train/approx_kl,225280,0.016874879598617554
PPO_1,train/approx_kl,227328,0.017555125057697296
PPO_1,train/approx_kl,229376,0.016655363142490387
PPO_1,train/approx_kl,231424,0.017009621486067772
PPO_1,train/approx_kl,233472,0.01336580514907837
PPO_1,train/approx_kl,235520,0.0167960524559021
PPO_1,train/approx_kl,237568,0.01695120520889759
PPO_1,train/approx_kl,239616,0.014838909730315208
PPO_1,train/approx_kl,241664,0.01719650998711586
PPO_1,train/approx_kl,243712,0.01477495301514864
PPO_1,train/approx_kl,245760,0.014598329551517963
PPO_1,train/approx_kl,247808,0.0169890895485878
PPO_1,train/approx_kl,249856,0.016836661845445633
PPO_1,train/approx_kl,251904,0.011369454674422741
PPO_1,train/approx_kl,253952,0.01360759325325489
PPO_1,train/approx_kl,256000,0.016592472791671753
PPO_1,train/approx_kl,258048,0.016214553266763687
PPO_1,train/approx_kl,260096,0.016189534217119217
PPO_1,train/approx_kl,262144,0.015327882021665573
PPO_1,train/approx_kl,264192,0.01794489473104477
PPO_1,train/approx_kl,266240,0.01754520833492279
PPO_1,train/approx_kl,268288,0.016412055119872093
PPO_1,train/approx_kl,270336,0.016642160713672638
PPO_1,train/approx_kl,272384,0.014079396612942219
PPO_1,train/approx_kl,274432,0.01582452841103077
PPO_1,train/approx_kl,276480,0.01387706771492958
PPO_1,train/approx_kl,278528,0.018353817984461784
PPO_1,train/approx_kl,280576,0.01546349935233593
PPO_1,train/approx_kl,282624,0.01895306073129177
PPO_1,train/approx_kl,284672,0.018217910081148148
PPO_1,train/approx_kl,286720,0.015024863183498383
PPO_1,train/approx_kl,288768,0.014342840760946274
PPO_1,train/approx_kl,290816,0.01761261187493801
PPO_1,train/approx_kl,292864,0.01344187743961811
PPO_1,train/approx_kl,294912,0.015162699855864048
PPO_1,train/approx_kl,296960,0.01589425653219223
PPO_1,train/approx_kl,299008,0.01479586772620678
PPO_1,train/approx_kl,301056,0.015133801847696304
PPO_1,train/clip_fraction,4096,0.13828125596046448
PPO_1,train/clip_fraction,6144,0.10483398288488388
PPO_1,train/clip_fraction,8192,0.11274413764476776
PPO_1,train/clip_fraction,10240,0.12285156548023224
PPO_1,train/clip_fraction,12288,0.12578125298023224
PPO_1,train/clip_fraction,14336,0.12739257514476776
PPO_1,train/clip_fraction,16384,0.13100585341453552
PPO_1,train/clip_fraction,18432,0.14858397841453552
PPO_1,train/clip_fraction,20480,0.14179687201976776
PPO_1,train/clip_fraction,22528,0.13051757216453552
PPO_1,train/clip_fraction,24576,0.13618163764476776
PPO_1,train/clip_fraction,26624,0.15478515625
PPO_1,train/clip_fraction,28672,0.130859375
PPO_1,train/clip_fraction,30720,0.14082030951976776
PPO_1,train/clip_fraction,32768,0.13784179091453552
PPO_1,train/clip_fraction,34816,0.13032226264476776
PPO_1,train/clip_fraction,36864,0.12895508110523224
PPO_1,train/clip_fraction,38912,0.14570312201976776
PPO_1,train/clip_fraction,40960,0.12841796875
PPO_1,train/clip_fraction,43008,0.14897461235523224
PPO_1,train/clip_fraction,45056,0.16845703125
PPO_1,train/clip_fraction,47104,0.13857421278953552
PPO_1,train/clip_fraction,49152,0.13149413466453552
PPO_1,train/clip_fraction,51200,0.16728515923023224
PPO_1,train/clip_fraction,53248,0.15019531548023224
PPO_1,train/clip_fraction,55296,0.13300780951976776
PPO_1,train/clip_fraction,57344,0.14780274033546448
PPO_1,train/clip_fraction,59392,0.13276366889476776
PPO_1,train/clip_fraction,61440,0.142822265625
PPO_1,train/clip_fraction,63488,0.15444335341453552
PPO_1,train/clip_fraction,65536,0.15776367485523224
PPO_1,train/clip_fraction,67584,0.14736327528953552
PPO_1,train/clip_fraction,69632,0.15439453721046448
PPO_1,train/clip_fraction,71680,0.15400390326976776
PPO_1,train/clip_fraction,73728,0.12861327826976776
PPO_1,train/clip_fraction,75776,0.16162109375
PPO_1,train/clip_fraction,77824,0.15029296278953552
PPO_1,train/clip_fraction,79872,0.1708984375
PPO_1,train/clip_fraction,81920,0.15708008408546448
PPO_1,train/clip_fraction,83968,0.13955077528953552
PPO_1,train/clip_fraction,86016,0.150390625
PPO_1,train/clip_fraction,88064,0.15517577528953552
PPO_1,train/clip_fraction,90112,0.14643554389476776
PPO_1,train/clip_fraction,92160,0.14370116591453552
PPO_1,train/clip_fraction,94208,0.12875977158546448
PPO_1,train/clip_fraction,96256,0.15336914360523224
PPO_1,train/clip_fraction,98304,0.12421874701976776
PPO_1,train/clip_fraction,100352,0.15151366591453552
PPO_1,train/clip_fraction,102400,0.17587891221046448
PPO_1,train/clip_fraction,104448,0.14018554985523224
PPO_1,train/clip_fraction,106496,0.128662109375
PPO_1,train/clip_fraction,108544,0.13491210341453552
PPO_1,train/clip_fraction,110592,0.13857421278953552
PPO_1,train/clip_fraction,112640,0.13432617485523224
PPO_1,train/clip_fraction,114688,0.13969726860523224
PPO_1,train/clip_fraction,116736,0.12797851860523224
PPO_1,train/clip_fraction,118784,0.12607422471046448
PPO_1,train/clip_fraction,120832,0.12744140625
PPO_1,train/clip_fraction,122880,0.14301757514476776
PPO_1,train/clip_fraction,124928,0.12983398139476776
PPO_1,train/clip_fraction,126976,0.142333984375
PPO_1,train/clip_fraction,129024,0.15048828721046448
PPO_1,train/clip_fraction,131072,0.14521484076976776
PPO_1,train/clip_fraction,133120,0.13896484673023224
PPO_1,train/clip_fraction,135168,0.12998047471046448
PPO_1,train/clip_fraction,137216,0.14931640028953552
PPO_1,train/clip_fraction,139264,0.15512695908546448
PPO_1,train/clip_fraction,141312,0.13730469346046448
PPO_1,train/clip_fraction,143360,0.15317383408546448
PPO_1,train/clip_fraction,145408,0.15322265028953552
PPO_1,train/clip_fraction,147456,0.141357421875
PPO_1,train/clip_fraction,149504,0.16533203423023224
PPO_1,train/clip_fraction,151552,0.15961913764476776
PPO_1,train/clip_fraction,153600,0.14335937798023224
PPO_1,train/clip_fraction,155648,0.15668945014476776
PPO_1,train/clip_fraction,157696,0.14243164658546448
PPO_1,train/clip_fraction,159744,0.180908203125
PPO_1,train/clip_fraction,161792,0.12812499701976776
PPO_1,train/clip_fraction,163840,0.14814452826976776
PPO_1,train/clip_fraction,165888,0.15913085639476776
PPO_1,train/clip_fraction,167936,0.15512695908546448
PPO_1,train/clip_fraction,169984,0.16694335639476776
PPO_1,train/clip_fraction,172032,0.14785155653953552
PPO_1,train/clip_fraction,174080,0.13837890326976776
PPO_1,train/clip_fraction,176128,0.12656250596046448
PPO_1,train/clip_fraction,178176,0.13383789360523224
PPO_1,train/clip_fraction,180224,0.15815429389476776
PPO_1,train/clip_fraction,182272,0.14892578125
PPO_1,train/clip_fraction,184320,0.13984374701976776
PPO_1,train/clip_fraction,186368,0.17377929389476776
PPO_1,train/clip_fraction,188416,0.15522460639476776
PPO_1,train/clip_fraction,190464,0.15996094048023224
PPO_1,train/clip_fraction,192512,0.141845703125
PPO_1,train/clip_fraction,194560,0.13554687798023224
PPO_1,train/clip_fraction,196608,0.1279296875
PPO_1,train/clip_fraction,198656,0.13090820610523224
PPO_1,train/clip_fraction,200704,0.15312500298023224
PPO_1,train/clip_fraction,202752,0.12480469048023224
PPO_1,train/clip_fraction,204800,0.15634766221046448
PPO_1,train/clip_fraction,206848,0.12465820461511612
PPO_1,train/clip_fraction,208896,0.15185546875
PPO_1,train/clip_fraction,210944,0.13461914658546448
PPO_1,train/clip_fraction,212992,0.14306640625
PPO_1,train/clip_fraction,215040,0.16298827528953552
PPO_1,train/clip_fraction,217088,0.14829102158546448
PPO_1,train/clip_fraction,219136,0.14204101264476776
PPO_1,train/clip_fraction,221184,0.14501953125
PPO_1,train/clip_fraction,223232,0.16049805283546448
PPO_1,train/clip_fraction,225280,0.14785155653953552
PPO_1,train/clip_fraction,227328,0.15810546278953552
PPO_1,train/clip_fraction,229376,0.15849609673023224
PPO_1,train/clip_fraction,231424,0.16157226264476776
PPO_1,train/clip_fraction,233472,0.11923827975988388
PPO_1,train/clip_fraction,235520,0.16386719048023224
PPO_1,train/clip_fraction,237568,0.16079100966453552
PPO_1,train/clip_fraction,239616,0.14741210639476776
PPO_1,train/clip_fraction,241664,0.16005858778953552
PPO_1,train/clip_fraction,243712,0.12993164360523224
PPO_1,train/clip_fraction,245760,0.15410156548023224
PPO_1,train/clip_fraction,247808,0.15346679091453552
PPO_1,train/clip_fraction,249856,0.13369140028953552
PPO_1,train/clip_fraction,251904,0.10703124850988388
PPO_1,train/clip_fraction,253952,0.14472655951976776
PPO_1,train/clip_fraction,256000,0.16342774033546448
PPO_1,train/clip_fraction,258048,0.14609375596046448
PPO_1,train/clip_fraction,260096,0.15200194716453552
PPO_1,train/clip_fraction,262144,0.14423827826976776
PPO_1,train/clip_fraction,264192,0.16362304985523224
PPO_1,train/clip_fraction,266240,0.15537109971046448
PPO_1,train/clip_fraction,268288,0.16123047471046448
PPO_1,train/clip_fraction,270336,0.15034179389476776
PPO_1,train/clip_fraction,272384,0.13232421875
PPO_1,train/clip_fraction,274432,0.15273436903953552
PPO_1,train/clip_fraction,276480,0.12172851711511612
PPO_1,train/clip_fraction,278528,0.17856445908546448
PPO_1,train/clip_fraction,280576,0.14863280951976776
PPO_1,train/clip_fraction,282624,0.18793945014476776
PPO_1,train/clip_fraction,284672,0.16567382216453552
PPO_1,train/clip_fraction,286720,0.14565429091453552
PPO_1,train/clip_fraction,288768,0.15590819716453552
PPO_1,train/clip_fraction,290816,0.17670898139476776
PPO_1,train/clip_fraction,292864,0.11464843899011612
PPO_1,train/clip_fraction,294912,0.13466796278953552
PPO_1,train/clip_fraction,296960,0.14936523139476776
PPO_1,train/clip_fraction,299008,0.12080077826976776
PPO_1,train/clip_fraction,301056,0.14584961533546448
PPO_1,train/clip_range,4096,0.20000000298023224
PPO_1,train/clip_range,6144,0.20000000298023224
PPO_1,train/clip_range,8192,0.20000000298023224
PPO_1,train/clip_range,10240,0.20000000298023224
PPO_1,train/clip_range,12288,0.20000000298023224
PPO_1,train/clip_range,14336,0.20000000298023224
PPO_1,train/clip_range,16384,0.20000000298023224
PPO_1,train/clip_range,18432,0.20000000298023224
PPO_1,train/clip_range,20480,0.20000000298023224
PPO_1,train/clip_range,22528,0.20000000298023224
PPO_1,train/clip_range,24576,0.20000000298023224
PPO_1,train/clip_range,26624,0.20000000298023224
PPO_1,train/clip_range,28672,0.20000000298023224
PPO_1,train/clip_range,30720,0.20000000298023224
PPO_1,train/clip_range,32768,0.20000000298023224
PPO_1,train/clip_range,34816,0.20000000298023224
PPO_1,train/clip_range,36864,0.20000000298023224
PPO_1,train/clip_range,38912,0.20000000298023224
PPO_1,train/clip_range,40960,0.20000000298023224
PPO_1,train/clip_range,43008,0.20000000298023224
PPO_1,train/clip_range,45056,0.20000000298023224
PPO_1,train/clip_range,47104,0.20000000298023224
PPO_1,train/clip_range,49152,0.20000000298023224
PPO_1,train/clip_range,51200,0.20000000298023224
PPO_1,train/clip_range,53248,0.20000000298023224
PPO_1,train/clip_range,55296,0.20000000298023224
PPO_1,train/clip_range,57344,0.20000000298023224
PPO_1,train/clip_range,59392,0.20000000298023224
PPO_1,train/clip_range,61440,0.20000000298023224
PPO_1,train/clip_range,63488,0.20000000298023224
PPO_1,train/clip_range,65536,0.20000000298023224
PPO_1,train/clip_range,67584,0.20000000298023224
PPO_1,train/clip_range,69632,0.20000000298023224
PPO_1,train/clip_range,71680,0.20000000298023224
PPO_1,train/clip_range,73728,0.20000000298023224
PPO_1,train/clip_range,75776,0.20000000298023224
PPO_1,train/clip_range,77824,0.20000000298023224
PPO_1,train/clip_range,79872,0.20000000298023224
PPO_1,train/clip_range,81920,0.20000000298023224
PPO_1,train/clip_range,83968,0.20000000298023224
PPO_1,train/clip_range,86016,0.20000000298023224
PPO_1,train/clip_range,88064,0.20000000298023224
PPO_1,train/clip_range,90112,0.20000000298023224
PPO_1,train/clip_range,92160,0.20000000298023224
PPO_1,train/clip_range,94208,0.20000000298023224
PPO_1,train/clip_range,96256,0.20000000298023224
PPO_1,train/clip_range,98304,0.20000000298023224
PPO_1,train/clip_range,100352,0.20000000298023224
PPO_1,train/clip_range,102400,0.20000000298023224
PPO_1,train/clip_range,104448,0.20000000298023224
PPO_1,train/clip_range,106496,0.20000000298023224
PPO_1,train/clip_range,108544,0.20000000298023224
PPO_1,train/clip_range,110592,0.20000000298023224
PPO_1,train/clip_range,112640,0.20000000298023224
PPO_1,train/clip_range,114688,0.20000000298023224
PPO_1,train/clip_range,116736,0.20000000298023224
PPO_1,train/clip_range,118784,0.20000000298023224
PPO_1,train/clip_range,120832,0.20000000298023224
PPO_1,train/clip_range,122880,0.20000000298023224
PPO_1,train/clip_range,124928,0.20000000298023224
PPO_1,train/clip_range,126976,0.20000000298023224
PPO_1,train/clip_range,129024,0.20000000298023224
PPO_1,train/clip_range,131072,0.20000000298023224
PPO_1,train/clip_range,133120,0.20000000298023224
PPO_1,train/clip_range,135168,0.20000000298023224
PPO_1,train/clip_range,137216,0.20000000298023224
PPO_1,train/clip_range,139264,0.20000000298023224
PPO_1,train/clip_range,141312,0.20000000298023224
PPO_1,train/clip_range,143360,0.20000000298023224
PPO_1,train/clip_range,145408,0.20000000298023224
PPO_1,train/clip_range,147456,0.20000000298023224
PPO_1,train/clip_range,149504,0.20000000298023224
PPO_1,train/clip_range,151552,0.20000000298023224
PPO_1,train/clip_range,153600,0.20000000298023224
PPO_1,train/clip_range,155648,0.20000000298023224
PPO_1,train/clip_range,157696,0.20000000298023224
PPO_1,train/clip_range,159744,0.20000000298023224
PPO_1,train/clip_range,161792,0.20000000298023224
PPO_1,train/clip_range,163840,0.20000000298023224
PPO_1,train/clip_range,165888,0.20000000298023224
PPO_1,train/clip_range,167936,0.20000000298023224
PPO_1,train/clip_range,169984,0.20000000298023224
PPO_1,train/clip_range,172032,0.20000000298023224
PPO_1,train/clip_range,174080,0.20000000298023224
PPO_1,train/clip_range,176128,0.20000000298023224
PPO_1,train/clip_range,178176,0.20000000298023224
PPO_1,train/clip_range,180224,0.20000000298023224
PPO_1,train/clip_range,182272,0.20000000298023224
PPO_1,train/clip_range,184320,0.20000000298023224
PPO_1,train/clip_range,186368,0.20000000298023224
PPO_1,train/clip_range,188416,0.20000000298023224
PPO_1,train/clip_range,190464,0.20000000298023224
PPO_1,train/clip_range,192512,0.20000000298023224
PPO_1,train/clip_range,194560,0.20000000298023224
PPO_1,train/clip_range,196608,0.20000000298023224
PPO_1,train/clip_range,198656,0.20000000298023224
PPO_1,train/clip_range,200704,0.20000000298023224
PPO_1,train/clip_range,202752,0.20000000298023224
PPO_1,train/clip_range,204800,0.20000000298023224
PPO_1,train/clip_range,206848,0.20000000298023224
PPO_1,train/clip_range,208896,0.20000000298023224
PPO_1,train/clip_range,210944,0.20000000298023224
PPO_1,train/clip_range,212992,0.20000000298023224
PPO_1,train/clip_range,215040,0.20000000298023224
PPO_1,train/clip_range,217088,0.20000000298023224
PPO_1,train/clip_range,219136,0.20000000298023224
PPO_1,train/clip_range,221184,0.20000000298023224
PPO_1,train/clip_range,223232,0.20000000298023224
PPO_1,train/clip_range,225280,0.20000000298023224
PPO_1,train/clip_range,227328,0.20000000298023224
PPO_1,train/clip_range,229376,0.20000000298023224
PPO_1,train/clip_range,231424,0.20000000298023224
PPO_1,train/clip_range,233472,0.20000000298023224
PPO_1,train/clip_range,235520,0.20000000298023224
PPO_1,train/clip_range,237568,0.20000000298023224
PPO_1,train/clip_range,239616,0.20000000298023224
PPO_1,train/clip_range,241664,0.20000000298023224
PPO_1,train/clip_range,243712,0.20000000298023224
PPO_1,train/clip_range,245760,0.20000000298023224
PPO_1,train/clip_range,247808,0.20000000298023224
PPO_1,train/clip_range,249856,0.20000000298023224
PPO_1,train/clip_range,251904,0.20000000298023224
PPO_1,train/clip_range,253952,0.20000000298023224
PPO_1,train/clip_range,256000,0.20000000298023224
PPO_1,train/clip_range,258048,0.20000000298023224
PPO_1,train/clip_range,260096,0.20000000298023224
PPO_1,train/clip_range,262144,0.20000000298023224
PPO_1,train/clip_range,264192,0.20000000298023224
PPO_1,train/clip_range,266240,0.20000000298023224
PPO_1,train/clip_range,268288,0.20000000298023224
PPO_1,train/clip_range,270336,0.20000000298023224
PPO_1,train/clip_range,272384,0.20000000298023224
PPO_1,train/clip_range,274432,0.20000000298023224
PPO_1,train/clip_range,276480,0.20000000298023224
PPO_1,train/clip_range,278528,0.20000000298023224
PPO_1,train/clip_range,280576,0.20000000298023224
PPO_1,train/clip_range,282624,0.20000000298023224
PPO_1,train/clip_range,284672,0.20000000298023224
PPO_1,train/clip_range,286720,0.20000000298023224
PPO_1,train/clip_range,288768,0.20000000298023224
PPO_1,train/clip_range,290816,0.20000000298023224
PPO_1,train/clip_range,292864,0.20000000298023224
PPO_1,train/clip_range,294912,0.20000000298023224
PPO_1,train/clip_range,296960,0.20000000298023224
PPO_1,train/clip_range,299008,0.20000000298023224
PPO_1,train/clip_range,301056,0.20000000298023224
PPO_1,train/entropy_loss,4096,-22.71363067626953
PPO_1,train/entropy_loss,6144,-22.77170181274414
PPO_1,train/entropy_loss,8192,-22.835651397705078
PPO_1,train/entropy_loss,10240,-22.862815856933594
PPO_1,train/entropy_loss,12288,-22.8815975189209
PPO_1,train/entropy_loss,14336,-22.904165267944336
PPO_1,train/entropy_loss,16384,-22.933914184570312
PPO_1,train/entropy_loss,18432,-22.978893280029297
PPO_1,train/entropy_loss,20480,-23.00718879699707
PPO_1,train/entropy_loss,22528,-23.033687591552734
PPO_1,train/entropy_loss,24576,-23.076631546020508
PPO_1,train/entropy_loss,26624,-23.13083267211914
PPO_1,train/entropy_loss,28672,-23.17378044128418
PPO_1,train/entropy_loss,30720,-23.18239974975586
PPO_1,train/entropy_loss,32768,-23.189804077148438
PPO_1,train/entropy_loss,34816,-23.2462215423584
PPO_1,train/entropy_loss,36864,-23.283113479614258
PPO_1,train/entropy_loss,38912,-23.29418182373047
PPO_1,train/entropy_loss,40960,-23.30575942993164
PPO_1,train/entropy_loss,43008,-23.316326141357422
PPO_1,train/entropy_loss,45056,-23.365951538085938
PPO_1,train/entropy_loss,47104,-23.423477172851562
PPO_1,train/entropy_loss,49152,-23.449705123901367
PPO_1,train/entropy_loss,51200,-23.46588134765625
PPO_1,train/entropy_loss,53248,-23.492822647094727
PPO_1,train/entropy_loss,55296,-23.52928924560547
PPO_1,train/entropy_loss,57344,-23.555143356323242
PPO_1,train/entropy_loss,59392,-23.58208465576172
PPO_1,train/entropy_loss,61440,-23.59938621520996
PPO_1,train/entropy_loss,63488,-23.62958335876465
PPO_1,train/entropy_loss,65536,-23.674854278564453
PPO_1,train/entropy_loss,67584,-23.701438903808594
PPO_1,train/entropy_loss,69632,-23.737201690673828
PPO_1,train/entropy_loss,71680,-23.763641357421875
PPO_1,train/entropy_loss,73728,-23.80669593811035
PPO_1,train/entropy_loss,75776,-23.840543746948242
PPO_1,train/entropy_loss,77824,-23.870502471923828
PPO_1,train/entropy_loss,79872,-23.905229568481445
PPO_1,train/entropy_loss,81920,-23.919069290161133
PPO_1,train/entropy_loss,83968,-23.956993103027344
PPO_1,train/entropy_loss,86016,-24.000295639038086
PPO_1,train/entropy_loss,88064,-24.027931213378906
PPO_1,train/entropy_loss,90112,-24.05797576904297
PPO_1,train/entropy_loss,92160,-24.07363510131836
PPO_1,train/entropy_loss,94208,-24.103296279907227
PPO_1,train/entropy_loss,96256,-24.15325355529785
PPO_1,train/entropy_loss,98304,-24.207019805908203
PPO_1,train/entropy_loss,100352,-24.25299835205078
PPO_1,train/entropy_loss,102400,-24.292692184448242
PPO_1,train/entropy_loss,104448,-24.32958221435547
PPO_1,train/entropy_loss,106496,-24.38294219970703
PPO_1,train/entropy_loss,108544,-24.416366577148438
PPO_1,train/entropy_loss,110592,-24.4226131439209
PPO_1,train/entropy_loss,112640,-24.444089889526367
PPO_1,train/entropy_loss,114688,-24.50059700012207
PPO_1,train/entropy_loss,116736,-24.5167236328125
PPO_1,train/entropy_loss,118784,-24.50493621826172
PPO_1,train/entropy_loss,120832,-24.509281158447266
PPO_1,train/entropy_loss,122880,-24.52398681640625
PPO_1,train/entropy_loss,124928,-24.551633834838867
PPO_1,train/entropy_loss,126976,-24.581239700317383
PPO_1,train/entropy_loss,129024,-24.62483024597168
PPO_1,train/entropy_loss,131072,-24.662805557250977
PPO_1,train/entropy_loss,133120,-24.713579177856445
PPO_1,train/entropy_loss,135168,-24.761682510375977
PPO_1,train/entropy_loss,137216,-24.829177856445312
PPO_1,train/entropy_loss,139264,-24.857080459594727
PPO_1,train/entropy_loss,141312,-24.864797592163086
PPO_1,train/entropy_loss,143360,-24.894765853881836
PPO_1,train/entropy_loss,145408,-24.923133850097656
PPO_1,train/entropy_loss,147456,-24.980304718017578
PPO_1,train/entropy_loss,149504,-25.024703979492188
PPO_1,train/entropy_loss,151552,-25.056556701660156
PPO_1,train/entropy_loss,153600,-25.100645065307617
PPO_1,train/entropy_loss,155648,-25.148672103881836
PPO_1,train/entropy_loss,157696,-25.191843032836914
PPO_1,train/entropy_loss,159744,-25.197105407714844
PPO_1,train/entropy_loss,161792,-25.208633422851562
PPO_1,train/entropy_loss,163840,-25.245473861694336
PPO_1,train/entropy_loss,165888,-25.2705078125
PPO_1,train/entropy_loss,167936,-25.3029727935791
PPO_1,train/entropy_loss,169984,-25.349605560302734
PPO_1,train/entropy_loss,172032,-25.396482467651367
PPO_1,train/entropy_loss,174080,-25.43899917602539
PPO_1,train/entropy_loss,176128,-25.47957420349121
PPO_1,train/entropy_loss,178176,-25.504907608032227
PPO_1,train/entropy_loss,180224,-25.52651596069336
PPO_1,train/entropy_loss,182272,-25.567102432250977
PPO_1,train/entropy_loss,184320,-25.581443786621094
PPO_1,train/entropy_loss,186368,-25.623287200927734
PPO_1,train/entropy_loss,188416,-25.674514770507812
PPO_1,train/entropy_loss,190464,-25.721139907836914
PPO_1,train/entropy_loss,192512,-25.76193618774414
PPO_1,train/entropy_loss,194560,-25.83601951599121
PPO_1,train/entropy_loss,196608,-25.877761840820312
PPO_1,train/entropy_loss,198656,-25.92490577697754
PPO_1,train/entropy_loss,200704,-25.9764461517334
PPO_1,train/entropy_loss,202752,-26.008724212646484
PPO_1,train/entropy_loss,204800,-26.076251983642578
PPO_1,train/entropy_loss,206848,-26.150346755981445
PPO_1,train/entropy_loss,208896,-26.209041595458984
PPO_1,train/entropy_loss,210944,-26.21902084350586
PPO_1,train/entropy_loss,212992,-26.241567611694336
PPO_1,train/entropy_loss,215040,-26.287919998168945
PPO_1,train/entropy_loss,217088,-26.33876609802246
PPO_1,train/entropy_loss,219136,-26.402883529663086
PPO_1,train/entropy_loss,221184,-26.4621639251709
PPO_1,train/entropy_loss,223232,-26.491613388061523
PPO_1,train/entropy_loss,225280,-26.525917053222656
PPO_1,train/entropy_loss,227328,-26.56553840637207
PPO_1,train/entropy_loss,229376,-26.596040725708008
PPO_1,train/entropy_loss,231424,-26.572776794433594
PPO_1,train/entropy_loss,233472,-26.56772232055664
PPO_1,train/entropy_loss,235520,-26.58329963684082
PPO_1,train/entropy_loss,237568,-26.609821319580078
PPO_1,train/entropy_loss,239616,-26.6544132232666
PPO_1,train/entropy_loss,241664,-26.710311889648438
PPO_1,train/entropy_loss,243712,-26.780784606933594
PPO_1,train/entropy_loss,245760,-26.82244300842285
PPO_1,train/entropy_loss,247808,-26.85344123840332
PPO_1,train/entropy_loss,249856,-26.889400482177734
PPO_1,train/entropy_loss,251904,-26.949825286865234
PPO_1,train/entropy_loss,253952,-27.017093658447266
PPO_1,train/entropy_loss,256000,-27.045866012573242
PPO_1,train/entropy_loss,258048,-27.069286346435547
PPO_1,train/entropy_loss,260096,-27.090314865112305
PPO_1,train/entropy_loss,262144,-27.099925994873047
PPO_1,train/entropy_loss,264192,-27.141767501831055
PPO_1,train/entropy_loss,266240,-27.209632873535156
PPO_1,train/entropy_loss,268288,-27.27074432373047
PPO_1,train/entropy_loss,270336,-27.334280014038086
PPO_1,train/entropy_loss,272384,-27.362056732177734
PPO_1,train/entropy_loss,274432,-27.382389068603516
PPO_1,train/entropy_loss,276480,-27.396480560302734
PPO_1,train/entropy_loss,278528,-27.418487548828125
PPO_1,train/entropy_loss,280576,-27.426366806030273
PPO_1,train/entropy_loss,282624,-27.44344139099121
PPO_1,train/entropy_loss,284672,-27.458168029785156
PPO_1,train/entropy_loss,286720,-27.47866439819336
PPO_1,train/entropy_loss,288768,-27.498106002807617
PPO_1,train/entropy_loss,290816,-27.520334243774414
PPO_1,train/entropy_loss,292864,-27.54140281677246
PPO_1,train/entropy_loss,294912,-27.58409309387207
PPO_1,train/entropy_loss,296960,-27.653759002685547
PPO_1,train/entropy_loss,299008,-27.70374870300293
PPO_1,train/entropy_loss,301056,-27.752180099487305
PPO_1,train/explained_variance,4096,-0.17142057418823242
PPO_1,train/explained_variance,6144,0.5479425191879272
PPO_1,train/explained_variance,8192,0.7789738774299622
PPO_1,train/explained_variance,10240,0.6390454769134521
PPO_1,train/explained_variance,12288,0.9376356601715088
PPO_1,train/explained_variance,14336,0.9500232338905334
PPO_1,train/explained_variance,16384,0.9578151702880859
PPO_1,train/explained_variance,18432,0.872496485710144
PPO_1,train/explained_variance,20480,0.9567322134971619
PPO_1,train/explained_variance,22528,0.9764705300331116
PPO_1,train/explained_variance,24576,0.9763861298561096
PPO_1,train/explained_variance,26624,0.9785865545272827
PPO_1,train/explained_variance,28672,0.9692862033843994
PPO_1,train/explained_variance,30720,0.8302654027938843
PPO_1,train/explained_variance,32768,0.9783423542976379
PPO_1,train/explained_variance,34816,0.9712037444114685
PPO_1,train/explained_variance,36864,0.971360445022583
PPO_1,train/explained_variance,38912,0.9323838353157043
PPO_1,train/explained_variance,40960,0.977025032043457
PPO_1,train/explained_variance,43008,0.9892268180847168
PPO_1,train/explained_variance,45056,0.9883700609207153
PPO_1,train/explained_variance,47104,0.9781633615493774
PPO_1,train/explained_variance,49152,0.9825000166893005
PPO_1,train/explained_variance,51200,0.795962929725647
PPO_1,train/explained_variance,53248,0.9876459836959839
PPO_1,train/explained_variance,55296,0.986487090587616
PPO_1,train/explained_variance,57344,0.9844183325767517
PPO_1,train/explained_variance,59392,0.9863966107368469
PPO_1,train/explained_variance,61440,0.9863110184669495
PPO_1,train/explained_variance,63488,0.9845464825630188
PPO_1,train/explained_variance,65536,0.9856857061386108
PPO_1,train/explained_variance,67584,0.9827584028244019
PPO_1,train/explained_variance,69632,0.9905601143836975
PPO_1,train/explained_variance,71680,0.9846326112747192
PPO_1,train/explained_variance,73728,0.9550521969795227
PPO_1,train/explained_variance,75776,0.6131987571716309
PPO_1,train/explained_variance,77824,0.984003484249115
PPO_1,train/explained_variance,79872,0.9898990392684937
PPO_1,train/explained_variance,81920,0.9839637279510498
PPO_1,train/explained_variance,83968,0.9889947175979614
PPO_1,train/explained_variance,86016,0.9912232756614685
PPO_1,train/explained_variance,88064,0.9795203804969788
PPO_1,train/explained_variance,90112,0.9687855839729309
PPO_1,train/explained_variance,92160,0.984977126121521
PPO_1,train/explained_variance,94208,0.641287088394165
PPO_1,train/explained_variance,96256,0.9907733201980591
PPO_1,train/explained_variance,98304,0.9811330437660217
PPO_1,train/explained_variance,100352,0.989624559879303
PPO_1,train/explained_variance,102400,0.8409966230392456
PPO_1,train/explained_variance,104448,0.9879462718963623
PPO_1,train/explained_variance,106496,0.9854145050048828
PPO_1,train/explained_variance,108544,0.9801344871520996
PPO_1,train/explained_variance,110592,0.9842831492424011
PPO_1,train/explained_variance,112640,0.9913965463638306
PPO_1,train/explained_variance,114688,0.985273003578186
PPO_1,train/explained_variance,116736,0.9902588129043579
PPO_1,train/explained_variance,118784,0.9912276864051819
PPO_1,train/explained_variance,120832,0.9871460795402527
PPO_1,train/explained_variance,122880,0.9888914227485657
PPO_1,train/explained_variance,124928,0.8227399587631226
PPO_1,train/explained_variance,126976,0.9890992641448975
PPO_1,train/explained_variance,129024,0.9938304424285889
PPO_1,train/explained_variance,131072,0.9530296325683594
PPO_1,train/explained_variance,133120,0.9942450523376465
PPO_1,train/explained_variance,135168,0.023211956024169922
PPO_1,train/explained_variance,137216,0.9867866635322571
PPO_1,train/explained_variance,139264,0.9884689450263977
PPO_1,train/explained_variance,141312,0.9875506162643433
PPO_1,train/explained_variance,143360,0.9901039004325867
PPO_1,train/explained_variance,145408,0.9898671507835388
PPO_1,train/explained_variance,147456,0.9921625256538391
PPO_1,train/explained_variance,149504,0.9906052350997925
PPO_1,train/explained_variance,151552,0.9895768761634827
PPO_1,train/explained_variance,153600,0.9909921288490295
PPO_1,train/explained_variance,155648,0.9900719523429871
PPO_1,train/explained_variance,157696,0.9904348254203796
PPO_1,train/explained_variance,159744,0.9943057894706726
PPO_1,train/explained_variance,161792,0.9833435416221619
PPO_1,train/explained_variance,163840,0.9926396608352661
PPO_1,train/explained_variance,165888,-0.601256251335144
PPO_1,train/explained_variance,167936,0.5823044776916504
PPO_1,train/explained_variance,169984,0.9933874011039734
PPO_1,train/explained_variance,172032,0.9864928722381592
PPO_1,train/explained_variance,174080,0.996325671672821
PPO_1,train/explained_variance,176128,0.9937000870704651
PPO_1,train/explained_variance,178176,0.9823700189590454
PPO_1,train/explained_variance,180224,0.9819559454917908
PPO_1,train/explained_variance,182272,0.9934728741645813
PPO_1,train/explained_variance,184320,0.9930033683776855
PPO_1,train/explained_variance,186368,-0.10953426361083984
PPO_1,train/explained_variance,188416,0.9897605180740356
PPO_1,train/explained_variance,190464,0.9929672479629517
PPO_1,train/explained_variance,192512,0.9924366474151611
PPO_1,train/explained_variance,194560,0.9894288778305054
PPO_1,train/explained_variance,196608,0.9941713809967041
PPO_1,train/explained_variance,198656,0.9900224804878235
PPO_1,train/explained_variance,200704,0.9962192177772522
PPO_1,train/explained_variance,202752,0.9739182591438293
PPO_1,train/explained_variance,204800,0.994404137134552
PPO_1,train/explained_variance,206848,0.9270315170288086
PPO_1,train/explained_variance,208896,0.986940324306488
PPO_1,train/explained_variance,210944,0.9934518337249756
PPO_1,train/explained_variance,212992,0.9909089803695679
PPO_1,train/explained_variance,215040,0.9904034733772278
PPO_1,train/explained_variance,217088,0.9820839166641235
PPO_1,train/explained_variance,219136,0.9928355813026428
PPO_1,train/explained_variance,221184,0.994221031665802
PPO_1,train/explained_variance,223232,0.9831249117851257
PPO_1,train/explained_variance,225280,0.9909441471099854
PPO_1,train/explained_variance,227328,0.973784327507019
PPO_1,train/explained_variance,229376,0.9934642314910889
PPO_1,train/explained_variance,231424,0.971691906452179
PPO_1,train/explained_variance,233472,0.6499742269515991
PPO_1,train/explained_variance,235520,0.9892765283584595
PPO_1,train/explained_variance,237568,0.9825689792633057
PPO_1,train/explained_variance,239616,0.9924457669258118
PPO_1,train/explained_variance,241664,0.6762534976005554
PPO_1,train/explained_variance,243712,0.9838181734085083
PPO_1,train/explained_variance,245760,0.9865840673446655
PPO_1,train/explained_variance,247808,0.7661232948303223
PPO_1,train/explained_variance,249856,0.9698472023010254
PPO_1,train/explained_variance,251904,0.9843352437019348
PPO_1,train/explained_variance,253952,0.9931026101112366
PPO_1,train/explained_variance,256000,0.6371382474899292
PPO_1,train/explained_variance,258048,0.6911205053329468
PPO_1,train/explained_variance,260096,0.9878613948822021
PPO_1,train/explained_variance,262144,0.9934991598129272
PPO_1,train/explained_variance,264192,0.9829646348953247
PPO_1,train/explained_variance,266240,0.9953183531761169
PPO_1,train/explained_variance,268288,0.9975839853286743
PPO_1,train/explained_variance,270336,0.9962904453277588
PPO_1,train/explained_variance,272384,0.9895938038825989
PPO_1,train/explained_variance,274432,0.986833393573761
PPO_1,train/explained_variance,276480,0.9807828664779663
PPO_1,train/explained_variance,278528,0.9784125089645386
PPO_1,train/explained_variance,280576,0.9819251298904419
PPO_1,train/explained_variance,282624,0.9932985305786133
PPO_1,train/explained_variance,284672,0.9967795610427856
PPO_1,train/explained_variance,286720,0.8207170367240906
PPO_1,train/explained_variance,288768,0.9939970970153809
PPO_1,train/explained_variance,290816,0.990837037563324
PPO_1,train/explained_variance,292864,0.9951809644699097
PPO_1,train/explained_variance,294912,0.954703152179718
PPO_1,train/explained_variance,296960,0.9929684996604919
PPO_1,train/explained_variance,299008,0.9957980513572693
PPO_1,train/explained_variance,301056,0.9960628151893616
PPO_1,train/learning_rate,4096,0.0003000000142492354
PPO_1,train/learning_rate,6144,0.0003000000142492354
PPO_1,train/learning_rate,8192,0.0003000000142492354
PPO_1,train/learning_rate,10240,0.0003000000142492354
PPO_1,train/learning_rate,12288,0.0003000000142492354
PPO_1,train/learning_rate,14336,0.0003000000142492354
PPO_1,train/learning_rate,16384,0.0003000000142492354
PPO_1,train/learning_rate,18432,0.0003000000142492354
PPO_1,train/learning_rate,20480,0.0003000000142492354
PPO_1,train/learning_rate,22528,0.0003000000142492354
PPO_1,train/learning_rate,24576,0.0003000000142492354
PPO_1,train/learning_rate,26624,0.0003000000142492354
PPO_1,train/learning_rate,28672,0.0003000000142492354
PPO_1,train/learning_rate,30720,0.0003000000142492354
PPO_1,train/learning_rate,32768,0.0003000000142492354
PPO_1,train/learning_rate,34816,0.0003000000142492354
PPO_1,train/learning_rate,36864,0.0003000000142492354
PPO_1,train/learning_rate,38912,0.0003000000142492354
PPO_1,train/learning_rate,40960,0.0003000000142492354
PPO_1,train/learning_rate,43008,0.0003000000142492354
PPO_1,train/learning_rate,45056,0.0003000000142492354
PPO_1,train/learning_rate,47104,0.0003000000142492354
PPO_1,train/learning_rate,49152,0.0003000000142492354
PPO_1,train/learning_rate,51200,0.0003000000142492354
PPO_1,train/learning_rate,53248,0.0003000000142492354
PPO_1,train/learning_rate,55296,0.0003000000142492354
PPO_1,train/learning_rate,57344,0.0003000000142492354
PPO_1,train/learning_rate,59392,0.0003000000142492354
PPO_1,train/learning_rate,61440,0.0003000000142492354
PPO_1,train/learning_rate,63488,0.0003000000142492354
PPO_1,train/learning_rate,65536,0.0003000000142492354
PPO_1,train/learning_rate,67584,0.0003000000142492354
PPO_1,train/learning_rate,69632,0.0003000000142492354
PPO_1,train/learning_rate,71680,0.0003000000142492354
PPO_1,train/learning_rate,73728,0.0003000000142492354
PPO_1,train/learning_rate,75776,0.0003000000142492354
PPO_1,train/learning_rate,77824,0.0003000000142492354
PPO_1,train/learning_rate,79872,0.0003000000142492354
PPO_1,train/learning_rate,81920,0.0003000000142492354
PPO_1,train/learning_rate,83968,0.0003000000142492354
PPO_1,train/learning_rate,86016,0.0003000000142492354
PPO_1,train/learning_rate,88064,0.0003000000142492354
PPO_1,train/learning_rate,90112,0.0003000000142492354
PPO_1,train/learning_rate,92160,0.0003000000142492354
PPO_1,train/learning_rate,94208,0.0003000000142492354
PPO_1,train/learning_rate,96256,0.0003000000142492354
PPO_1,train/learning_rate,98304,0.0003000000142492354
PPO_1,train/learning_rate,100352,0.0003000000142492354
PPO_1,train/learning_rate,102400,0.0003000000142492354
PPO_1,train/learning_rate,104448,0.0003000000142492354
PPO_1,train/learning_rate,106496,0.0003000000142492354
PPO_1,train/learning_rate,108544,0.0003000000142492354
PPO_1,train/learning_rate,110592,0.0003000000142492354
PPO_1,train/learning_rate,112640,0.0003000000142492354
PPO_1,train/learning_rate,114688,0.0003000000142492354
PPO_1,train/learning_rate,116736,0.0003000000142492354
PPO_1,train/learning_rate,118784,0.0003000000142492354
PPO_1,train/learning_rate,120832,0.0003000000142492354
PPO_1,train/learning_rate,122880,0.0003000000142492354
PPO_1,train/learning_rate,124928,0.0003000000142492354
PPO_1,train/learning_rate,126976,0.0003000000142492354
PPO_1,train/learning_rate,129024,0.0003000000142492354
PPO_1,train/learning_rate,131072,0.0003000000142492354
PPO_1,train/learning_rate,133120,0.0003000000142492354
PPO_1,train/learning_rate,135168,0.0003000000142492354
PPO_1,train/learning_rate,137216,0.0003000000142492354
PPO_1,train/learning_rate,139264,0.0003000000142492354
PPO_1,train/learning_rate,141312,0.0003000000142492354
PPO_1,train/learning_rate,143360,0.0003000000142492354
PPO_1,train/learning_rate,145408,0.0003000000142492354
PPO_1,train/learning_rate,147456,0.0003000000142492354
PPO_1,train/learning_rate,149504,0.0003000000142492354
PPO_1,train/learning_rate,151552,0.0003000000142492354
PPO_1,train/learning_rate,153600,0.0003000000142492354
PPO_1,train/learning_rate,155648,0.0003000000142492354
PPO_1,train/learning_rate,157696,0.0003000000142492354
PPO_1,train/learning_rate,159744,0.0003000000142492354
PPO_1,train/learning_rate,161792,0.0003000000142492354
PPO_1,train/learning_rate,163840,0.0003000000142492354
PPO_1,train/learning_rate,165888,0.0003000000142492354
PPO_1,train/learning_rate,167936,0.0003000000142492354
PPO_1,train/learning_rate,169984,0.0003000000142492354
PPO_1,train/learning_rate,172032,0.0003000000142492354
PPO_1,train/learning_rate,174080,0.0003000000142492354
PPO_1,train/learning_rate,176128,0.0003000000142492354
PPO_1,train/learning_rate,178176,0.0003000000142492354
PPO_1,train/learning_rate,180224,0.0003000000142492354
PPO_1,train/learning_rate,182272,0.0003000000142492354
PPO_1,train/learning_rate,184320,0.0003000000142492354
PPO_1,train/learning_rate,186368,0.0003000000142492354
PPO_1,train/learning_rate,188416,0.0003000000142492354
PPO_1,train/learning_rate,190464,0.0003000000142492354
PPO_1,train/learning_rate,192512,0.0003000000142492354
PPO_1,train/learning_rate,194560,0.0003000000142492354
PPO_1,train/learning_rate,196608,0.0003000000142492354
PPO_1,train/learning_rate,198656,0.0003000000142492354
PPO_1,train/learning_rate,200704,0.0003000000142492354
PPO_1,train/learning_rate,202752,0.0003000000142492354
PPO_1,train/learning_rate,204800,0.0003000000142492354
PPO_1,train/learning_rate,206848,0.0003000000142492354
PPO_1,train/learning_rate,208896,0.0003000000142492354
PPO_1,train/learning_rate,210944,0.0003000000142492354
PPO_1,train/learning_rate,212992,0.0003000000142492354
PPO_1,train/learning_rate,215040,0.0003000000142492354
PPO_1,train/learning_rate,217088,0.0003000000142492354
PPO_1,train/learning_rate,219136,0.0003000000142492354
PPO_1,train/learning_rate,221184,0.0003000000142492354
PPO_1,train/learning_rate,223232,0.0003000000142492354
PPO_1,train/learning_rate,225280,0.0003000000142492354
PPO_1,train/learning_rate,227328,0.0003000000142492354
PPO_1,train/learning_rate,229376,0.0003000000142492354
PPO_1,train/learning_rate,231424,0.0003000000142492354
PPO_1,train/learning_rate,233472,0.0003000000142492354
PPO_1,train/learning_rate,235520,0.0003000000142492354
PPO_1,train/learning_rate,237568,0.0003000000142492354
PPO_1,train/learning_rate,239616,0.0003000000142492354
PPO_1,train/learning_rate,241664,0.0003000000142492354
PPO_1,train/learning_rate,243712,0.0003000000142492354
PPO_1,train/learning_rate,245760,0.0003000000142492354
PPO_1,train/learning_rate,247808,0.0003000000142492354
PPO_1,train/learning_rate,249856,0.0003000000142492354
PPO_1,train/learning_rate,251904,0.0003000000142492354
PPO_1,train/learning_rate,253952,0.0003000000142492354
PPO_1,train/learning_rate,256000,0.0003000000142492354
PPO_1,train/learning_rate,258048,0.0003000000142492354
PPO_1,train/learning_rate,260096,0.0003000000142492354
PPO_1,train/learning_rate,262144,0.0003000000142492354
PPO_1,train/learning_rate,264192,0.0003000000142492354
PPO_1,train/learning_rate,266240,0.0003000000142492354
PPO_1,train/learning_rate,268288,0.0003000000142492354
PPO_1,train/learning_rate,270336,0.0003000000142492354
PPO_1,train/learning_rate,272384,0.0003000000142492354
PPO_1,train/learning_rate,274432,0.0003000000142492354
PPO_1,train/learning_rate,276480,0.0003000000142492354
PPO_1,train/learning_rate,278528,0.0003000000142492354
PPO_1,train/learning_rate,280576,0.0003000000142492354
PPO_1,train/learning_rate,282624,0.0003000000142492354
PPO_1,train/learning_rate,284672,0.0003000000142492354
PPO_1,train/learning_rate,286720,0.0003000000142492354
PPO_1,train/learning_rate,288768,0.0003000000142492354
PPO_1,train/learning_rate,290816,0.0003000000142492354
PPO_1,train/learning_rate,292864,0.0003000000142492354
PPO_1,train/learning_rate,294912,0.0003000000142492354
PPO_1,train/learning_rate,296960,0.0003000000142492354
PPO_1,train/learning_rate,299008,0.0003000000142492354
PPO_1,train/learning_rate,301056,0.0003000000142492354
PPO_1,train/loss,4096,-0.2275886833667755
PPO_1,train/loss,6144,-0.268978089094162
PPO_1,train/loss,8192,-0.26771801710128784
PPO_1,train/loss,10240,-0.28187295794487
PPO_1,train/loss,12288,-0.2825748026371002
PPO_1,train/loss,14336,-0.2736678719520569
PPO_1,train/loss,16384,-0.2821027934551239
PPO_1,train/loss,18432,-0.2908902168273926
PPO_1,train/loss,20480,-0.27625367045402527
PPO_1,train/loss,22528,-0.2827032208442688
PPO_1,train/loss,24576,-0.25268861651420593
PPO_1,train/loss,26624,-0.3026072680950165
PPO_1,train/loss,28672,-0.2848587930202484
PPO_1,train/loss,30720,-0.28057539463043213
PPO_1,train/loss,32768,-0.2984013557434082
PPO_1,train/loss,34816,-0.29364076256752014
PPO_1,train/loss,36864,-0.28059548139572144
PPO_1,train/loss,38912,-0.2862234115600586
PPO_1,train/loss,40960,-0.2798795700073242
PPO_1,train/loss,43008,-0.28878623247146606
PPO_1,train/loss,45056,-0.2937942147254944
PPO_1,train/loss,47104,-0.29050490260124207
PPO_1,train/loss,49152,-0.28093618154525757
PPO_1,train/loss,51200,-0.30236536264419556
PPO_1,train/loss,53248,-0.2928566634654999
PPO_1,train/loss,55296,-0.2543783485889435
PPO_1,train/loss,57344,-0.25516781210899353
PPO_1,train/loss,59392,-0.2656961679458618
PPO_1,train/loss,61440,-0.2920197546482086
PPO_1,train/loss,63488,-0.267751544713974
PPO_1,train/loss,65536,-0.27935555577278137
PPO_1,train/loss,67584,-0.28227996826171875
PPO_1,train/loss,69632,-0.29088374972343445
PPO_1,train/loss,71680,-0.27847668528556824
PPO_1,train/loss,73728,-0.2855146527290344
PPO_1,train/loss,75776,-0.29482680559158325
PPO_1,train/loss,77824,-0.27767306566238403
PPO_1,train/loss,79872,-0.2931075692176819
PPO_1,train/loss,81920,-0.2830502688884735
PPO_1,train/loss,83968,-0.29111725091934204
PPO_1,train/loss,86016,-0.28653380274772644
PPO_1,train/loss,88064,-0.2944006621837616
PPO_1,train/loss,90112,-0.3013690412044525
PPO_1,train/loss,92160,-0.28699424862861633
PPO_1,train/loss,94208,-0.28852948546409607
PPO_1,train/loss,96256,-0.2994246780872345
PPO_1,train/loss,98304,-0.27673473954200745
PPO_1,train/loss,100352,-0.31244611740112305
PPO_1,train/loss,102400,-0.3110852837562561
PPO_1,train/loss,104448,-0.2975601851940155
PPO_1,train/loss,106496,-0.29195886850357056
PPO_1,train/loss,108544,-0.29803305864334106
PPO_1,train/loss,110592,-0.2746920585632324
PPO_1,train/loss,112640,-0.2906631827354431
PPO_1,train/loss,114688,-0.2907690703868866
PPO_1,train/loss,116736,-0.2965700030326843
PPO_1,train/loss,118784,-0.2864801287651062
PPO_1,train/loss,120832,-0.27224794030189514
PPO_1,train/loss,122880,-0.28103262186050415
PPO_1,train/loss,124928,-0.2815244793891907
PPO_1,train/loss,126976,-0.2948342561721802
PPO_1,train/loss,129024,-0.27183884382247925
PPO_1,train/loss,131072,-0.3079970180988312
PPO_1,train/loss,133120,-0.2908147871494293
PPO_1,train/loss,135168,-0.29880252480506897
PPO_1,train/loss,137216,-0.29990434646606445
PPO_1,train/loss,139264,-0.31661924719810486
PPO_1,train/loss,141312,-0.272048681974411
PPO_1,train/loss,143360,-0.3020239472389221
PPO_1,train/loss,145408,-0.26853281259536743
PPO_1,train/loss,147456,-0.28939151763916016
PPO_1,train/loss,149504,-0.30904680490493774
PPO_1,train/loss,151552,-0.309192031621933
PPO_1,train/loss,153600,-0.2923738360404968
PPO_1,train/loss,155648,-0.3104705512523651
PPO_1,train/loss,157696,-0.2911074757575989
PPO_1,train/loss,159744,-0.31146347522735596
PPO_1,train/loss,161792,-0.3144676983356476
PPO_1,train/loss,163840,-0.31459346413612366
PPO_1,train/loss,165888,-0.3092025816440582
PPO_1,train/loss,167936,-0.32354316115379333
PPO_1,train/loss,169984,-0.3071034252643585
PPO_1,train/loss,172032,-0.305273175239563
PPO_1,train/loss,174080,-0.32447221875190735
PPO_1,train/loss,176128,-0.273281991481781
PPO_1,train/loss,178176,-0.3129066824913025
PPO_1,train/loss,180224,-0.29247814416885376
PPO_1,train/loss,182272,-0.29114529490470886
PPO_1,train/loss,184320,-0.30934327840805054
PPO_1,train/loss,186368,-0.30937132239341736
PPO_1,train/loss,188416,-0.29827171564102173
PPO_1,train/loss,190464,-0.30777105689048767
PPO_1,train/loss,192512,-0.3046046495437622
PPO_1,train/loss,194560,-0.29320353269577026
PPO_1,train/loss,196608,-0.2934161424636841
PPO_1,train/loss,198656,-0.30537793040275574
PPO_1,train/loss,200704,-0.3164505362510681
PPO_1,train/loss,202752,-0.3061985969543457
PPO_1,train/loss,204800,-0.2995101809501648
PPO_1,train/loss,206848,-0.2917449474334717
PPO_1,train/loss,208896,-0.30679619312286377
PPO_1,train/loss,210944,-0.32966774702072144
PPO_1,train/loss,212992,-0.3400484621524811
PPO_1,train/loss,215040,-0.31690317392349243
PPO_1,train/loss,217088,-0.32607951760292053
PPO_1,train/loss,219136,-0.30630266666412354
PPO_1,train/loss,221184,-0.2972276508808136
PPO_1,train/loss,223232,-0.3062824606895447
PPO_1,train/loss,225280,-0.2820936441421509
PPO_1,train/loss,227328,-0.2907230257987976
PPO_1,train/loss,229376,-0.3284207582473755
PPO_1,train/loss,231424,-0.3163481652736664
PPO_1,train/loss,233472,-0.31373274326324463
PPO_1,train/loss,235520,-0.32072713971138
PPO_1,train/loss,237568,-0.3280901312828064
PPO_1,train/loss,239616,-0.3198206424713135
PPO_1,train/loss,241664,-0.3069893419742584
PPO_1,train/loss,243712,-0.29934006929397583
PPO_1,train/loss,245760,-0.314761221408844
PPO_1,train/loss,247808,-0.3326406478881836
PPO_1,train/loss,249856,-0.31545689702033997
PPO_1,train/loss,251904,-0.29040446877479553
PPO_1,train/loss,253952,-0.3157082796096802
PPO_1,train/loss,256000,-0.31299835443496704
PPO_1,train/loss,258048,-0.3110090494155884
PPO_1,train/loss,260096,-0.3228990435600281
PPO_1,train/loss,262144,-0.30651727318763733
PPO_1,train/loss,264192,-0.33098721504211426
PPO_1,train/loss,266240,-0.2922656536102295
PPO_1,train/loss,268288,-0.33520743250846863
PPO_1,train/loss,270336,-0.3231711685657501
PPO_1,train/loss,272384,-0.31422528624534607
PPO_1,train/loss,274432,-0.33542904257774353
PPO_1,train/loss,276480,-0.31000542640686035
PPO_1,train/loss,278528,-0.33654356002807617
PPO_1,train/loss,280576,-0.32098323106765747
PPO_1,train/loss,282624,-0.327593058347702
PPO_1,train/loss,284672,-0.3414088487625122
PPO_1,train/loss,286720,-0.30959320068359375
PPO_1,train/loss,288768,-0.3362385332584381
PPO_1,train/loss,290816,-0.343343585729599
PPO_1,train/loss,292864,-0.32387471199035645
PPO_1,train/loss,294912,-0.3209463357925415
PPO_1,train/loss,296960,-0.33623650670051575
PPO_1,train/loss,299008,-0.30921390652656555
PPO_1,train/loss,301056,-0.329252153635025
PPO_1,train/policy_gradient_loss,4096,-0.03379084914922714
PPO_1,train/policy_gradient_loss,6144,-0.03561372309923172
PPO_1,train/policy_gradient_loss,8192,-0.03509436547756195
PPO_1,train/policy_gradient_loss,10240,-0.03576566278934479
PPO_1,train/policy_gradient_loss,12288,-0.038996875286102295
PPO_1,train/policy_gradient_loss,14336,-0.04010280966758728
PPO_1,train/policy_gradient_loss,16384,-0.0409197174012661
PPO_1,train/policy_gradient_loss,18432,-0.03860026225447655
PPO_1,train/policy_gradient_loss,20480,-0.03830258548259735
PPO_1,train/policy_gradient_loss,22528,-0.03808506578207016
PPO_1,train/policy_gradient_loss,24576,-0.03635938838124275
PPO_1,train/policy_gradient_loss,26624,-0.039561353623867035
PPO_1,train/policy_gradient_loss,28672,-0.03900938108563423
PPO_1,train/policy_gradient_loss,30720,-0.03887753188610077
PPO_1,train/policy_gradient_loss,32768,-0.03925466910004616
PPO_1,train/policy_gradient_loss,34816,-0.036850109696388245
PPO_1,train/policy_gradient_loss,36864,-0.038320545107126236
PPO_1,train/policy_gradient_loss,38912,-0.040193110704422
PPO_1,train/policy_gradient_loss,40960,-0.03531336039304733
PPO_1,train/policy_gradient_loss,43008,-0.038634926080703735
PPO_1,train/policy_gradient_loss,45056,-0.03632171452045441
PPO_1,train/policy_gradient_loss,47104,-0.03648485988378525
PPO_1,train/policy_gradient_loss,49152,-0.03592061251401901
PPO_1,train/policy_gradient_loss,51200,-0.04144231975078583
PPO_1,train/policy_gradient_loss,53248,-0.03756136819720268
PPO_1,train/policy_gradient_loss,55296,-0.03449038043618202
PPO_1,train/policy_gradient_loss,57344,-0.03640371188521385
PPO_1,train/policy_gradient_loss,59392,-0.03390216454863548
PPO_1,train/policy_gradient_loss,61440,-0.03820095583796501
PPO_1,train/policy_gradient_loss,63488,-0.03663301840424538
PPO_1,train/policy_gradient_loss,65536,-0.03178710862994194
PPO_1,train/policy_gradient_loss,67584,-0.038686297833919525
PPO_1,train/policy_gradient_loss,69632,-0.03581377863883972
PPO_1,train/policy_gradient_loss,71680,-0.04001511633396149
PPO_1,train/policy_gradient_loss,73728,-0.03218508139252663
PPO_1,train/policy_gradient_loss,75776,-0.038764581084251404
PPO_1,train/policy_gradient_loss,77824,-0.03844223544001579
PPO_1,train/policy_gradient_loss,79872,-0.034758660942316055
PPO_1,train/policy_gradient_loss,81920,-0.03295661509037018
PPO_1,train/policy_gradient_loss,83968,-0.037335023283958435
PPO_1,train/policy_gradient_loss,86016,-0.03687996417284012
PPO_1,train/policy_gradient_loss,88064,-0.033177852630615234
PPO_1,train/policy_gradient_loss,90112,-0.03538132458925247
PPO_1,train/policy_gradient_loss,92160,-0.03833778202533722
PPO_1,train/policy_gradient_loss,94208,-0.03271053358912468
PPO_1,train/policy_gradient_loss,96256,-0.03757909685373306
PPO_1,train/policy_gradient_loss,98304,-0.031166240572929382
PPO_1,train/policy_gradient_loss,100352,-0.03702394664287567
PPO_1,train/policy_gradient_loss,102400,-0.041459571570158005
PPO_1,train/policy_gradient_loss,104448,-0.03641935810446739
PPO_1,train/policy_gradient_loss,106496,-0.03286253660917282
PPO_1,train/policy_gradient_loss,108544,-0.035827383399009705
PPO_1,train/policy_gradient_loss,110592,-0.036416102200746536
PPO_1,train/policy_gradient_loss,112640,-0.03089209273457527
PPO_1,train/policy_gradient_loss,114688,-0.0376693457365036
PPO_1,train/policy_gradient_loss,116736,-0.030180100351572037
PPO_1,train/policy_gradient_loss,118784,-0.03127087652683258
PPO_1,train/policy_gradient_loss,120832,-0.03233807161450386
PPO_1,train/policy_gradient_loss,122880,-0.03686242550611496
PPO_1,train/policy_gradient_loss,124928,-0.033794570714235306
PPO_1,train/policy_gradient_loss,126976,-0.03710596263408661
PPO_1,train/policy_gradient_loss,129024,-0.03474199026823044
PPO_1,train/policy_gradient_loss,131072,-0.03190191835165024
PPO_1,train/policy_gradient_loss,133120,-0.03480813279747963
PPO_1,train/policy_gradient_loss,135168,-0.03133317828178406
PPO_1,train/policy_gradient_loss,137216,-0.03261914476752281
PPO_1,train/policy_gradient_loss,139264,-0.04008503630757332
PPO_1,train/policy_gradient_loss,141312,-0.038620851933956146
PPO_1,train/policy_gradient_loss,143360,-0.03820180147886276
PPO_1,train/policy_gradient_loss,145408,-0.036346837878227234
PPO_1,train/policy_gradient_loss,147456,-0.03870260342955589
PPO_1,train/policy_gradient_loss,149504,-0.040900811553001404
PPO_1,train/policy_gradient_loss,151552,-0.037247586995363235
PPO_1,train/policy_gradient_loss,153600,-0.034111492335796356
PPO_1,train/policy_gradient_loss,155648,-0.040041692554950714
PPO_1,train/policy_gradient_loss,157696,-0.03615577891469002
PPO_1,train/policy_gradient_loss,159744,-0.036008358001708984
PPO_1,train/policy_gradient_loss,161792,-0.032914694398641586
PPO_1,train/policy_gradient_loss,163840,-0.04135453328490257
PPO_1,train/policy_gradient_loss,165888,-0.03223782405257225
PPO_1,train/policy_gradient_loss,167936,-0.04257853701710701
PPO_1,train/policy_gradient_loss,169984,-0.03409513831138611
PPO_1,train/policy_gradient_loss,172032,-0.030366582795977592
PPO_1,train/policy_gradient_loss,174080,-0.03747367113828659
PPO_1,train/policy_gradient_loss,176128,-0.03437989577651024
PPO_1,train/policy_gradient_loss,178176,-0.03189101442694664
PPO_1,train/policy_gradient_loss,180224,-0.03301279619336128
PPO_1,train/policy_gradient_loss,182272,-0.03901119530200958
PPO_1,train/policy_gradient_loss,184320,-0.03300799801945686
PPO_1,train/policy_gradient_loss,186368,-0.037881284952163696
PPO_1,train/policy_gradient_loss,188416,-0.034894149750471115
PPO_1,train/policy_gradient_loss,190464,-0.037480030208826065
PPO_1,train/policy_gradient_loss,192512,-0.034912075847387314
PPO_1,train/policy_gradient_loss,194560,-0.037065282464027405
PPO_1,train/policy_gradient_loss,196608,-0.030329931527376175
PPO_1,train/policy_gradient_loss,198656,-0.02895023114979267
PPO_1,train/policy_gradient_loss,200704,-0.03248408064246178
PPO_1,train/policy_gradient_loss,202752,-0.032398469746112823
PPO_1,train/policy_gradient_loss,204800,-0.037510838359594345
PPO_1,train/policy_gradient_loss,206848,-0.02343118190765381
PPO_1,train/policy_gradient_loss,208896,-0.03974076732993126
PPO_1,train/policy_gradient_loss,210944,-0.03784320503473282
PPO_1,train/policy_gradient_loss,212992,-0.03880047798156738
PPO_1,train/policy_gradient_loss,215040,-0.034633565694093704
PPO_1,train/policy_gradient_loss,217088,-0.036534737795591354
PPO_1,train/policy_gradient_loss,219136,-0.038470473140478134
PPO_1,train/policy_gradient_loss,221184,-0.03303670138120651
PPO_1,train/policy_gradient_loss,223232,-0.03738628327846527
PPO_1,train/policy_gradient_loss,225280,-0.03665824979543686
PPO_1,train/policy_gradient_loss,227328,-0.032137371599674225
PPO_1,train/policy_gradient_loss,229376,-0.037911854684352875
PPO_1,train/policy_gradient_loss,231424,-0.03589736297726631
PPO_1,train/policy_gradient_loss,233472,-0.03405647724866867
PPO_1,train/policy_gradient_loss,235520,-0.03842073306441307
PPO_1,train/policy_gradient_loss,237568,-0.03862267732620239
PPO_1,train/policy_gradient_loss,239616,-0.0364033468067646
PPO_1,train/policy_gradient_loss,241664,-0.03105519898235798
PPO_1,train/policy_gradient_loss,243712,-0.029748648405075073
PPO_1,train/policy_gradient_loss,245760,-0.033676762133836746
PPO_1,train/policy_gradient_loss,247808,-0.037542376667261124
PPO_1,train/policy_gradient_loss,249856,-0.03589325398206711
PPO_1,train/policy_gradient_loss,251904,-0.02494768053293228
PPO_1,train/policy_gradient_loss,253952,-0.03107399493455887
PPO_1,train/policy_gradient_loss,256000,-0.03484995663166046
PPO_1,train/policy_gradient_loss,258048,-0.03485984727740288
PPO_1,train/policy_gradient_loss,260096,-0.034560948610305786
PPO_1,train/policy_gradient_loss,262144,-0.03158625587821007
PPO_1,train/policy_gradient_loss,264192,-0.0383741557598114
PPO_1,train/policy_gradient_loss,266240,-0.035113006830215454
PPO_1,train/policy_gradient_loss,268288,-0.034137625247240067
PPO_1,train/policy_gradient_loss,270336,-0.03374915570020676
PPO_1,train/policy_gradient_loss,272384,-0.02653292566537857
PPO_1,train/policy_gradient_loss,274432,-0.03955303877592087
PPO_1,train/policy_gradient_loss,276480,-0.028426388278603554
PPO_1,train/policy_gradient_loss,278528,-0.03965781256556511
PPO_1,train/policy_gradient_loss,280576,-0.03596288338303566
PPO_1,train/policy_gradient_loss,282624,-0.045165568590164185
PPO_1,train/policy_gradient_loss,284672,-0.04314610734581947
PPO_1,train/policy_gradient_loss,286720,-0.02554607391357422
PPO_1,train/policy_gradient_loss,288768,-0.032649409025907516
PPO_1,train/policy_gradient_loss,290816,-0.042604442685842514
PPO_1,train/policy_gradient_loss,292864,-0.034226033836603165
PPO_1,train/policy_gradient_loss,294912,-0.03011113964021206
PPO_1,train/policy_gradient_loss,296960,-0.03595433384180069
PPO_1,train/policy_gradient_loss,299008,-0.032539550215005875
PPO_1,train/policy_gradient_loss,301056,-0.03382616490125656
PPO_1,train/std,4096,1.0013467073440552
PPO_1,train/std,6144,1.007257103919983
PPO_1,train/std,8192,1.0094764232635498
PPO_1,train/std,10240,1.0102566480636597
PPO_1,train/std,12288,1.0122461318969727
PPO_1,train/std,14336,1.0129629373550415
PPO_1,train/std,16384,1.0161021947860718
PPO_1,train/std,18432,1.0188589096069336
PPO_1,train/std,20480,1.0192484855651855
PPO_1,train/std,22528,1.02255117893219
PPO_1,train/std,24576,1.0253751277923584
PPO_1,train/std,26624,1.0289864540100098
PPO_1,train/std,28672,1.0306293964385986
PPO_1,train/std,30720,1.0297118425369263
PPO_1,train/std,32768,1.0323600769042969
PPO_1,train/std,34816,1.0364102125167847
PPO_1,train/std,36864,1.0373446941375732
PPO_1,train/std,38912,1.0379321575164795
PPO_1,train/std,40960,1.0385706424713135
PPO_1,train/std,43008,1.0399976968765259
PPO_1,train/std,45056,1.044651985168457
PPO_1,train/std,47104,1.0474345684051514
PPO_1,train/std,49152,1.0486174821853638
PPO_1,train/std,51200,1.0494991540908813
PPO_1,train/std,53248,1.0517174005508423
PPO_1,train/std,55296,1.0542010068893433
PPO_1,train/std,57344,1.0560784339904785
PPO_1,train/std,59392,1.0572880506515503
PPO_1,train/std,61440,1.0586214065551758
PPO_1,train/std,63488,1.0612354278564453
PPO_1,train/std,65536,1.0639920234680176
PPO_1,train/std,67584,1.06553053855896
PPO_1,train/std,69632,1.0680139064788818
PPO_1,train/std,71680,1.0697040557861328
PPO_1,train/std,73728,1.0734502077102661
PPO_1,train/std,75776,1.0745621919631958
PPO_1,train/std,77824,1.0779187679290771
PPO_1,train/std,79872,1.078866720199585
PPO_1,train/std,81920,1.0800920724868774
PPO_1,train/std,83968,1.0837730169296265
PPO_1,train/std,86016,1.0857017040252686
PPO_1,train/std,88064,1.0878735780715942
PPO_1,train/std,90112,1.0890311002731323
PPO_1,train/std,92160,1.0905834436416626
PPO_1,train/std,94208,1.093754768371582
PPO_1,train/std,96256,1.0965696573257446
PPO_1,train/std,98304,1.100641131401062
PPO_1,train/std,100352,1.1036027669906616
PPO_1,train/std,102400,1.105979323387146
PPO_1,train/std,104448,1.1093354225158691
PPO_1,train/std,106496,1.1131138801574707
PPO_1,train/std,108544,1.1139870882034302
PPO_1,train/std,110592,1.1141226291656494
PPO_1,train/std,112640,1.1178743839263916
PPO_1,train/std,114688,1.1209635734558105
PPO_1,train/std,116736,1.119933843612671
PPO_1,train/std,118784,1.1198704242706299
PPO_1,train/std,120832,1.119774580001831
PPO_1,train/std,122880,1.122675895690918
PPO_1,train/std,124928,1.1236097812652588
PPO_1,train/std,126976,1.1268755197525024
PPO_1,train/std,129024,1.1302859783172607
PPO_1,train/std,131072,1.1322681903839111
PPO_1,train/std,133120,1.136755347251892
PPO_1,train/std,135168,1.140662431716919
PPO_1,train/std,137216,1.1451531648635864
PPO_1,train/std,139264,1.1447925567626953
PPO_1,train/std,141312,1.1468042135238647
PPO_1,train/std,143360,1.1488763093948364
PPO_1,train/std,145408,1.151720404624939
PPO_1,train/std,147456,1.1562914848327637
PPO_1,train/std,149504,1.1580829620361328
PPO_1,train/std,151552,1.1615172624588013
PPO_1,train/std,153600,1.1636232137680054
PPO_1,train/std,155648,1.1691008806228638
PPO_1,train/std,157696,1.1693674325942993
PPO_1,train/std,159744,1.170367956161499
PPO_1,train/std,161792,1.1714564561843872
PPO_1,train/std,163840,1.1745657920837402
PPO_1,train/std,165888,1.1756553649902344
PPO_1,train/std,167936,1.1789484024047852
PPO_1,train/std,169984,1.1826263666152954
PPO_1,train/std,172032,1.1862919330596924
PPO_1,train/std,174080,1.1891920566558838
PPO_1,train/std,176128,1.192039966583252
PPO_1,train/std,178176,1.1928958892822266
PPO_1,train/std,180224,1.196211576461792
PPO_1,train/std,182272,1.1978387832641602
PPO_1,train/std,184320,1.1991956233978271
PPO_1,train/std,186368,1.2037482261657715
PPO_1,train/std,188416,1.207608938217163
PPO_1,train/std,190464,1.209775447845459
PPO_1,train/std,192512,1.214653491973877
PPO_1,train/std,194560,1.2196592092514038
PPO_1,train/std,196608,1.2217541933059692
PPO_1,train/std,198656,1.227328896522522
PPO_1,train/std,200704,1.230027198791504
PPO_1,train/std,202752,1.2333505153656006
PPO_1,train/std,204800,1.2395483255386353
PPO_1,train/std,206848,1.2452800273895264
PPO_1,train/std,208896,1.2472809553146362
PPO_1,train/std,210944,1.249157428741455
PPO_1,train/std,212992,1.2506775856018066
PPO_1,train/std,215040,1.255988597869873
PPO_1,train/std,217088,1.259145736694336
PPO_1,train/std,219136,1.2660925388336182
PPO_1,train/std,221184,1.2684273719787598
PPO_1,train/std,223232,1.2717719078063965
PPO_1,train/std,225280,1.27312171459198
PPO_1,train/std,227328,1.2779663801193237
PPO_1,train/std,229376,1.2775423526763916
PPO_1,train/std,231424,1.275467038154602
PPO_1,train/std,233472,1.2758736610412598
PPO_1,train/std,235520,1.2786425352096558
PPO_1,train/std,237568,1.2808958292007446
PPO_1,train/std,239616,1.2843366861343384
PPO_1,train/std,241664,1.2905895709991455
PPO_1,train/std,243712,1.2963424921035767
PPO_1,train/std,245760,1.2966992855072021
PPO_1,train/std,247808,1.3016964197158813
PPO_1,train/std,249856,1.3033733367919922
PPO_1,train/std,251904,1.3108699321746826
PPO_1,train/std,253952,1.3133989572525024
PPO_1,train/std,256000,1.3161848783493042
PPO_1,train/std,258048,1.3190851211547852
PPO_1,train/std,260096,1.3184688091278076
PPO_1,train/std,262144,1.321466088294983
PPO_1,train/std,264192,1.3259857892990112
PPO_1,train/std,266240,1.3313277959823608
PPO_1,train/std,268288,1.3367526531219482
PPO_1,train/std,270336,1.3405029773712158
PPO_1,train/std,272384,1.3432416915893555
PPO_1,train/std,274432,1.342652678489685
PPO_1,train/std,276480,1.3466911315917969
PPO_1,train/std,278528,1.3458800315856934
PPO_1,train/std,280576,1.348792552947998
PPO_1,train/std,282624,1.3486542701721191
PPO_1,train/std,284672,1.3518378734588623
PPO_1,train/std,286720,1.3526713848114014
PPO_1,train/std,288768,1.3553285598754883
PPO_1,train/std,290816,1.3550312519073486
PPO_1,train/std,292864,1.3599276542663574
PPO_1,train/std,294912,1.3636503219604492
PPO_1,train/std,296960,1.3698686361312866
PPO_1,train/std,299008,1.3728442192077637
PPO_1,train/std,301056,1.3773689270019531
PPO_1,train/value_loss,4096,0.5032790899276733
PPO_1,train/value_loss,6144,0.08195248991250992
PPO_1,train/value_loss,8192,0.05080461502075195
PPO_1,train/value_loss,10240,0.04002305865287781
PPO_1,train/value_loss,12288,0.05238768085837364
PPO_1,train/value_loss,14336,0.04198218509554863
PPO_1,train/value_loss,16384,0.030397998169064522
PPO_1,train/value_loss,18432,0.022640841081738472
PPO_1,train/value_loss,20480,0.02148391678929329
PPO_1,train/value_loss,22528,0.0312214232981205
PPO_1,train/value_loss,24576,0.040034882724285126
PPO_1,train/value_loss,26624,0.025943556800484657
PPO_1,train/value_loss,28672,0.027268854901194572
PPO_1,train/value_loss,30720,0.01088925264775753
PPO_1,train/value_loss,32768,0.04308636859059334
PPO_1,train/value_loss,34816,0.02004864066839218
PPO_1,train/value_loss,36864,0.03329937532544136
PPO_1,train/value_loss,38912,0.018032396212220192
PPO_1,train/value_loss,40960,0.03558359667658806
PPO_1,train/value_loss,43008,0.023608241230249405
PPO_1,train/value_loss,45056,0.018592683598399162
PPO_1,train/value_loss,47104,0.039234086871147156
PPO_1,train/value_loss,49152,0.02119588851928711
PPO_1,train/value_loss,51200,0.007697484456002712
PPO_1,train/value_loss,53248,0.022571800276637077
PPO_1,train/value_loss,55296,0.041503261774778366
PPO_1,train/value_loss,57344,0.020014267414808273
PPO_1,train/value_loss,59392,0.026239141821861267
PPO_1,train/value_loss,61440,0.027341516688466072
PPO_1,train/value_loss,63488,0.019709710031747818
PPO_1,train/value_loss,65536,0.02460169419646263
PPO_1,train/value_loss,67584,0.025079580023884773
PPO_1,train/value_loss,69632,0.021175092086195946
PPO_1,train/value_loss,71680,0.04143429547548294
PPO_1,train/value_loss,73728,0.010674913413822651
PPO_1,train/value_loss,75776,0.0038525161799043417
PPO_1,train/value_loss,77824,0.028118835762143135
PPO_1,train/value_loss,79872,0.017132673412561417
PPO_1,train/value_loss,81920,0.013640365563333035
PPO_1,train/value_loss,83968,0.019483989104628563
PPO_1,train/value_loss,86016,0.024831872433423996
PPO_1,train/value_loss,88064,0.009830031543970108
PPO_1,train/value_loss,90112,0.017690017819404602
PPO_1,train/value_loss,92160,0.03442319110035896
PPO_1,train/value_loss,94208,0.006555112078785896
PPO_1,train/value_loss,96256,0.016264330595731735
PPO_1,train/value_loss,98304,0.020624574273824692
PPO_1,train/value_loss,100352,0.007984603755176067
PPO_1,train/value_loss,102400,0.0021658141631633043
PPO_1,train/value_loss,104448,0.0070718140341341496
PPO_1,train/value_loss,106496,0.009360467083752155
PPO_1,train/value_loss,108544,0.007189343683421612
PPO_1,train/value_loss,110592,0.02034590020775795
PPO_1,train/value_loss,112640,0.015433065593242645
PPO_1,train/value_loss,114688,0.019210634753108025
PPO_1,train/value_loss,116736,0.02088824100792408
PPO_1,train/value_loss,118784,0.015331759117543697
PPO_1,train/value_loss,120832,0.022445673123002052
PPO_1,train/value_loss,122880,0.025771919637918472
PPO_1,train/value_loss,124928,0.01279311254620552
PPO_1,train/value_loss,126976,0.020551832392811775
PPO_1,train/value_loss,129024,0.018334778025746346
PPO_1,train/value_loss,131072,0.009713148698210716
PPO_1,train/value_loss,133120,0.008132250979542732
PPO_1,train/value_loss,135168,0.003051712643355131
PPO_1,train/value_loss,137216,0.011324594728648663
PPO_1,train/value_loss,139264,0.02186989225447178
PPO_1,train/value_loss,141312,0.0503583662211895
PPO_1,train/value_loss,143360,0.0306332278996706
PPO_1,train/value_loss,145408,0.019365523010492325
PPO_1,train/value_loss,147456,0.0355398952960968
PPO_1,train/value_loss,149504,0.020379170775413513
PPO_1,train/value_loss,151552,0.016149723902344704
PPO_1,train/value_loss,153600,0.018574807792901993
PPO_1,train/value_loss,155648,0.019042765721678734
PPO_1,train/value_loss,157696,0.013763547874987125
PPO_1,train/value_loss,159744,0.009743797592818737
PPO_1,train/value_loss,161792,0.006606446113437414
PPO_1,train/value_loss,163840,0.016194190829992294
PPO_1,train/value_loss,165888,0.0025276904925704002
PPO_1,train/value_loss,167936,0.0016022284980863333
PPO_1,train/value_loss,169984,0.007493217010051012
PPO_1,train/value_loss,172032,0.009370063431560993
PPO_1,train/value_loss,174080,0.007653201464563608
PPO_1,train/value_loss,176128,0.02030402421951294
PPO_1,train/value_loss,178176,0.009158271364867687
PPO_1,train/value_loss,180224,0.01144182588905096
PPO_1,train/value_loss,182272,0.022219376638531685
PPO_1,train/value_loss,184320,0.011636309325695038
PPO_1,train/value_loss,186368,0.002030978910624981
PPO_1,train/value_loss,188416,0.005338676739484072
PPO_1,train/value_loss,190464,0.01730659045279026
PPO_1,train/value_loss,192512,0.009850727394223213
PPO_1,train/value_loss,194560,0.030358290299773216
PPO_1,train/value_loss,196608,0.008215862326323986
PPO_1,train/value_loss,198656,0.01711711846292019
PPO_1,train/value_loss,200704,0.010681802406907082
PPO_1,train/value_loss,202752,0.012695087119936943
PPO_1,train/value_loss,204800,0.011149035766720772
PPO_1,train/value_loss,206848,0.03202471882104874
PPO_1,train/value_loss,208896,0.026008954271674156
PPO_1,train/value_loss,210944,0.026697808876633644
PPO_1,train/value_loss,212992,0.017396360635757446
PPO_1,train/value_loss,215040,0.004771304316818714
PPO_1,train/value_loss,217088,0.006154502741992474
PPO_1,train/value_loss,219136,0.01625041849911213
PPO_1,train/value_loss,221184,0.008956680074334145
PPO_1,train/value_loss,223232,0.019874965772032738
PPO_1,train/value_loss,225280,0.010650292038917542
PPO_1,train/value_loss,227328,0.08805452287197113
PPO_1,train/value_loss,229376,0.012558862566947937
PPO_1,train/value_loss,231424,0.0073060281574726105
PPO_1,train/value_loss,233472,0.005746329668909311
PPO_1,train/value_loss,235520,0.005462531931698322
PPO_1,train/value_loss,237568,0.005918340291827917
PPO_1,train/value_loss,239616,0.012758109718561172
PPO_1,train/value_loss,241664,0.0016350778751075268
PPO_1,train/value_loss,243712,0.030170807614922523
PPO_1,train/value_loss,245760,0.00590175436809659
PPO_1,train/value_loss,247808,0.0017876119818538427
PPO_1,train/value_loss,249856,0.011796443723142147
PPO_1,train/value_loss,251904,0.007655995432287455
PPO_1,train/value_loss,253952,0.006465717684477568
PPO_1,train/value_loss,256000,0.0017045584972947836
PPO_1,train/value_loss,258048,0.01158873364329338
PPO_1,train/value_loss,260096,0.011636459268629551
PPO_1,train/value_loss,262144,0.0032104067504405975
PPO_1,train/value_loss,264192,0.007282119244337082
PPO_1,train/value_loss,266240,0.01059001125395298
PPO_1,train/value_loss,268288,0.007029709871858358
PPO_1,train/value_loss,270336,0.01429638173431158
PPO_1,train/value_loss,272384,0.008524755015969276
PPO_1,train/value_loss,274432,0.015470144338905811
PPO_1,train/value_loss,276480,0.010097677819430828
PPO_1,train/value_loss,278528,0.004383580293506384
PPO_1,train/value_loss,280576,0.024221505969762802
PPO_1,train/value_loss,282624,0.021084390580654144
PPO_1,train/value_loss,284672,0.007885460741817951
PPO_1,train/value_loss,286720,0.005041725467890501
PPO_1,train/value_loss,288768,0.006236428394913673
PPO_1,train/value_loss,290816,0.018604593351483345
PPO_1,train/value_loss,292864,0.008326195180416107
PPO_1,train/value_loss,294912,0.011405115015804768
PPO_1,train/value_loss,296960,0.011205318383872509
PPO_1,train/value_loss,299008,0.005779653321951628
PPO_1,train/value_loss,301056,0.007469758857041597
PPO_10,time/fps,2048,1439.0
PPO_10,time/fps,4096,1353.0
PPO_10,time/fps,6144,1325.0
PPO_10,time/fps,8192,1314.0
PPO_10,time/fps,10240,1302.0
PPO_10,time/fps,12288,1297.0
PPO_10,time/fps,14336,1273.0
PPO_10,time/fps,16384,1271.0
PPO_10,time/fps,18432,1268.0
PPO_10,time/fps,20480,1259.0
PPO_10,time/fps,22528,1260.0
PPO_10,time/fps,24576,1255.0
PPO_10,time/fps,26624,1252.0
PPO_10,time/fps,28672,1254.0
PPO_10,time/fps,30720,1255.0
PPO_10,time/fps,32768,1256.0
PPO_10,time/fps,34816,1259.0
PPO_10,time/fps,36864,1260.0
PPO_10,time/fps,38912,1261.0
PPO_10,time/fps,40960,1262.0
PPO_10,time/fps,43008,1256.0
PPO_10,time/fps,45056,1251.0
PPO_10,time/fps,47104,1246.0
PPO_10,time/fps,49152,1238.0
PPO_10,time/fps,51200,1241.0
PPO_10,time/fps,53248,1242.0
PPO_10,time/fps,55296,1244.0
PPO_10,time/fps,57344,1241.0
PPO_10,time/fps,59392,1239.0
PPO_10,time/fps,61440,1236.0
PPO_10,time/fps,63488,1236.0
PPO_10,time/fps,65536,1236.0
PPO_10,time/fps,67584,1237.0
PPO_10,time/fps,69632,1238.0
PPO_10,time/fps,71680,1239.0
PPO_10,time/fps,73728,1237.0
PPO_10,time/fps,75776,1235.0
PPO_10,time/fps,77824,1236.0
PPO_10,time/fps,79872,1237.0
PPO_10,time/fps,81920,1238.0
PPO_10,time/fps,83968,1236.0
PPO_10,time/fps,86016,1235.0
PPO_10,time/fps,88064,1235.0
PPO_10,time/fps,90112,1234.0
PPO_10,time/fps,92160,1232.0
PPO_10,time/fps,94208,1230.0
PPO_10,time/fps,96256,1229.0
PPO_10,time/fps,98304,1230.0
PPO_10,time/fps,100352,1231.0
PPO_10,time/fps,102400,1232.0
PPO_10,time/fps,104448,1233.0
PPO_10,time/fps,106496,1234.0
PPO_10,time/fps,108544,1235.0
PPO_10,time/fps,110592,1235.0
PPO_10,time/fps,112640,1234.0
PPO_10,time/fps,114688,1233.0
PPO_10,time/fps,116736,1232.0
PPO_10,time/fps,118784,1230.0
PPO_10,time/fps,120832,1228.0
PPO_10,time/fps,122880,1228.0
PPO_10,time/fps,124928,1226.0
PPO_10,time/fps,126976,1225.0
PPO_10,time/fps,129024,1225.0
PPO_10,time/fps,131072,1223.0
PPO_10,time/fps,133120,1222.0
PPO_10,time/fps,135168,1222.0
PPO_10,time/fps,137216,1221.0
PPO_10,time/fps,139264,1222.0
PPO_10,time/fps,141312,1223.0
PPO_10,time/fps,143360,1224.0
PPO_10,time/fps,145408,1225.0
PPO_10,time/fps,147456,1224.0
PPO_10,time/fps,149504,1223.0
PPO_10,time/fps,151552,1223.0
PPO_10,time/fps,153600,1222.0
PPO_10,time/fps,155648,1221.0
PPO_10,time/fps,157696,1221.0
PPO_10,time/fps,159744,1220.0
PPO_10,time/fps,161792,1219.0
PPO_10,time/fps,163840,1219.0
PPO_10,time/fps,165888,1220.0
PPO_10,time/fps,167936,1221.0
PPO_10,time/fps,169984,1220.0
PPO_10,time/fps,172032,1220.0
PPO_10,time/fps,174080,1219.0
PPO_10,time/fps,176128,1218.0
PPO_10,time/fps,178176,1217.0
PPO_10,time/fps,180224,1217.0
PPO_10,time/fps,182272,1216.0
PPO_10,time/fps,184320,1216.0
PPO_10,time/fps,186368,1215.0
PPO_10,time/fps,188416,1214.0
PPO_10,time/fps,190464,1214.0
PPO_10,time/fps,192512,1215.0
PPO_10,time/fps,194560,1215.0
PPO_10,time/fps,196608,1215.0
PPO_10,time/fps,198656,1214.0
PPO_10,time/fps,200704,1214.0
PPO_10,time/fps,202752,1215.0
PPO_10,time/fps,204800,1215.0
PPO_10,time/fps,206848,1216.0
PPO_10,time/fps,208896,1217.0
PPO_10,time/fps,210944,1217.0
PPO_10,time/fps,212992,1218.0
PPO_10,time/fps,215040,1218.0
PPO_10,time/fps,217088,1217.0
PPO_10,time/fps,219136,1217.0
PPO_10,time/fps,221184,1216.0
PPO_10,time/fps,223232,1216.0
PPO_10,time/fps,225280,1215.0
PPO_10,time/fps,227328,1215.0
PPO_10,time/fps,229376,1214.0
PPO_10,time/fps,231424,1213.0
PPO_10,time/fps,233472,1214.0
PPO_10,time/fps,235520,1213.0
PPO_10,time/fps,237568,1213.0
PPO_10,time/fps,239616,1213.0
PPO_10,time/fps,241664,1214.0
PPO_10,time/fps,243712,1213.0
PPO_10,time/fps,245760,1213.0
PPO_10,time/fps,247808,1212.0
PPO_10,time/fps,249856,1212.0
PPO_10,time/fps,251904,1212.0
PPO_10,time/fps,253952,1211.0
PPO_10,time/fps,256000,1211.0
PPO_10,time/fps,258048,1211.0
PPO_10,time/fps,260096,1210.0
PPO_10,time/fps,262144,1211.0
PPO_10,time/fps,264192,1210.0
PPO_10,time/fps,266240,1210.0
PPO_10,time/fps,268288,1210.0
PPO_10,time/fps,270336,1209.0
PPO_10,time/fps,272384,1209.0
PPO_10,time/fps,274432,1209.0
PPO_10,time/fps,276480,1209.0
PPO_10,time/fps,278528,1209.0
PPO_10,time/fps,280576,1208.0
PPO_10,time/fps,282624,1208.0
PPO_10,time/fps,284672,1207.0
PPO_10,time/fps,286720,1207.0
PPO_10,time/fps,288768,1207.0
PPO_10,time/fps,290816,1208.0
PPO_10,time/fps,292864,1208.0
PPO_10,time/fps,294912,1209.0
PPO_10,time/fps,296960,1209.0
PPO_10,time/fps,299008,1210.0
PPO_10,time/fps,301056,1210.0
PPO_10,train/approx_kl,4096,0.01237008348107338
PPO_10,train/approx_kl,6144,0.014716153964400291
PPO_10,train/approx_kl,8192,0.013648472726345062
PPO_10,train/approx_kl,10240,0.015444991178810596
PPO_10,train/approx_kl,12288,0.013046955689787865
PPO_10,train/approx_kl,14336,0.014675315469503403
PPO_10,train/approx_kl,16384,0.015381129458546638
PPO_10,train/approx_kl,18432,0.014419361017644405
PPO_10,train/approx_kl,20480,0.015059156343340874
PPO_10,train/approx_kl,22528,0.017308682203292847
PPO_10,train/approx_kl,24576,0.015823382884263992
PPO_10,train/approx_kl,26624,0.015012867748737335
PPO_10,train/approx_kl,28672,0.016014203429222107
PPO_10,train/approx_kl,30720,0.015070177614688873
PPO_10,train/approx_kl,32768,0.014754490926861763
PPO_10,train/approx_kl,34816,0.014434218406677246
PPO_10,train/approx_kl,36864,0.015517231076955795
PPO_10,train/approx_kl,38912,0.015402330085635185
PPO_10,train/approx_kl,40960,0.01573871448636055
PPO_10,train/approx_kl,43008,0.015630409121513367
PPO_10,train/approx_kl,45056,0.015933696180582047
PPO_10,train/approx_kl,47104,0.015752289444208145
PPO_10,train/approx_kl,49152,0.015541383065283298
PPO_10,train/approx_kl,51200,0.016043076291680336
PPO_10,train/approx_kl,53248,0.017504431307315826
PPO_10,train/approx_kl,55296,0.01856393553316593
PPO_10,train/approx_kl,57344,0.015690956264734268
PPO_10,train/approx_kl,59392,0.016609303653240204
PPO_10,train/approx_kl,61440,0.017005477100610733
PPO_10,train/approx_kl,63488,0.01448149885982275
PPO_10,train/approx_kl,65536,0.016961582005023956
PPO_10,train/approx_kl,67584,0.018534714356064796
PPO_10,train/approx_kl,69632,0.018509700894355774
PPO_10,train/approx_kl,71680,0.016210461035370827
PPO_10,train/approx_kl,73728,0.01559755764901638
PPO_10,train/approx_kl,75776,0.014225389808416367
PPO_10,train/approx_kl,77824,0.01780731789767742
PPO_10,train/approx_kl,79872,0.018859442323446274
PPO_10,train/approx_kl,81920,0.016682785004377365
PPO_10,train/approx_kl,83968,0.01540820300579071
PPO_10,train/approx_kl,86016,0.017533989623188972
PPO_10,train/approx_kl,88064,0.017733216285705566
PPO_10,train/approx_kl,90112,0.01676732301712036
PPO_10,train/approx_kl,92160,0.016655970364809036
PPO_10,train/approx_kl,94208,0.016057446599006653
PPO_10,train/approx_kl,96256,0.019552957266569138
PPO_10,train/approx_kl,98304,0.016983477398753166
PPO_10,train/approx_kl,100352,0.01629697158932686
PPO_10,train/approx_kl,102400,0.014917178079485893
PPO_10,train/approx_kl,104448,0.01703597605228424
PPO_10,train/approx_kl,106496,0.01470382884144783
PPO_10,train/approx_kl,108544,0.016148552298545837
PPO_10,train/approx_kl,110592,0.017674142494797707
PPO_10,train/approx_kl,112640,0.016305942088365555
PPO_10,train/approx_kl,114688,0.017698418349027634
PPO_10,train/approx_kl,116736,0.017196927219629288
PPO_10,train/approx_kl,118784,0.017677027732133865
PPO_10,train/approx_kl,120832,0.014777680858969688
PPO_10,train/approx_kl,122880,0.015981633216142654
PPO_10,train/approx_kl,124928,0.015324229374527931
PPO_10,train/approx_kl,126976,0.020174618810415268
PPO_10,train/approx_kl,129024,0.01697665825486183
PPO_10,train/approx_kl,131072,0.01573004759848118
PPO_10,train/approx_kl,133120,0.017747953534126282
PPO_10,train/approx_kl,135168,0.017283175140619278
PPO_10,train/approx_kl,137216,0.015574181452393532
PPO_10,train/approx_kl,139264,0.01746583916246891
PPO_10,train/approx_kl,141312,0.017573542892932892
PPO_10,train/approx_kl,143360,0.01812567003071308
PPO_10,train/approx_kl,145408,0.01682516373693943
PPO_10,train/approx_kl,147456,0.01727486401796341
PPO_10,train/approx_kl,149504,0.015354963019490242
PPO_10,train/approx_kl,151552,0.01770510897040367
PPO_10,train/approx_kl,153600,0.015838749706745148
PPO_10,train/approx_kl,155648,0.01553717814385891
PPO_10,train/approx_kl,157696,0.017732206732034683
PPO_10,train/approx_kl,159744,0.016986673697829247
PPO_10,train/approx_kl,161792,0.019327312707901
PPO_10,train/approx_kl,163840,0.019496604800224304
PPO_10,train/approx_kl,165888,0.017519429326057434
PPO_10,train/approx_kl,167936,0.019756123423576355
PPO_10,train/approx_kl,169984,0.016500763595104218
PPO_10,train/approx_kl,172032,0.01898278295993805
PPO_10,train/approx_kl,174080,0.01788915880024433
PPO_10,train/approx_kl,176128,0.019705498591065407
PPO_10,train/approx_kl,178176,0.01723482459783554
PPO_10,train/approx_kl,180224,0.017977915704250336
PPO_10,train/approx_kl,182272,0.017411476001143456
PPO_10,train/approx_kl,184320,0.01891259476542473
PPO_10,train/approx_kl,186368,0.01736355945467949
PPO_10,train/approx_kl,188416,0.020466316491365433
PPO_10,train/approx_kl,190464,0.019460897892713547
PPO_10,train/approx_kl,192512,0.01727639138698578
PPO_10,train/approx_kl,194560,0.018115229904651642
PPO_10,train/approx_kl,196608,0.017635254189372063
PPO_10,train/approx_kl,198656,0.01676521822810173
PPO_10,train/approx_kl,200704,0.014324342831969261
PPO_10,train/approx_kl,202752,0.016729507595300674
PPO_10,train/approx_kl,204800,0.013881562277674675
PPO_10,train/approx_kl,206848,0.01676703616976738
PPO_10,train/approx_kl,208896,0.017270345240831375
PPO_10,train/approx_kl,210944,0.019619815051555634
PPO_10,train/approx_kl,212992,0.018741589039564133
PPO_10,train/approx_kl,215040,0.01843099854886532
PPO_10,train/approx_kl,217088,0.016162043437361717
PPO_10,train/approx_kl,219136,0.014935240149497986
PPO_10,train/approx_kl,221184,0.018176764249801636
PPO_10,train/approx_kl,223232,0.01852279156446457
PPO_10,train/approx_kl,225280,0.017702819779515266
PPO_10,train/approx_kl,227328,0.015763653442263603
PPO_10,train/approx_kl,229376,0.01757436990737915
PPO_10,train/approx_kl,231424,0.016721060499548912
PPO_10,train/approx_kl,233472,0.016853030771017075
PPO_10,train/approx_kl,235520,0.01714560016989708
PPO_10,train/approx_kl,237568,0.01748874969780445
PPO_10,train/approx_kl,239616,0.018565932288765907
PPO_10,train/approx_kl,241664,0.017193512991070747
PPO_10,train/approx_kl,243712,0.015566512942314148
PPO_10,train/approx_kl,245760,0.01898607239127159
PPO_10,train/approx_kl,247808,0.017926443368196487
PPO_10,train/approx_kl,249856,0.01939377188682556
PPO_10,train/approx_kl,251904,0.017689436674118042
PPO_10,train/approx_kl,253952,0.016676362603902817
PPO_10,train/approx_kl,256000,0.02085169218480587
PPO_10,train/approx_kl,258048,0.015640798956155777
PPO_10,train/approx_kl,260096,0.014166058972477913
PPO_10,train/approx_kl,262144,0.017371371388435364
PPO_10,train/approx_kl,264192,0.014950981363654137
PPO_10,train/approx_kl,266240,0.016938911750912666
PPO_10,train/approx_kl,268288,0.015093657188117504
PPO_10,train/approx_kl,270336,0.01823122426867485
PPO_10,train/approx_kl,272384,0.01613823138177395
PPO_10,train/approx_kl,274432,0.014373395591974258
PPO_10,train/approx_kl,276480,0.015982531011104584
PPO_10,train/approx_kl,278528,0.01735609769821167
PPO_10,train/approx_kl,280576,0.016765400767326355
PPO_10,train/approx_kl,282624,0.01625845395028591
PPO_10,train/approx_kl,284672,0.015192916616797447
PPO_10,train/approx_kl,286720,0.017016636207699776
PPO_10,train/approx_kl,288768,0.015989620238542557
PPO_10,train/approx_kl,290816,0.01891462691128254
PPO_10,train/approx_kl,292864,0.016499249264597893
PPO_10,train/approx_kl,294912,0.015438534319400787
PPO_10,train/approx_kl,296960,0.01597582921385765
PPO_10,train/approx_kl,299008,0.016703197732567787
PPO_10,train/approx_kl,301056,0.01614272966980934
PPO_10,train/clip_fraction,4096,0.10732422024011612
PPO_10,train/clip_fraction,6144,0.1298828125
PPO_10,train/clip_fraction,8192,0.11538086086511612
PPO_10,train/clip_fraction,10240,0.13037109375
PPO_10,train/clip_fraction,12288,0.1181640625
PPO_10,train/clip_fraction,14336,0.13139648735523224
PPO_10,train/clip_fraction,16384,0.1318359375
PPO_10,train/clip_fraction,18432,0.14990234375
PPO_10,train/clip_fraction,20480,0.13759765028953552
PPO_10,train/clip_fraction,22528,0.17099609971046448
PPO_10,train/clip_fraction,24576,0.1435546875
PPO_10,train/clip_fraction,26624,0.14570312201976776
PPO_10,train/clip_fraction,28672,0.15805664658546448
PPO_10,train/clip_fraction,30720,0.14985351264476776
PPO_10,train/clip_fraction,32768,0.15585938096046448
PPO_10,train/clip_fraction,34816,0.14775390923023224
PPO_10,train/clip_fraction,36864,0.16015625
PPO_10,train/clip_fraction,38912,0.13901367783546448
PPO_10,train/clip_fraction,40960,0.16523437201976776
PPO_10,train/clip_fraction,43008,0.14677734673023224
PPO_10,train/clip_fraction,45056,0.15317383408546448
PPO_10,train/clip_fraction,47104,0.16962890326976776
PPO_10,train/clip_fraction,49152,0.14096680283546448
PPO_10,train/clip_fraction,51200,0.17294922471046448
PPO_10,train/clip_fraction,53248,0.16801758110523224
PPO_10,train/clip_fraction,55296,0.18271484971046448
PPO_10,train/clip_fraction,57344,0.14799804985523224
PPO_10,train/clip_fraction,59392,0.17172852158546448
PPO_10,train/clip_fraction,61440,0.16142578423023224
PPO_10,train/clip_fraction,63488,0.13906249403953552
PPO_10,train/clip_fraction,65536,0.18520507216453552
PPO_10,train/clip_fraction,67584,0.20263671875
PPO_10,train/clip_fraction,69632,0.17954102158546448
PPO_10,train/clip_fraction,71680,0.15683594346046448
PPO_10,train/clip_fraction,73728,0.158447265625
PPO_10,train/clip_fraction,75776,0.13364258408546448
PPO_10,train/clip_fraction,77824,0.16875000298023224
PPO_10,train/clip_fraction,79872,0.18295899033546448
PPO_10,train/clip_fraction,81920,0.175537109375
PPO_10,train/clip_fraction,83968,0.14741210639476776
PPO_10,train/clip_fraction,86016,0.17246094346046448
PPO_10,train/clip_fraction,88064,0.19218750298023224
PPO_10,train/clip_fraction,90112,0.18017578125
PPO_10,train/clip_fraction,92160,0.17832031846046448
PPO_10,train/clip_fraction,94208,0.14614257216453552
PPO_10,train/clip_fraction,96256,0.19448241591453552
PPO_10,train/clip_fraction,98304,0.16435547173023224
PPO_10,train/clip_fraction,100352,0.16352538764476776
PPO_10,train/clip_fraction,102400,0.14531250298023224
PPO_10,train/clip_fraction,104448,0.177490234375
PPO_10,train/clip_fraction,106496,0.14951172471046448
PPO_10,train/clip_fraction,108544,0.1572265625
PPO_10,train/clip_fraction,110592,0.18032225966453552
PPO_10,train/clip_fraction,112640,0.17880859971046448
PPO_10,train/clip_fraction,114688,0.19624023139476776
PPO_10,train/clip_fraction,116736,0.18403320014476776
PPO_10,train/clip_fraction,118784,0.17485351860523224
PPO_10,train/clip_fraction,120832,0.16157226264476776
PPO_10,train/clip_fraction,122880,0.16318359971046448
PPO_10,train/clip_fraction,124928,0.16982421278953552
PPO_10,train/clip_fraction,126976,0.1728515625
PPO_10,train/clip_fraction,129024,0.18115234375
PPO_10,train/clip_fraction,131072,0.13637694716453552
PPO_10,train/clip_fraction,133120,0.177978515625
PPO_10,train/clip_fraction,135168,0.18583984673023224
PPO_10,train/clip_fraction,137216,0.16489258408546448
PPO_10,train/clip_fraction,139264,0.184814453125
PPO_10,train/clip_fraction,141312,0.18491211533546448
PPO_10,train/clip_fraction,143360,0.17050781846046448
PPO_10,train/clip_fraction,145408,0.15703125298023224
PPO_10,train/clip_fraction,147456,0.18256835639476776
PPO_10,train/clip_fraction,149504,0.15541991591453552
PPO_10,train/clip_fraction,151552,0.185546875
PPO_10,train/clip_fraction,153600,0.17626953125
PPO_10,train/clip_fraction,155648,0.1748046875
PPO_10,train/clip_fraction,157696,0.183837890625
PPO_10,train/clip_fraction,159744,0.18056640028953552
PPO_10,train/clip_fraction,161792,0.18144531548023224
PPO_10,train/clip_fraction,163840,0.20668944716453552
PPO_10,train/clip_fraction,165888,0.18784180283546448
PPO_10,train/clip_fraction,167936,0.20952148735523224
PPO_10,train/clip_fraction,169984,0.15712890028953552
PPO_10,train/clip_fraction,172032,0.17778320610523224
PPO_10,train/clip_fraction,174080,0.18486328423023224
PPO_10,train/clip_fraction,176128,0.20649413764476776
PPO_10,train/clip_fraction,178176,0.16230468451976776
PPO_10,train/clip_fraction,180224,0.205810546875
PPO_10,train/clip_fraction,182272,0.20166015625
PPO_10,train/clip_fraction,184320,0.183837890625
PPO_10,train/clip_fraction,186368,0.17617186903953552
PPO_10,train/clip_fraction,188416,0.2021484375
PPO_10,train/clip_fraction,190464,0.18149414658546448
PPO_10,train/clip_fraction,192512,0.170654296875
PPO_10,train/clip_fraction,194560,0.18168945610523224
PPO_10,train/clip_fraction,196608,0.171142578125
PPO_10,train/clip_fraction,198656,0.16923828423023224
PPO_10,train/clip_fraction,200704,0.142822265625
PPO_10,train/clip_fraction,202752,0.16127929091453552
PPO_10,train/clip_fraction,204800,0.13364258408546448
PPO_10,train/clip_fraction,206848,0.14765624701976776
PPO_10,train/clip_fraction,208896,0.168212890625
PPO_10,train/clip_fraction,210944,0.201904296875
PPO_10,train/clip_fraction,212992,0.203857421875
PPO_10,train/clip_fraction,215040,0.17119140923023224
PPO_10,train/clip_fraction,217088,0.15073242783546448
PPO_10,train/clip_fraction,219136,0.15732422471046448
PPO_10,train/clip_fraction,221184,0.17143554985523224
PPO_10,train/clip_fraction,223232,0.18896484375
PPO_10,train/clip_fraction,225280,0.17172852158546448
PPO_10,train/clip_fraction,227328,0.16215820610523224
PPO_10,train/clip_fraction,229376,0.16079100966453552
PPO_10,train/clip_fraction,231424,0.176025390625
PPO_10,train/clip_fraction,233472,0.14028319716453552
PPO_10,train/clip_fraction,235520,0.1787109375
PPO_10,train/clip_fraction,237568,0.17597655951976776
PPO_10,train/clip_fraction,239616,0.183837890625
PPO_10,train/clip_fraction,241664,0.173828125
PPO_10,train/clip_fraction,243712,0.13427734375
PPO_10,train/clip_fraction,245760,0.19985350966453552
PPO_10,train/clip_fraction,247808,0.16157226264476776
PPO_10,train/clip_fraction,249856,0.19072265923023224
PPO_10,train/clip_fraction,251904,0.18212890625
PPO_10,train/clip_fraction,253952,0.17778320610523224
PPO_10,train/clip_fraction,256000,0.21713867783546448
PPO_10,train/clip_fraction,258048,0.12763671576976776
PPO_10,train/clip_fraction,260096,0.13847656548023224
PPO_10,train/clip_fraction,262144,0.14296874403953552
PPO_10,train/clip_fraction,264192,0.13422851264476776
PPO_10,train/clip_fraction,266240,0.16416016221046448
PPO_10,train/clip_fraction,268288,0.138671875
PPO_10,train/clip_fraction,270336,0.17807617783546448
PPO_10,train/clip_fraction,272384,0.16582031548023224
PPO_10,train/clip_fraction,274432,0.130859375
PPO_10,train/clip_fraction,276480,0.15810546278953552
PPO_10,train/clip_fraction,278528,0.16650390625
PPO_10,train/clip_fraction,280576,0.13642577826976776
PPO_10,train/clip_fraction,282624,0.16108398139476776
PPO_10,train/clip_fraction,284672,0.12446288764476776
PPO_10,train/clip_fraction,286720,0.15742187201976776
PPO_10,train/clip_fraction,288768,0.14643554389476776
PPO_10,train/clip_fraction,290816,0.16840820014476776
PPO_10,train/clip_fraction,292864,0.15625
PPO_10,train/clip_fraction,294912,0.12714843451976776
PPO_10,train/clip_fraction,296960,0.15781250596046448
PPO_10,train/clip_fraction,299008,0.16474609076976776
PPO_10,train/clip_fraction,301056,0.15170899033546448
PPO_10,train/clip_range,4096,0.20000000298023224
PPO_10,train/clip_range,6144,0.20000000298023224
PPO_10,train/clip_range,8192,0.20000000298023224
PPO_10,train/clip_range,10240,0.20000000298023224
PPO_10,train/clip_range,12288,0.20000000298023224
PPO_10,train/clip_range,14336,0.20000000298023224
PPO_10,train/clip_range,16384,0.20000000298023224
PPO_10,train/clip_range,18432,0.20000000298023224
PPO_10,train/clip_range,20480,0.20000000298023224
PPO_10,train/clip_range,22528,0.20000000298023224
PPO_10,train/clip_range,24576,0.20000000298023224
PPO_10,train/clip_range,26624,0.20000000298023224
PPO_10,train/clip_range,28672,0.20000000298023224
PPO_10,train/clip_range,30720,0.20000000298023224
PPO_10,train/clip_range,32768,0.20000000298023224
PPO_10,train/clip_range,34816,0.20000000298023224
PPO_10,train/clip_range,36864,0.20000000298023224
PPO_10,train/clip_range,38912,0.20000000298023224
PPO_10,train/clip_range,40960,0.20000000298023224
PPO_10,train/clip_range,43008,0.20000000298023224
PPO_10,train/clip_range,45056,0.20000000298023224
PPO_10,train/clip_range,47104,0.20000000298023224
PPO_10,train/clip_range,49152,0.20000000298023224
PPO_10,train/clip_range,51200,0.20000000298023224
PPO_10,train/clip_range,53248,0.20000000298023224
PPO_10,train/clip_range,55296,0.20000000298023224
PPO_10,train/clip_range,57344,0.20000000298023224
PPO_10,train/clip_range,59392,0.20000000298023224
PPO_10,train/clip_range,61440,0.20000000298023224
PPO_10,train/clip_range,63488,0.20000000298023224
PPO_10,train/clip_range,65536,0.20000000298023224
PPO_10,train/clip_range,67584,0.20000000298023224
PPO_10,train/clip_range,69632,0.20000000298023224
PPO_10,train/clip_range,71680,0.20000000298023224
PPO_10,train/clip_range,73728,0.20000000298023224
PPO_10,train/clip_range,75776,0.20000000298023224
PPO_10,train/clip_range,77824,0.20000000298023224
PPO_10,train/clip_range,79872,0.20000000298023224
PPO_10,train/clip_range,81920,0.20000000298023224
PPO_10,train/clip_range,83968,0.20000000298023224
PPO_10,train/clip_range,86016,0.20000000298023224
PPO_10,train/clip_range,88064,0.20000000298023224
PPO_10,train/clip_range,90112,0.20000000298023224
PPO_10,train/clip_range,92160,0.20000000298023224
PPO_10,train/clip_range,94208,0.20000000298023224
PPO_10,train/clip_range,96256,0.20000000298023224
PPO_10,train/clip_range,98304,0.20000000298023224
PPO_10,train/clip_range,100352,0.20000000298023224
PPO_10,train/clip_range,102400,0.20000000298023224
PPO_10,train/clip_range,104448,0.20000000298023224
PPO_10,train/clip_range,106496,0.20000000298023224
PPO_10,train/clip_range,108544,0.20000000298023224
PPO_10,train/clip_range,110592,0.20000000298023224
PPO_10,train/clip_range,112640,0.20000000298023224
PPO_10,train/clip_range,114688,0.20000000298023224
PPO_10,train/clip_range,116736,0.20000000298023224
PPO_10,train/clip_range,118784,0.20000000298023224
PPO_10,train/clip_range,120832,0.20000000298023224
PPO_10,train/clip_range,122880,0.20000000298023224
PPO_10,train/clip_range,124928,0.20000000298023224
PPO_10,train/clip_range,126976,0.20000000298023224
PPO_10,train/clip_range,129024,0.20000000298023224
PPO_10,train/clip_range,131072,0.20000000298023224
PPO_10,train/clip_range,133120,0.20000000298023224
PPO_10,train/clip_range,135168,0.20000000298023224
PPO_10,train/clip_range,137216,0.20000000298023224
PPO_10,train/clip_range,139264,0.20000000298023224
PPO_10,train/clip_range,141312,0.20000000298023224
PPO_10,train/clip_range,143360,0.20000000298023224
PPO_10,train/clip_range,145408,0.20000000298023224
PPO_10,train/clip_range,147456,0.20000000298023224
PPO_10,train/clip_range,149504,0.20000000298023224
PPO_10,train/clip_range,151552,0.20000000298023224
PPO_10,train/clip_range,153600,0.20000000298023224
PPO_10,train/clip_range,155648,0.20000000298023224
PPO_10,train/clip_range,157696,0.20000000298023224
PPO_10,train/clip_range,159744,0.20000000298023224
PPO_10,train/clip_range,161792,0.20000000298023224
PPO_10,train/clip_range,163840,0.20000000298023224
PPO_10,train/clip_range,165888,0.20000000298023224
PPO_10,train/clip_range,167936,0.20000000298023224
PPO_10,train/clip_range,169984,0.20000000298023224
PPO_10,train/clip_range,172032,0.20000000298023224
PPO_10,train/clip_range,174080,0.20000000298023224
PPO_10,train/clip_range,176128,0.20000000298023224
PPO_10,train/clip_range,178176,0.20000000298023224
PPO_10,train/clip_range,180224,0.20000000298023224
PPO_10,train/clip_range,182272,0.20000000298023224
PPO_10,train/clip_range,184320,0.20000000298023224
PPO_10,train/clip_range,186368,0.20000000298023224
PPO_10,train/clip_range,188416,0.20000000298023224
PPO_10,train/clip_range,190464,0.20000000298023224
PPO_10,train/clip_range,192512,0.20000000298023224
PPO_10,train/clip_range,194560,0.20000000298023224
PPO_10,train/clip_range,196608,0.20000000298023224
PPO_10,train/clip_range,198656,0.20000000298023224
PPO_10,train/clip_range,200704,0.20000000298023224
PPO_10,train/clip_range,202752,0.20000000298023224
PPO_10,train/clip_range,204800,0.20000000298023224
PPO_10,train/clip_range,206848,0.20000000298023224
PPO_10,train/clip_range,208896,0.20000000298023224
PPO_10,train/clip_range,210944,0.20000000298023224
PPO_10,train/clip_range,212992,0.20000000298023224
PPO_10,train/clip_range,215040,0.20000000298023224
PPO_10,train/clip_range,217088,0.20000000298023224
PPO_10,train/clip_range,219136,0.20000000298023224
PPO_10,train/clip_range,221184,0.20000000298023224
PPO_10,train/clip_range,223232,0.20000000298023224
PPO_10,train/clip_range,225280,0.20000000298023224
PPO_10,train/clip_range,227328,0.20000000298023224
PPO_10,train/clip_range,229376,0.20000000298023224
PPO_10,train/clip_range,231424,0.20000000298023224
PPO_10,train/clip_range,233472,0.20000000298023224
PPO_10,train/clip_range,235520,0.20000000298023224
PPO_10,train/clip_range,237568,0.20000000298023224
PPO_10,train/clip_range,239616,0.20000000298023224
PPO_10,train/clip_range,241664,0.20000000298023224
PPO_10,train/clip_range,243712,0.20000000298023224
PPO_10,train/clip_range,245760,0.20000000298023224
PPO_10,train/clip_range,247808,0.20000000298023224
PPO_10,train/clip_range,249856,0.20000000298023224
PPO_10,train/clip_range,251904,0.20000000298023224
PPO_10,train/clip_range,253952,0.20000000298023224
PPO_10,train/clip_range,256000,0.20000000298023224
PPO_10,train/clip_range,258048,0.20000000298023224
PPO_10,train/clip_range,260096,0.20000000298023224
PPO_10,train/clip_range,262144,0.20000000298023224
PPO_10,train/clip_range,264192,0.20000000298023224
PPO_10,train/clip_range,266240,0.20000000298023224
PPO_10,train/clip_range,268288,0.20000000298023224
PPO_10,train/clip_range,270336,0.20000000298023224
PPO_10,train/clip_range,272384,0.20000000298023224
PPO_10,train/clip_range,274432,0.20000000298023224
PPO_10,train/clip_range,276480,0.20000000298023224
PPO_10,train/clip_range,278528,0.20000000298023224
PPO_10,train/clip_range,280576,0.20000000298023224
PPO_10,train/clip_range,282624,0.20000000298023224
PPO_10,train/clip_range,284672,0.20000000298023224
PPO_10,train/clip_range,286720,0.20000000298023224
PPO_10,train/clip_range,288768,0.20000000298023224
PPO_10,train/clip_range,290816,0.20000000298023224
PPO_10,train/clip_range,292864,0.20000000298023224
PPO_10,train/clip_range,294912,0.20000000298023224
PPO_10,train/clip_range,296960,0.20000000298023224
PPO_10,train/clip_range,299008,0.20000000298023224
PPO_10,train/clip_range,301056,0.20000000298023224
PPO_10,train/entropy_loss,4096,-22.736722946166992
PPO_10,train/entropy_loss,6144,-22.76305389404297
PPO_10,train/entropy_loss,8192,-22.79787254333496
PPO_10,train/entropy_loss,10240,-22.842376708984375
PPO_10,train/entropy_loss,12288,-22.884992599487305
PPO_10,train/entropy_loss,14336,-22.90587615966797
PPO_10,train/entropy_loss,16384,-22.929384231567383
PPO_10,train/entropy_loss,18432,-22.927566528320312
PPO_10,train/entropy_loss,20480,-22.920578002929688
PPO_10,train/entropy_loss,22528,-22.95627212524414
PPO_10,train/entropy_loss,24576,-22.989463806152344
PPO_10,train/entropy_loss,26624,-23.005783081054688
PPO_10,train/entropy_loss,28672,-23.02789878845215
PPO_10,train/entropy_loss,30720,-23.058732986450195
PPO_10,train/entropy_loss,32768,-23.087251663208008
PPO_10,train/entropy_loss,34816,-23.101762771606445
PPO_10,train/entropy_loss,36864,-23.129222869873047
PPO_10,train/entropy_loss,38912,-23.160003662109375
PPO_10,train/entropy_loss,40960,-23.187740325927734
PPO_10,train/entropy_loss,43008,-23.195335388183594
PPO_10,train/entropy_loss,45056,-23.1932373046875
PPO_10,train/entropy_loss,47104,-23.20067024230957
PPO_10,train/entropy_loss,49152,-23.22861671447754
PPO_10,train/entropy_loss,51200,-23.280550003051758
PPO_10,train/entropy_loss,53248,-23.315378189086914
PPO_10,train/entropy_loss,55296,-23.316740036010742
PPO_10,train/entropy_loss,57344,-23.35464859008789
PPO_10,train/entropy_loss,59392,-23.410633087158203
PPO_10,train/entropy_loss,61440,-23.393054962158203
PPO_10,train/entropy_loss,63488,-23.392093658447266
PPO_10,train/entropy_loss,65536,-23.41143226623535
PPO_10,train/entropy_loss,67584,-23.434871673583984
PPO_10,train/entropy_loss,69632,-23.475725173950195
PPO_10,train/entropy_loss,71680,-23.50049591064453
PPO_10,train/entropy_loss,73728,-23.500877380371094
PPO_10,train/entropy_loss,75776,-23.53139305114746
PPO_10,train/entropy_loss,77824,-23.560894012451172
PPO_10,train/entropy_loss,79872,-23.58791732788086
PPO_10,train/entropy_loss,81920,-23.602859497070312
PPO_10,train/entropy_loss,83968,-23.606199264526367
PPO_10,train/entropy_loss,86016,-23.634822845458984
PPO_10,train/entropy_loss,88064,-23.661346435546875
PPO_10,train/entropy_loss,90112,-23.679107666015625
PPO_10,train/entropy_loss,92160,-23.707483291625977
PPO_10,train/entropy_loss,94208,-23.748929977416992
PPO_10,train/entropy_loss,96256,-23.774192810058594
PPO_10,train/entropy_loss,98304,-23.772539138793945
PPO_10,train/entropy_loss,100352,-23.797086715698242
PPO_10,train/entropy_loss,102400,-23.823740005493164
PPO_10,train/entropy_loss,104448,-23.83660888671875
PPO_10,train/entropy_loss,106496,-23.87099838256836
PPO_10,train/entropy_loss,108544,-23.900705337524414
PPO_10,train/entropy_loss,110592,-23.924203872680664
PPO_10,train/entropy_loss,112640,-23.9553165435791
PPO_10,train/entropy_loss,114688,-23.974340438842773
PPO_10,train/entropy_loss,116736,-23.96663475036621
PPO_10,train/entropy_loss,118784,-23.965768814086914
PPO_10,train/entropy_loss,120832,-23.96968650817871
PPO_10,train/entropy_loss,122880,-23.959779739379883
PPO_10,train/entropy_loss,124928,-23.960603713989258
PPO_10,train/entropy_loss,126976,-24.000808715820312
PPO_10,train/entropy_loss,129024,-24.075231552124023
PPO_10,train/entropy_loss,131072,-24.096527099609375
PPO_10,train/entropy_loss,133120,-24.11188507080078
PPO_10,train/entropy_loss,135168,-24.113338470458984
PPO_10,train/entropy_loss,137216,-24.125383377075195
PPO_10,train/entropy_loss,139264,-24.162979125976562
PPO_10,train/entropy_loss,141312,-24.204574584960938
PPO_10,train/entropy_loss,143360,-24.25109100341797
PPO_10,train/entropy_loss,145408,-24.299880981445312
PPO_10,train/entropy_loss,147456,-24.32057762145996
PPO_10,train/entropy_loss,149504,-24.39315414428711
PPO_10,train/entropy_loss,151552,-24.442230224609375
PPO_10,train/entropy_loss,153600,-24.471168518066406
PPO_10,train/entropy_loss,155648,-24.49945640563965
PPO_10,train/entropy_loss,157696,-24.508071899414062
PPO_10,train/entropy_loss,159744,-24.50800323486328
PPO_10,train/entropy_loss,161792,-24.523193359375
PPO_10,train/entropy_loss,163840,-24.59993553161621
PPO_10,train/entropy_loss,165888,-24.63872528076172
PPO_10,train/entropy_loss,167936,-24.66014289855957
PPO_10,train/entropy_loss,169984,-24.678625106811523
PPO_10,train/entropy_loss,172032,-24.69061851501465
PPO_10,train/entropy_loss,174080,-24.69104766845703
PPO_10,train/entropy_loss,176128,-24.700923919677734
PPO_10,train/entropy_loss,178176,-24.72887420654297
PPO_10,train/entropy_loss,180224,-24.761642456054688
PPO_10,train/entropy_loss,182272,-24.801963806152344
PPO_10,train/entropy_loss,184320,-24.831436157226562
PPO_10,train/entropy_loss,186368,-24.875965118408203
PPO_10,train/entropy_loss,188416,-24.943283081054688
PPO_10,train/entropy_loss,190464,-24.97689437866211
PPO_10,train/entropy_loss,192512,-25.015544891357422
PPO_10,train/entropy_loss,194560,-25.04513168334961
PPO_10,train/entropy_loss,196608,-25.063631057739258
PPO_10,train/entropy_loss,198656,-25.117101669311523
PPO_10,train/entropy_loss,200704,-25.176578521728516
PPO_10,train/entropy_loss,202752,-25.213544845581055
PPO_10,train/entropy_loss,204800,-25.249713897705078
PPO_10,train/entropy_loss,206848,-25.294189453125
PPO_10,train/entropy_loss,208896,-25.35342788696289
PPO_10,train/entropy_loss,210944,-25.38556480407715
PPO_10,train/entropy_loss,212992,-25.393386840820312
PPO_10,train/entropy_loss,215040,-25.396949768066406
PPO_10,train/entropy_loss,217088,-25.462553024291992
PPO_10,train/entropy_loss,219136,-25.504261016845703
PPO_10,train/entropy_loss,221184,-25.533376693725586
PPO_10,train/entropy_loss,223232,-25.582496643066406
PPO_10,train/entropy_loss,225280,-25.605499267578125
PPO_10,train/entropy_loss,227328,-25.6168212890625
PPO_10,train/entropy_loss,229376,-25.63920783996582
PPO_10,train/entropy_loss,231424,-25.67409896850586
PPO_10,train/entropy_loss,233472,-25.716047286987305
PPO_10,train/entropy_loss,235520,-25.776063919067383
PPO_10,train/entropy_loss,237568,-25.78129768371582
PPO_10,train/entropy_loss,239616,-25.79697036743164
PPO_10,train/entropy_loss,241664,-25.838333129882812
PPO_10,train/entropy_loss,243712,-25.880573272705078
PPO_10,train/entropy_loss,245760,-25.932065963745117
PPO_10,train/entropy_loss,247808,-25.972122192382812
PPO_10,train/entropy_loss,249856,-26.034290313720703
PPO_10,train/entropy_loss,251904,-26.08250617980957
PPO_10,train/entropy_loss,253952,-26.118379592895508
PPO_10,train/entropy_loss,256000,-26.169286727905273
PPO_10,train/entropy_loss,258048,-26.194454193115234
PPO_10,train/entropy_loss,260096,-26.23731803894043
PPO_10,train/entropy_loss,262144,-26.256391525268555
PPO_10,train/entropy_loss,264192,-26.303333282470703
PPO_10,train/entropy_loss,266240,-26.360851287841797
PPO_10,train/entropy_loss,268288,-26.40666389465332
PPO_10,train/entropy_loss,270336,-26.43933868408203
PPO_10,train/entropy_loss,272384,-26.509763717651367
PPO_10,train/entropy_loss,274432,-26.531051635742188
PPO_10,train/entropy_loss,276480,-26.551855087280273
PPO_10,train/entropy_loss,278528,-26.58675765991211
PPO_10,train/entropy_loss,280576,-26.618553161621094
PPO_10,train/entropy_loss,282624,-26.639331817626953
PPO_10,train/entropy_loss,284672,-26.655155181884766
PPO_10,train/entropy_loss,286720,-26.69503402709961
PPO_10,train/entropy_loss,288768,-26.740732192993164
PPO_10,train/entropy_loss,290816,-26.786497116088867
PPO_10,train/entropy_loss,292864,-26.841209411621094
PPO_10,train/entropy_loss,294912,-26.883358001708984
PPO_10,train/entropy_loss,296960,-26.952184677124023
PPO_10,train/entropy_loss,299008,-26.996986389160156
PPO_10,train/entropy_loss,301056,-27.026260375976562
PPO_10,train/explained_variance,4096,0.16355669498443604
PPO_10,train/explained_variance,6144,0.3208611011505127
PPO_10,train/explained_variance,8192,0.767349898815155
PPO_10,train/explained_variance,10240,0.10623884201049805
PPO_10,train/explained_variance,12288,0.8529869318008423
PPO_10,train/explained_variance,14336,0.7777793407440186
PPO_10,train/explained_variance,16384,0.6257338523864746
PPO_10,train/explained_variance,18432,0.8235049247741699
PPO_10,train/explained_variance,20480,0.6729998588562012
PPO_10,train/explained_variance,22528,0.6080089807510376
PPO_10,train/explained_variance,24576,0.9093683958053589
PPO_10,train/explained_variance,26624,0.9208256006240845
PPO_10,train/explained_variance,28672,0.526482343673706
PPO_10,train/explained_variance,30720,0.9033820033073425
PPO_10,train/explained_variance,32768,0.8084009885787964
PPO_10,train/explained_variance,34816,0.9146295189857483
PPO_10,train/explained_variance,36864,0.864478588104248
PPO_10,train/explained_variance,38912,0.9098561406135559
PPO_10,train/explained_variance,40960,0.7352148294448853
PPO_10,train/explained_variance,43008,0.5281991958618164
PPO_10,train/explained_variance,45056,0.6339084506034851
PPO_10,train/explained_variance,47104,0.7257341742515564
PPO_10,train/explained_variance,49152,0.8604021072387695
PPO_10,train/explained_variance,51200,0.9448221921920776
PPO_10,train/explained_variance,53248,0.770663857460022
PPO_10,train/explained_variance,55296,0.9409817457199097
PPO_10,train/explained_variance,57344,0.9135294556617737
PPO_10,train/explained_variance,59392,0.281025767326355
PPO_10,train/explained_variance,61440,0.7127623558044434
PPO_10,train/explained_variance,63488,0.9301213026046753
PPO_10,train/explained_variance,65536,0.5426626205444336
PPO_10,train/explained_variance,67584,0.3485519289970398
PPO_10,train/explained_variance,69632,0.5448033809661865
PPO_10,train/explained_variance,71680,0.8589349985122681
PPO_10,train/explained_variance,73728,0.9481534957885742
PPO_10,train/explained_variance,75776,0.9529277682304382
PPO_10,train/explained_variance,77824,0.94242262840271
PPO_10,train/explained_variance,79872,0.9666224122047424
PPO_10,train/explained_variance,81920,0.5960342884063721
PPO_10,train/explained_variance,83968,0.9306800365447998
PPO_10,train/explained_variance,86016,0.9696692824363708
PPO_10,train/explained_variance,88064,0.9460210204124451
PPO_10,train/explained_variance,90112,0.8420575857162476
PPO_10,train/explained_variance,92160,0.8378549814224243
PPO_10,train/explained_variance,94208,0.9499608874320984
PPO_10,train/explained_variance,96256,0.9715863466262817
PPO_10,train/explained_variance,98304,0.9704262018203735
PPO_10,train/explained_variance,100352,0.9642245769500732
PPO_10,train/explained_variance,102400,0.9403121471405029
PPO_10,train/explained_variance,104448,0.9554936289787292
PPO_10,train/explained_variance,106496,0.9450860023498535
PPO_10,train/explained_variance,108544,0.9715415835380554
PPO_10,train/explained_variance,110592,0.6470283269882202
PPO_10,train/explained_variance,112640,0.7913823127746582
PPO_10,train/explained_variance,114688,0.8947315812110901
PPO_10,train/explained_variance,116736,0.9225499033927917
PPO_10,train/explained_variance,118784,0.9468507766723633
PPO_10,train/explained_variance,120832,0.9528422355651855
PPO_10,train/explained_variance,122880,0.5916654467582703
PPO_10,train/explained_variance,124928,0.6245824694633484
PPO_10,train/explained_variance,126976,0.896018385887146
PPO_10,train/explained_variance,129024,0.7163978815078735
PPO_10,train/explained_variance,131072,0.9612830877304077
PPO_10,train/explained_variance,133120,0.9314714670181274
PPO_10,train/explained_variance,135168,0.9427688717842102
PPO_10,train/explained_variance,137216,0.7637568712234497
PPO_10,train/explained_variance,139264,0.6618306636810303
PPO_10,train/explained_variance,141312,0.7040654420852661
PPO_10,train/explained_variance,143360,0.9640795588493347
PPO_10,train/explained_variance,145408,0.8083652257919312
PPO_10,train/explained_variance,147456,0.8540093898773193
PPO_10,train/explained_variance,149504,0.9536857604980469
PPO_10,train/explained_variance,151552,0.9848695993423462
PPO_10,train/explained_variance,153600,0.9551281332969666
PPO_10,train/explained_variance,155648,0.8424149751663208
PPO_10,train/explained_variance,157696,0.909653902053833
PPO_10,train/explained_variance,159744,0.9027257561683655
PPO_10,train/explained_variance,161792,0.9842802882194519
PPO_10,train/explained_variance,163840,0.8396652936935425
PPO_10,train/explained_variance,165888,0.9853867292404175
PPO_10,train/explained_variance,167936,0.8691889047622681
PPO_10,train/explained_variance,169984,0.8993833065032959
PPO_10,train/explained_variance,172032,0.9792646765708923
PPO_10,train/explained_variance,174080,0.9019343852996826
PPO_10,train/explained_variance,176128,0.8151252865791321
PPO_10,train/explained_variance,178176,0.9792438745498657
PPO_10,train/explained_variance,180224,0.7585577964782715
PPO_10,train/explained_variance,182272,0.845033586025238
PPO_10,train/explained_variance,184320,0.7323883771896362
PPO_10,train/explained_variance,186368,0.7651400566101074
PPO_10,train/explained_variance,188416,0.7434725761413574
PPO_10,train/explained_variance,190464,0.9812148213386536
PPO_10,train/explained_variance,192512,0.8205002546310425
PPO_10,train/explained_variance,194560,0.7227189540863037
PPO_10,train/explained_variance,196608,0.8278979659080505
PPO_10,train/explained_variance,198656,0.9749969840049744
PPO_10,train/explained_variance,200704,0.9539316296577454
PPO_10,train/explained_variance,202752,0.8207482099533081
PPO_10,train/explained_variance,204800,0.9801557660102844
PPO_10,train/explained_variance,206848,0.9226193428039551
PPO_10,train/explained_variance,208896,0.8350069522857666
PPO_10,train/explained_variance,210944,0.8394867181777954
PPO_10,train/explained_variance,212992,0.9183247685432434
PPO_10,train/explained_variance,215040,0.9561806917190552
PPO_10,train/explained_variance,217088,0.9667155742645264
PPO_10,train/explained_variance,219136,0.9661413431167603
PPO_10,train/explained_variance,221184,0.9566266536712646
PPO_10,train/explained_variance,223232,0.807807207107544
PPO_10,train/explained_variance,225280,0.9741412401199341
PPO_10,train/explained_variance,227328,0.8880125284194946
PPO_10,train/explained_variance,229376,0.9752703905105591
PPO_10,train/explained_variance,231424,0.9305257797241211
PPO_10,train/explained_variance,233472,0.957931637763977
PPO_10,train/explained_variance,235520,0.9825922250747681
PPO_10,train/explained_variance,237568,0.7923194169998169
PPO_10,train/explained_variance,239616,0.9728383421897888
PPO_10,train/explained_variance,241664,0.8769170641899109
PPO_10,train/explained_variance,243712,0.939909040927887
PPO_10,train/explained_variance,245760,0.8927004337310791
PPO_10,train/explained_variance,247808,0.964324414730072
PPO_10,train/explained_variance,249856,0.9188576340675354
PPO_10,train/explained_variance,251904,0.9639649391174316
PPO_10,train/explained_variance,253952,0.887093186378479
PPO_10,train/explained_variance,256000,0.9612722992897034
PPO_10,train/explained_variance,258048,0.9594860076904297
PPO_10,train/explained_variance,260096,0.9585674405097961
PPO_10,train/explained_variance,262144,0.6586984992027283
PPO_10,train/explained_variance,264192,0.7226227521896362
PPO_10,train/explained_variance,266240,0.8974179625511169
PPO_10,train/explained_variance,268288,0.932441771030426
PPO_10,train/explained_variance,270336,0.9505171775817871
PPO_10,train/explained_variance,272384,0.8892499804496765
PPO_10,train/explained_variance,274432,0.9591270089149475
PPO_10,train/explained_variance,276480,0.894717812538147
PPO_10,train/explained_variance,278528,0.9384865164756775
PPO_10,train/explained_variance,280576,0.9528547525405884
PPO_10,train/explained_variance,282624,0.90007084608078
PPO_10,train/explained_variance,284672,0.9554442167282104
PPO_10,train/explained_variance,286720,0.7906956076622009
PPO_10,train/explained_variance,288768,0.826361894607544
PPO_10,train/explained_variance,290816,0.9007070064544678
PPO_10,train/explained_variance,292864,0.9266321659088135
PPO_10,train/explained_variance,294912,0.9166090488433838
PPO_10,train/explained_variance,296960,0.975453794002533
PPO_10,train/explained_variance,299008,0.9702120423316956
PPO_10,train/explained_variance,301056,0.9262198209762573
PPO_10,train/learning_rate,4096,0.0003000000142492354
PPO_10,train/learning_rate,6144,0.0003000000142492354
PPO_10,train/learning_rate,8192,0.0003000000142492354
PPO_10,train/learning_rate,10240,0.0003000000142492354
PPO_10,train/learning_rate,12288,0.0003000000142492354
PPO_10,train/learning_rate,14336,0.0003000000142492354
PPO_10,train/learning_rate,16384,0.0003000000142492354
PPO_10,train/learning_rate,18432,0.0003000000142492354
PPO_10,train/learning_rate,20480,0.0003000000142492354
PPO_10,train/learning_rate,22528,0.0003000000142492354
PPO_10,train/learning_rate,24576,0.0003000000142492354
PPO_10,train/learning_rate,26624,0.0003000000142492354
PPO_10,train/learning_rate,28672,0.0003000000142492354
PPO_10,train/learning_rate,30720,0.0003000000142492354
PPO_10,train/learning_rate,32768,0.0003000000142492354
PPO_10,train/learning_rate,34816,0.0003000000142492354
PPO_10,train/learning_rate,36864,0.0003000000142492354
PPO_10,train/learning_rate,38912,0.0003000000142492354
PPO_10,train/learning_rate,40960,0.0003000000142492354
PPO_10,train/learning_rate,43008,0.0003000000142492354
PPO_10,train/learning_rate,45056,0.0003000000142492354
PPO_10,train/learning_rate,47104,0.0003000000142492354
PPO_10,train/learning_rate,49152,0.0003000000142492354
PPO_10,train/learning_rate,51200,0.0003000000142492354
PPO_10,train/learning_rate,53248,0.0003000000142492354
PPO_10,train/learning_rate,55296,0.0003000000142492354
PPO_10,train/learning_rate,57344,0.0003000000142492354
PPO_10,train/learning_rate,59392,0.0003000000142492354
PPO_10,train/learning_rate,61440,0.0003000000142492354
PPO_10,train/learning_rate,63488,0.0003000000142492354
PPO_10,train/learning_rate,65536,0.0003000000142492354
PPO_10,train/learning_rate,67584,0.0003000000142492354
PPO_10,train/learning_rate,69632,0.0003000000142492354
PPO_10,train/learning_rate,71680,0.0003000000142492354
PPO_10,train/learning_rate,73728,0.0003000000142492354
PPO_10,train/learning_rate,75776,0.0003000000142492354
PPO_10,train/learning_rate,77824,0.0003000000142492354
PPO_10,train/learning_rate,79872,0.0003000000142492354
PPO_10,train/learning_rate,81920,0.0003000000142492354
PPO_10,train/learning_rate,83968,0.0003000000142492354
PPO_10,train/learning_rate,86016,0.0003000000142492354
PPO_10,train/learning_rate,88064,0.0003000000142492354
PPO_10,train/learning_rate,90112,0.0003000000142492354
PPO_10,train/learning_rate,92160,0.0003000000142492354
PPO_10,train/learning_rate,94208,0.0003000000142492354
PPO_10,train/learning_rate,96256,0.0003000000142492354
PPO_10,train/learning_rate,98304,0.0003000000142492354
PPO_10,train/learning_rate,100352,0.0003000000142492354
PPO_10,train/learning_rate,102400,0.0003000000142492354
PPO_10,train/learning_rate,104448,0.0003000000142492354
PPO_10,train/learning_rate,106496,0.0003000000142492354
PPO_10,train/learning_rate,108544,0.0003000000142492354
PPO_10,train/learning_rate,110592,0.0003000000142492354
PPO_10,train/learning_rate,112640,0.0003000000142492354
PPO_10,train/learning_rate,114688,0.0003000000142492354
PPO_10,train/learning_rate,116736,0.0003000000142492354
PPO_10,train/learning_rate,118784,0.0003000000142492354
PPO_10,train/learning_rate,120832,0.0003000000142492354
PPO_10,train/learning_rate,122880,0.0003000000142492354
PPO_10,train/learning_rate,124928,0.0003000000142492354
PPO_10,train/learning_rate,126976,0.0003000000142492354
PPO_10,train/learning_rate,129024,0.0003000000142492354
PPO_10,train/learning_rate,131072,0.0003000000142492354
PPO_10,train/learning_rate,133120,0.0003000000142492354
PPO_10,train/learning_rate,135168,0.0003000000142492354
PPO_10,train/learning_rate,137216,0.0003000000142492354
PPO_10,train/learning_rate,139264,0.0003000000142492354
PPO_10,train/learning_rate,141312,0.0003000000142492354
PPO_10,train/learning_rate,143360,0.0003000000142492354
PPO_10,train/learning_rate,145408,0.0003000000142492354
PPO_10,train/learning_rate,147456,0.0003000000142492354
PPO_10,train/learning_rate,149504,0.0003000000142492354
PPO_10,train/learning_rate,151552,0.0003000000142492354
PPO_10,train/learning_rate,153600,0.0003000000142492354
PPO_10,train/learning_rate,155648,0.0003000000142492354
PPO_10,train/learning_rate,157696,0.0003000000142492354
PPO_10,train/learning_rate,159744,0.0003000000142492354
PPO_10,train/learning_rate,161792,0.0003000000142492354
PPO_10,train/learning_rate,163840,0.0003000000142492354
PPO_10,train/learning_rate,165888,0.0003000000142492354
PPO_10,train/learning_rate,167936,0.0003000000142492354
PPO_10,train/learning_rate,169984,0.0003000000142492354
PPO_10,train/learning_rate,172032,0.0003000000142492354
PPO_10,train/learning_rate,174080,0.0003000000142492354
PPO_10,train/learning_rate,176128,0.0003000000142492354
PPO_10,train/learning_rate,178176,0.0003000000142492354
PPO_10,train/learning_rate,180224,0.0003000000142492354
PPO_10,train/learning_rate,182272,0.0003000000142492354
PPO_10,train/learning_rate,184320,0.0003000000142492354
PPO_10,train/learning_rate,186368,0.0003000000142492354
PPO_10,train/learning_rate,188416,0.0003000000142492354
PPO_10,train/learning_rate,190464,0.0003000000142492354
PPO_10,train/learning_rate,192512,0.0003000000142492354
PPO_10,train/learning_rate,194560,0.0003000000142492354
PPO_10,train/learning_rate,196608,0.0003000000142492354
PPO_10,train/learning_rate,198656,0.0003000000142492354
PPO_10,train/learning_rate,200704,0.0003000000142492354
PPO_10,train/learning_rate,202752,0.0003000000142492354
PPO_10,train/learning_rate,204800,0.0003000000142492354
PPO_10,train/learning_rate,206848,0.0003000000142492354
PPO_10,train/learning_rate,208896,0.0003000000142492354
PPO_10,train/learning_rate,210944,0.0003000000142492354
PPO_10,train/learning_rate,212992,0.0003000000142492354
PPO_10,train/learning_rate,215040,0.0003000000142492354
PPO_10,train/learning_rate,217088,0.0003000000142492354
PPO_10,train/learning_rate,219136,0.0003000000142492354
PPO_10,train/learning_rate,221184,0.0003000000142492354
PPO_10,train/learning_rate,223232,0.0003000000142492354
PPO_10,train/learning_rate,225280,0.0003000000142492354
PPO_10,train/learning_rate,227328,0.0003000000142492354
PPO_10,train/learning_rate,229376,0.0003000000142492354
PPO_10,train/learning_rate,231424,0.0003000000142492354
PPO_10,train/learning_rate,233472,0.0003000000142492354
PPO_10,train/learning_rate,235520,0.0003000000142492354
PPO_10,train/learning_rate,237568,0.0003000000142492354
PPO_10,train/learning_rate,239616,0.0003000000142492354
PPO_10,train/learning_rate,241664,0.0003000000142492354
PPO_10,train/learning_rate,243712,0.0003000000142492354
PPO_10,train/learning_rate,245760,0.0003000000142492354
PPO_10,train/learning_rate,247808,0.0003000000142492354
PPO_10,train/learning_rate,249856,0.0003000000142492354
PPO_10,train/learning_rate,251904,0.0003000000142492354
PPO_10,train/learning_rate,253952,0.0003000000142492354
PPO_10,train/learning_rate,256000,0.0003000000142492354
PPO_10,train/learning_rate,258048,0.0003000000142492354
PPO_10,train/learning_rate,260096,0.0003000000142492354
PPO_10,train/learning_rate,262144,0.0003000000142492354
PPO_10,train/learning_rate,264192,0.0003000000142492354
PPO_10,train/learning_rate,266240,0.0003000000142492354
PPO_10,train/learning_rate,268288,0.0003000000142492354
PPO_10,train/learning_rate,270336,0.0003000000142492354
PPO_10,train/learning_rate,272384,0.0003000000142492354
PPO_10,train/learning_rate,274432,0.0003000000142492354
PPO_10,train/learning_rate,276480,0.0003000000142492354
PPO_10,train/learning_rate,278528,0.0003000000142492354
PPO_10,train/learning_rate,280576,0.0003000000142492354
PPO_10,train/learning_rate,282624,0.0003000000142492354
PPO_10,train/learning_rate,284672,0.0003000000142492354
PPO_10,train/learning_rate,286720,0.0003000000142492354
PPO_10,train/learning_rate,288768,0.0003000000142492354
PPO_10,train/learning_rate,290816,0.0003000000142492354
PPO_10,train/learning_rate,292864,0.0003000000142492354
PPO_10,train/learning_rate,294912,0.0003000000142492354
PPO_10,train/learning_rate,296960,0.0003000000142492354
PPO_10,train/learning_rate,299008,0.0003000000142492354
PPO_10,train/learning_rate,301056,0.0003000000142492354
PPO_10,train/loss,4096,0.005879908800125122
PPO_10,train/loss,6144,-0.2576691508293152
PPO_10,train/loss,8192,-0.2591019868850708
PPO_10,train/loss,10240,-0.27582088112831116
PPO_10,train/loss,12288,-0.2764853835105896
PPO_10,train/loss,14336,-0.27829837799072266
PPO_10,train/loss,16384,-0.27165278792381287
PPO_10,train/loss,18432,-0.2891692519187927
PPO_10,train/loss,20480,-0.272691011428833
PPO_10,train/loss,22528,-0.2753817141056061
PPO_10,train/loss,24576,-0.2886645793914795
PPO_10,train/loss,26624,-0.28950753808021545
PPO_10,train/loss,28672,-0.3018825948238373
PPO_10,train/loss,30720,-0.28224629163742065
PPO_10,train/loss,32768,-0.2958473265171051
PPO_10,train/loss,34816,-0.27506569027900696
PPO_10,train/loss,36864,-0.29008445143699646
PPO_10,train/loss,38912,-0.28856319189071655
PPO_10,train/loss,40960,-0.2866506278514862
PPO_10,train/loss,43008,-0.301692932844162
PPO_10,train/loss,45056,-0.29956141114234924
PPO_10,train/loss,47104,-0.2962035536766052
PPO_10,train/loss,49152,-0.298363596200943
PPO_10,train/loss,51200,-0.2923170328140259
PPO_10,train/loss,53248,-0.3090593218803406
PPO_10,train/loss,55296,-0.2974076271057129
PPO_10,train/loss,57344,-0.2950027287006378
PPO_10,train/loss,59392,-0.3046206831932068
PPO_10,train/loss,61440,-0.3159240186214447
PPO_10,train/loss,63488,-0.28152528405189514
PPO_10,train/loss,65536,-0.28963255882263184
PPO_10,train/loss,67584,-0.31695446372032166
PPO_10,train/loss,69632,-0.3110710084438324
PPO_10,train/loss,71680,-0.30552348494529724
PPO_10,train/loss,73728,-0.3046010732650757
PPO_10,train/loss,75776,-0.3018224239349365
PPO_10,train/loss,77824,-0.3052731156349182
PPO_10,train/loss,79872,-0.306434690952301
PPO_10,train/loss,81920,-0.30386462807655334
PPO_10,train/loss,83968,-0.2992980480194092
PPO_10,train/loss,86016,-0.31084150075912476
PPO_10,train/loss,88064,-0.3195662796497345
PPO_10,train/loss,90112,-0.30394259095191956
PPO_10,train/loss,92160,-0.30797725915908813
PPO_10,train/loss,94208,-0.30234789848327637
PPO_10,train/loss,96256,-0.3164938986301422
PPO_10,train/loss,98304,-0.3097173273563385
PPO_10,train/loss,100352,-0.3084770739078522
PPO_10,train/loss,102400,-0.3069922626018524
PPO_10,train/loss,104448,-0.309628963470459
PPO_10,train/loss,106496,-0.2867952287197113
PPO_10,train/loss,108544,-0.3131287693977356
PPO_10,train/loss,110592,-0.3101159334182739
PPO_10,train/loss,112640,-0.3081074655056
PPO_10,train/loss,114688,-0.31580206751823425
PPO_10,train/loss,116736,-0.30978864431381226
PPO_10,train/loss,118784,-0.2921290397644043
PPO_10,train/loss,120832,-0.3002490997314453
PPO_10,train/loss,122880,-0.3326890170574188
PPO_10,train/loss,124928,-0.30352580547332764
PPO_10,train/loss,126976,-0.2954839766025543
PPO_10,train/loss,129024,-0.3088499903678894
PPO_10,train/loss,131072,-0.287285715341568
PPO_10,train/loss,133120,-0.30576205253601074
PPO_10,train/loss,135168,-0.3050428628921509
PPO_10,train/loss,137216,-0.31455400586128235
PPO_10,train/loss,139264,-0.31543999910354614
PPO_10,train/loss,141312,-0.32054609060287476
PPO_10,train/loss,143360,-0.31322094798088074
PPO_10,train/loss,145408,-0.3151185214519501
PPO_10,train/loss,147456,-0.32652801275253296
PPO_10,train/loss,149504,-0.30310821533203125
PPO_10,train/loss,151552,-0.3050696551799774
PPO_10,train/loss,153600,-0.32129374146461487
PPO_10,train/loss,155648,-0.32126370072364807
PPO_10,train/loss,157696,-0.3237459361553192
PPO_10,train/loss,159744,-0.3187975287437439
PPO_10,train/loss,161792,-0.3069595694541931
PPO_10,train/loss,163840,-0.324288010597229
PPO_10,train/loss,165888,-0.2946740984916687
PPO_10,train/loss,167936,-0.33390718698501587
PPO_10,train/loss,169984,-0.32358065247535706
PPO_10,train/loss,172032,-0.3102182149887085
PPO_10,train/loss,174080,-0.30783548951148987
PPO_10,train/loss,176128,-0.32670772075653076
PPO_10,train/loss,178176,-0.3047183156013489
PPO_10,train/loss,180224,-0.32629770040512085
PPO_10,train/loss,182272,-0.3368264436721802
PPO_10,train/loss,184320,-0.3270622789859772
PPO_10,train/loss,186368,-0.29520222544670105
PPO_10,train/loss,188416,-0.31344497203826904
PPO_10,train/loss,190464,-0.31587862968444824
PPO_10,train/loss,192512,-0.31657975912094116
PPO_10,train/loss,194560,-0.32081958651542664
PPO_10,train/loss,196608,-0.31408804655075073
PPO_10,train/loss,198656,-0.30944737792015076
PPO_10,train/loss,200704,-0.28095316886901855
PPO_10,train/loss,202752,-0.3181535005569458
PPO_10,train/loss,204800,-0.30789947509765625
PPO_10,train/loss,206848,-0.2898290157318115
PPO_10,train/loss,208896,-0.31782588362693787
PPO_10,train/loss,210944,-0.3389432430267334
PPO_10,train/loss,212992,-0.33195731043815613
PPO_10,train/loss,215040,-0.30362027883529663
PPO_10,train/loss,217088,-0.3272053599357605
PPO_10,train/loss,219136,-0.3128206133842468
PPO_10,train/loss,221184,-0.32920101284980774
PPO_10,train/loss,223232,-0.3141035735607147
PPO_10,train/loss,225280,-0.3215580880641937
PPO_10,train/loss,227328,-0.31746599078178406
PPO_10,train/loss,229376,-0.30499815940856934
PPO_10,train/loss,231424,-0.3192204535007477
PPO_10,train/loss,233472,-0.3161276578903198
PPO_10,train/loss,235520,-0.3259444832801819
PPO_10,train/loss,237568,-0.317874938249588
PPO_10,train/loss,239616,-0.32342129945755005
PPO_10,train/loss,241664,-0.32692211866378784
PPO_10,train/loss,243712,-0.2973230481147766
PPO_10,train/loss,245760,-0.32636329531669617
PPO_10,train/loss,247808,-0.3341982066631317
PPO_10,train/loss,249856,-0.32052260637283325
PPO_10,train/loss,251904,-0.3361072838306427
PPO_10,train/loss,253952,-0.32281625270843506
PPO_10,train/loss,256000,-0.33363524079322815
PPO_10,train/loss,258048,-0.31515276432037354
PPO_10,train/loss,260096,-0.31232354044914246
PPO_10,train/loss,262144,-0.3090091645717621
PPO_10,train/loss,264192,-0.30858373641967773
PPO_10,train/loss,266240,-0.3232443630695343
PPO_10,train/loss,268288,-0.31363680958747864
PPO_10,train/loss,270336,-0.31792500615119934
PPO_10,train/loss,272384,-0.3059779107570648
PPO_10,train/loss,274432,-0.3315930664539337
PPO_10,train/loss,276480,-0.3285432755947113
PPO_10,train/loss,278528,-0.3213127553462982
PPO_10,train/loss,280576,-0.3139498829841614
PPO_10,train/loss,282624,-0.31576448678970337
PPO_10,train/loss,284672,-0.2926856279373169
PPO_10,train/loss,286720,-0.2978242337703705
PPO_10,train/loss,288768,-0.30571210384368896
PPO_10,train/loss,290816,-0.32510414719581604
PPO_10,train/loss,292864,-0.32286959886550903
PPO_10,train/loss,294912,-0.31079357862472534
PPO_10,train/loss,296960,-0.31623533368110657
PPO_10,train/loss,299008,-0.3376007080078125
PPO_10,train/loss,301056,-0.31838861107826233
PPO_10,train/policy_gradient_loss,4096,-0.027707885950803757
PPO_10,train/policy_gradient_loss,6144,-0.03958712890744209
PPO_10,train/policy_gradient_loss,8192,-0.03504782170057297
PPO_10,train/policy_gradient_loss,10240,-0.040384162217378616
PPO_10,train/policy_gradient_loss,12288,-0.0382334366440773
PPO_10,train/policy_gradient_loss,14336,-0.04047009348869324
PPO_10,train/policy_gradient_loss,16384,-0.041965607553720474
PPO_10,train/policy_gradient_loss,18432,-0.04178284481167793
PPO_10,train/policy_gradient_loss,20480,-0.041956573724746704
PPO_10,train/policy_gradient_loss,22528,-0.04303061589598656
PPO_10,train/policy_gradient_loss,24576,-0.04358575493097305
PPO_10,train/policy_gradient_loss,26624,-0.04373938590288162
PPO_10,train/policy_gradient_loss,28672,-0.0456068329513073
PPO_10,train/policy_gradient_loss,30720,-0.041974302381277084
PPO_10,train/policy_gradient_loss,32768,-0.041905082762241364
PPO_10,train/policy_gradient_loss,34816,-0.04383748397231102
PPO_10,train/policy_gradient_loss,36864,-0.04409661889076233
PPO_10,train/policy_gradient_loss,38912,-0.04316053166985512
PPO_10,train/policy_gradient_loss,40960,-0.04566771909594536
PPO_10,train/policy_gradient_loss,43008,-0.042929068207740784
PPO_10,train/policy_gradient_loss,45056,-0.043079525232315063
PPO_10,train/policy_gradient_loss,47104,-0.044222261756658554
PPO_10,train/policy_gradient_loss,49152,-0.041861068457365036
PPO_10,train/policy_gradient_loss,51200,-0.04610501974821091
PPO_10,train/policy_gradient_loss,53248,-0.047497887164354324
PPO_10,train/policy_gradient_loss,55296,-0.04684431850910187
PPO_10,train/policy_gradient_loss,57344,-0.04389972612261772
PPO_10,train/policy_gradient_loss,59392,-0.047567907720804214
PPO_10,train/policy_gradient_loss,61440,-0.04705896973609924
PPO_10,train/policy_gradient_loss,63488,-0.04184803366661072
PPO_10,train/policy_gradient_loss,65536,-0.04695095494389534
PPO_10,train/policy_gradient_loss,67584,-0.0495728924870491
PPO_10,train/policy_gradient_loss,69632,-0.0473000667989254
PPO_10,train/policy_gradient_loss,71680,-0.045529432594776154
PPO_10,train/policy_gradient_loss,73728,-0.04518107324838638
PPO_10,train/policy_gradient_loss,75776,-0.03852344676852226
PPO_10,train/policy_gradient_loss,77824,-0.04613469913601875
PPO_10,train/policy_gradient_loss,79872,-0.049211349338293076
PPO_10,train/policy_gradient_loss,81920,-0.049586039036512375
PPO_10,train/policy_gradient_loss,83968,-0.041812408715486526
PPO_10,train/policy_gradient_loss,86016,-0.047488462179899216
PPO_10,train/policy_gradient_loss,88064,-0.04746352136135101
PPO_10,train/policy_gradient_loss,90112,-0.04446689411997795
PPO_10,train/policy_gradient_loss,92160,-0.04942860081791878
PPO_10,train/policy_gradient_loss,94208,-0.04113388806581497
PPO_10,train/policy_gradient_loss,96256,-0.0522736981511116
PPO_10,train/policy_gradient_loss,98304,-0.046743035316467285
PPO_10,train/policy_gradient_loss,100352,-0.04469933360815048
PPO_10,train/policy_gradient_loss,102400,-0.04392297938466072
PPO_10,train/policy_gradient_loss,104448,-0.04687631502747536
PPO_10,train/policy_gradient_loss,106496,-0.040866266936063766
PPO_10,train/policy_gradient_loss,108544,-0.04379831999540329
PPO_10,train/policy_gradient_loss,110592,-0.04840336740016937
PPO_10,train/policy_gradient_loss,112640,-0.04739319533109665
PPO_10,train/policy_gradient_loss,114688,-0.05077917501330376
PPO_10,train/policy_gradient_loss,116736,-0.0474606491625309
PPO_10,train/policy_gradient_loss,118784,-0.04026396572589874
PPO_10,train/policy_gradient_loss,120832,-0.037205662578344345
PPO_10,train/policy_gradient_loss,122880,-0.04907858371734619
PPO_10,train/policy_gradient_loss,124928,-0.04707087576389313
PPO_10,train/policy_gradient_loss,126976,-0.03486425429582596
PPO_10,train/policy_gradient_loss,129024,-0.04796993359923363
PPO_10,train/policy_gradient_loss,131072,-0.03342476114630699
PPO_10,train/policy_gradient_loss,133120,-0.04761243611574173
PPO_10,train/policy_gradient_loss,135168,-0.04805947095155716
PPO_10,train/policy_gradient_loss,137216,-0.04805122688412666
PPO_10,train/policy_gradient_loss,139264,-0.048912640661001205
PPO_10,train/policy_gradient_loss,141312,-0.05021272972226143
PPO_10,train/policy_gradient_loss,143360,-0.039875615388154984
PPO_10,train/policy_gradient_loss,145408,-0.04654182493686676
PPO_10,train/policy_gradient_loss,147456,-0.049663301557302475
PPO_10,train/policy_gradient_loss,149504,-0.0440184511244297
PPO_10,train/policy_gradient_loss,151552,-0.04741895943880081
PPO_10,train/policy_gradient_loss,153600,-0.046810075640678406
PPO_10,train/policy_gradient_loss,155648,-0.04813217744231224
PPO_10,train/policy_gradient_loss,157696,-0.05086898431181908
PPO_10,train/policy_gradient_loss,159744,-0.04679873213171959
PPO_10,train/policy_gradient_loss,161792,-0.043016284704208374
PPO_10,train/policy_gradient_loss,163840,-0.05223517492413521
PPO_10,train/policy_gradient_loss,165888,-0.04603220522403717
PPO_10,train/policy_gradient_loss,167936,-0.051744647324085236
PPO_10,train/policy_gradient_loss,169984,-0.041895125061273575
PPO_10,train/policy_gradient_loss,172032,-0.04134129732847214
PPO_10,train/policy_gradient_loss,174080,-0.04742196202278137
PPO_10,train/policy_gradient_loss,176128,-0.04845287650823593
PPO_10,train/policy_gradient_loss,178176,-0.043080706149339676
PPO_10,train/policy_gradient_loss,180224,-0.05094322934746742
PPO_10,train/policy_gradient_loss,182272,-0.05280780792236328
PPO_10,train/policy_gradient_loss,184320,-0.046890247613191605
PPO_10,train/policy_gradient_loss,186368,-0.03865954279899597
PPO_10,train/policy_gradient_loss,188416,-0.04891063645482063
PPO_10,train/policy_gradient_loss,190464,-0.04099045321345329
PPO_10,train/policy_gradient_loss,192512,-0.044388893991708755
PPO_10,train/policy_gradient_loss,194560,-0.04867647960782051
PPO_10,train/policy_gradient_loss,196608,-0.0385608896613121
PPO_10,train/policy_gradient_loss,198656,-0.0446329228579998
PPO_10,train/policy_gradient_loss,200704,-0.032721783965826035
PPO_10,train/policy_gradient_loss,202752,-0.04210810363292694
PPO_10,train/policy_gradient_loss,204800,-0.03317398577928543
PPO_10,train/policy_gradient_loss,206848,-0.03150169178843498
PPO_10,train/policy_gradient_loss,208896,-0.04483434930443764
PPO_10,train/policy_gradient_loss,210944,-0.05202381685376167
PPO_10,train/policy_gradient_loss,212992,-0.05179409682750702
PPO_10,train/policy_gradient_loss,215040,-0.03119233436882496
PPO_10,train/policy_gradient_loss,217088,-0.04029920697212219
PPO_10,train/policy_gradient_loss,219136,-0.039271723479032516
PPO_10,train/policy_gradient_loss,221184,-0.039531439542770386
PPO_10,train/policy_gradient_loss,223232,-0.04282864183187485
PPO_10,train/policy_gradient_loss,225280,-0.04123922064900398
PPO_10,train/policy_gradient_loss,227328,-0.04167947173118591
PPO_10,train/policy_gradient_loss,229376,-0.03719288110733032
PPO_10,train/policy_gradient_loss,231424,-0.04128584638237953
PPO_10,train/policy_gradient_loss,233472,-0.03450612351298332
PPO_10,train/policy_gradient_loss,235520,-0.04547341540455818
PPO_10,train/policy_gradient_loss,237568,-0.04161185026168823
PPO_10,train/policy_gradient_loss,239616,-0.04360317066311836
PPO_10,train/policy_gradient_loss,241664,-0.04463278502225876
PPO_10,train/policy_gradient_loss,243712,-0.030510392040014267
PPO_10,train/policy_gradient_loss,245760,-0.04575876519083977
PPO_10,train/policy_gradient_loss,247808,-0.04275791719555855
PPO_10,train/policy_gradient_loss,249856,-0.04350818321108818
PPO_10,train/policy_gradient_loss,251904,-0.048009373247623444
PPO_10,train/policy_gradient_loss,253952,-0.041859883815050125
PPO_10,train/policy_gradient_loss,256000,-0.05231939256191254
PPO_10,train/policy_gradient_loss,258048,-0.03253396973013878
PPO_10,train/policy_gradient_loss,260096,-0.03394625708460808
PPO_10,train/policy_gradient_loss,262144,-0.030536457896232605
PPO_10,train/policy_gradient_loss,264192,-0.03232155740261078
PPO_10,train/policy_gradient_loss,266240,-0.03813020884990692
PPO_10,train/policy_gradient_loss,268288,-0.03484433516860008
PPO_10,train/policy_gradient_loss,270336,-0.03680014982819557
PPO_10,train/policy_gradient_loss,272384,-0.03584567457437515
PPO_10,train/policy_gradient_loss,274432,-0.03816475346684456
PPO_10,train/policy_gradient_loss,276480,-0.037655677646398544
PPO_10,train/policy_gradient_loss,278528,-0.036398474127054214
PPO_10,train/policy_gradient_loss,280576,-0.03425794839859009
PPO_10,train/policy_gradient_loss,282624,-0.03730439767241478
PPO_10,train/policy_gradient_loss,284672,-0.0332544706761837
PPO_10,train/policy_gradient_loss,286720,-0.029549047350883484
PPO_10,train/policy_gradient_loss,288768,-0.030837884172797203
PPO_10,train/policy_gradient_loss,290816,-0.0361224040389061
PPO_10,train/policy_gradient_loss,292864,-0.03588082268834114
PPO_10,train/policy_gradient_loss,294912,-0.03235897794365883
PPO_10,train/policy_gradient_loss,296960,-0.03590261936187744
PPO_10,train/policy_gradient_loss,299008,-0.043285004794597626
PPO_10,train/policy_gradient_loss,301056,-0.034446828067302704
PPO_10,train/std,4096,1.0031094551086426
PPO_10,train/std,6144,1.0045077800750732
PPO_10,train/std,8192,1.0072691440582275
PPO_10,train/std,10240,1.0102009773254395
PPO_10,train/std,12288,1.0122071504592896
PPO_10,train/std,14336,1.0133130550384521
PPO_10,train/std,16384,1.015146255493164
PPO_10,train/std,18432,1.013156533241272
PPO_10,train/std,20480,1.0145721435546875
PPO_10,train/std,22528,1.0170884132385254
PPO_10,train/std,24576,1.018738031387329
PPO_10,train/std,26624,1.020013689994812
PPO_10,train/std,28672,1.0208821296691895
PPO_10,train/std,30720,1.02410888671875
PPO_10,train/std,32768,1.0245583057403564
PPO_10,train/std,34816,1.0259590148925781
PPO_10,train/std,36864,1.0281624794006348
PPO_10,train/std,38912,1.02982497215271
PPO_10,train/std,40960,1.0318708419799805
PPO_10,train/std,43008,1.030975580215454
PPO_10,train/std,45056,1.0314228534698486
PPO_10,train/std,47104,1.0325205326080322
PPO_10,train/std,49152,1.0348336696624756
PPO_10,train/std,51200,1.0391212701797485
PPO_10,train/std,53248,1.0397019386291504
PPO_10,train/std,55296,1.0393017530441284
PPO_10,train/std,57344,1.0455089807510376
PPO_10,train/std,59392,1.0457043647766113
PPO_10,train/std,61440,1.0438497066497803
PPO_10,train/std,63488,1.0458263158798218
PPO_10,train/std,65536,1.0465093851089478
PPO_10,train/std,67584,1.0484100580215454
PPO_10,train/std,69632,1.051900029182434
PPO_10,train/std,71680,1.0513416528701782
PPO_10,train/std,73728,1.0524163246154785
PPO_10,train/std,75776,1.0557090044021606
PPO_10,train/std,77824,1.0561387538909912
PPO_10,train/std,79872,1.0591752529144287
PPO_10,train/std,81920,1.0580172538757324
PPO_10,train/std,83968,1.0598182678222656
PPO_10,train/std,86016,1.0623347759246826
PPO_10,train/std,88064,1.0629957914352417
PPO_10,train/std,90112,1.0647797584533691
PPO_10,train/std,92160,1.066807508468628
PPO_10,train/std,94208,1.0703961849212646
PPO_10,train/std,96256,1.0704257488250732
PPO_10,train/std,98304,1.0699752569198608
PPO_10,train/std,100352,1.0731630325317383
PPO_10,train/std,102400,1.0735780000686646
PPO_10,train/std,104448,1.0750811100006104
PPO_10,train/std,106496,1.0778993368148804
PPO_10,train/std,108544,1.0796046257019043
PPO_10,train/std,110592,1.080879807472229
PPO_10,train/std,112640,1.0835033655166626
PPO_10,train/std,114688,1.0834203958511353
PPO_10,train/std,116736,1.0825965404510498
PPO_10,train/std,118784,1.0833215713500977
PPO_10,train/std,120832,1.083221435546875
PPO_10,train/std,122880,1.0818580389022827
PPO_10,train/std,124928,1.083512544631958
PPO_10,train/std,126976,1.088441252708435
PPO_10,train/std,129024,1.0915826559066772
PPO_10,train/std,131072,1.0928082466125488
PPO_10,train/std,133120,1.0926268100738525
PPO_10,train/std,135168,1.0934191942214966
PPO_10,train/std,137216,1.094222068786621
PPO_10,train/std,139264,1.0984081029891968
PPO_10,train/std,141312,1.0998730659484863
PPO_10,train/std,143360,1.1049089431762695
PPO_10,train/std,145408,1.1056627035140991
PPO_10,train/std,147456,1.1091850996017456
PPO_10,train/std,149504,1.1148741245269775
PPO_10,train/std,151552,1.116652488708496
PPO_10,train/std,153600,1.1185786724090576
PPO_10,train/std,155648,1.1204464435577393
PPO_10,train/std,157696,1.12058687210083
PPO_10,train/std,159744,1.1198400259017944
PPO_10,train/std,161792,1.1243222951889038
PPO_10,train/std,163840,1.1286914348602295
PPO_10,train/std,165888,1.1311218738555908
PPO_10,train/std,167936,1.1315717697143555
PPO_10,train/std,169984,1.1336250305175781
PPO_10,train/std,172032,1.1336497068405151
PPO_10,train/std,174080,1.1341743469238281
PPO_10,train/std,176128,1.1345067024230957
PPO_10,train/std,178176,1.13754141330719
PPO_10,train/std,180224,1.1397243738174438
PPO_10,train/std,182272,1.1427325010299683
PPO_10,train/std,184320,1.1446681022644043
PPO_10,train/std,186368,1.1492352485656738
PPO_10,train/std,188416,1.1534159183502197
PPO_10,train/std,190464,1.1551693677902222
PPO_10,train/std,192512,1.1589080095291138
PPO_10,train/std,194560,1.1594583988189697
PPO_10,train/std,196608,1.1624810695648193
PPO_10,train/std,198656,1.1668552160263062
PPO_10,train/std,200704,1.1706377267837524
PPO_10,train/std,202752,1.1728636026382446
PPO_10,train/std,204800,1.175598382949829
PPO_10,train/std,206848,1.1803581714630127
PPO_10,train/std,208896,1.1830941438674927
PPO_10,train/std,210944,1.1861234903335571
PPO_10,train/std,212992,1.1843644380569458
PPO_10,train/std,215040,1.1874892711639404
PPO_10,train/std,217088,1.1921026706695557
PPO_10,train/std,219136,1.194563865661621
PPO_10,train/std,221184,1.197853922843933
PPO_10,train/std,223232,1.200736165046692
PPO_10,train/std,225280,1.2017383575439453
PPO_10,train/std,227328,1.202672004699707
PPO_10,train/std,229376,1.2048141956329346
PPO_10,train/std,231424,1.2079901695251465
PPO_10,train/std,233472,1.2123221158981323
PPO_10,train/std,235520,1.2152602672576904
PPO_10,train/std,237568,1.2140835523605347
PPO_10,train/std,239616,1.2179678678512573
PPO_10,train/std,241664,1.2202132940292358
PPO_10,train/std,243712,1.225019097328186
PPO_10,train/std,245760,1.2268275022506714
PPO_10,train/std,247808,1.2318003177642822
PPO_10,train/std,249856,1.2364356517791748
PPO_10,train/std,251904,1.2394442558288574
PPO_10,train/std,253952,1.2424612045288086
PPO_10,train/std,256000,1.2464911937713623
PPO_10,train/std,258048,1.2486857175827026
PPO_10,train/std,260096,1.2508920431137085
PPO_10,train/std,262144,1.2529382705688477
PPO_10,train/std,264192,1.2572592496871948
PPO_10,train/std,266240,1.2625055313110352
PPO_10,train/std,268288,1.2637670040130615
PPO_10,train/std,270336,1.26951003074646
PPO_10,train/std,272384,1.2730114459991455
PPO_10,train/std,274432,1.2735568284988403
PPO_10,train/std,276480,1.2773090600967407
PPO_10,train/std,278528,1.2793612480163574
PPO_10,train/std,280576,1.282155990600586
PPO_10,train/std,282624,1.2825679779052734
PPO_10,train/std,284672,1.285749912261963
PPO_10,train/std,286720,1.2890219688415527
PPO_10,train/std,288768,1.2927294969558716
PPO_10,train/std,290816,1.297337532043457
PPO_10,train/std,292864,1.3009932041168213
PPO_10,train/std,294912,1.3051652908325195
PPO_10,train/std,296960,1.3106300830841064
PPO_10,train/std,299008,1.3133187294006348
PPO_10,train/std,301056,1.3160295486450195
PPO_10,train/value_loss,4096,0.5917233824729919
PPO_10,train/value_loss,6144,0.14867481589317322
PPO_10,train/value_loss,8192,0.10824669897556305
PPO_10,train/value_loss,10240,0.06598444283008575
PPO_10,train/value_loss,12288,0.06377781182527542
PPO_10,train/value_loss,14336,0.06869389861822128
PPO_10,train/value_loss,16384,0.05230902507901192
PPO_10,train/value_loss,18432,0.050709594041109085
PPO_10,train/value_loss,20480,0.03842807188630104
PPO_10,train/value_loss,22528,0.03635089471936226
PPO_10,train/value_loss,24576,0.03787834197282791
PPO_10,train/value_loss,26624,0.045211948454380035
PPO_10,train/value_loss,28672,0.02804480493068695
PPO_10,train/value_loss,30720,0.035542119294404984
PPO_10,train/value_loss,32768,0.022973867133259773
PPO_10,train/value_loss,34816,0.03170904517173767
PPO_10,train/value_loss,36864,0.02247004024684429
PPO_10,train/value_loss,38912,0.02081920951604843
PPO_10,train/value_loss,40960,0.017733845859766006
PPO_10,train/value_loss,43008,0.01342731062322855
PPO_10,train/value_loss,45056,0.013892734423279762
PPO_10,train/value_loss,47104,0.010658564046025276
PPO_10,train/value_loss,49152,0.012702669948339462
PPO_10,train/value_loss,51200,0.019465424120426178
PPO_10,train/value_loss,53248,0.011151944287121296
PPO_10,train/value_loss,55296,0.017464887350797653
PPO_10,train/value_loss,57344,0.013182669878005981
PPO_10,train/value_loss,59392,0.008014165796339512
PPO_10,train/value_loss,61440,0.008660582825541496
PPO_10,train/value_loss,63488,0.016110941767692566
PPO_10,train/value_loss,65536,0.0073652188293635845
PPO_10,train/value_loss,67584,0.007445585913956165
PPO_10,train/value_loss,69632,0.00660604378208518
PPO_10,train/value_loss,71680,0.008934217505156994
PPO_10,train/value_loss,73728,0.01107043493539095
PPO_10,train/value_loss,75776,0.009932227432727814
PPO_10,train/value_loss,77824,0.010432981885969639
PPO_10,train/value_loss,79872,0.007349180523306131
PPO_10,train/value_loss,81920,0.00495811877772212
PPO_10,train/value_loss,83968,0.006850982550531626
PPO_10,train/value_loss,86016,0.0061558508314192295
PPO_10,train/value_loss,88064,0.005399719811975956
PPO_10,train/value_loss,90112,0.004518765490502119
PPO_10,train/value_loss,92160,0.004138465039432049
PPO_10,train/value_loss,94208,0.008071141317486763
PPO_10,train/value_loss,96256,0.005952480249106884
PPO_10,train/value_loss,98304,0.005871059838682413
PPO_10,train/value_loss,100352,0.006605437956750393
PPO_10,train/value_loss,102400,0.0037110326811671257
PPO_10,train/value_loss,104448,0.004184619523584843
PPO_10,train/value_loss,106496,0.009490041993558407
PPO_10,train/value_loss,108544,0.005608399398624897
PPO_10,train/value_loss,110592,0.0025923927314579487
PPO_10,train/value_loss,112640,0.0026964282151311636
PPO_10,train/value_loss,114688,0.00263193785212934
PPO_10,train/value_loss,116736,0.002616517711430788
PPO_10,train/value_loss,118784,0.005733683239668608
PPO_10,train/value_loss,120832,0.004137921612709761
PPO_10,train/value_loss,122880,0.0019185987766832113
PPO_10,train/value_loss,124928,0.0016327062621712685
PPO_10,train/value_loss,126976,0.008300555869936943
PPO_10,train/value_loss,129024,0.0018584537319839
PPO_10,train/value_loss,131072,0.008210894651710987
PPO_10,train/value_loss,133120,0.002369179390370846
PPO_10,train/value_loss,135168,0.0025073455180972815
PPO_10,train/value_loss,137216,0.0013990293955430388
PPO_10,train/value_loss,139264,0.0012603274080902338
PPO_10,train/value_loss,141312,0.0015067417407408357
PPO_10,train/value_loss,143360,0.007038386072963476
PPO_10,train/value_loss,145408,0.0017935502110049129
PPO_10,train/value_loss,147456,0.0011160067515447736
PPO_10,train/value_loss,149504,0.0019101443467661738
PPO_10,train/value_loss,151552,0.0022149672731757164
PPO_10,train/value_loss,153600,0.0015078040305525064
PPO_10,train/value_loss,155648,0.0009931223466992378
PPO_10,train/value_loss,157696,0.0011869292939081788
PPO_10,train/value_loss,159744,0.001226464519277215
PPO_10,train/value_loss,161792,0.002554467413574457
PPO_10,train/value_loss,163840,0.0013053108705207705
PPO_10,train/value_loss,165888,0.002186819678172469
PPO_10,train/value_loss,167936,0.0010397861478850245
PPO_10,train/value_loss,169984,0.0016536387847736478
PPO_10,train/value_loss,172032,0.0024815481156110764
PPO_10,train/value_loss,174080,0.0012074143160134554
PPO_10,train/value_loss,176128,0.0009586739470250905
PPO_10,train/value_loss,178176,0.002382376231253147
PPO_10,train/value_loss,180224,0.0007070201099850237
PPO_10,train/value_loss,182272,0.0007493852754123509
PPO_10,train/value_loss,184320,0.0012481444282457232
PPO_10,train/value_loss,186368,0.0015026966575533152
PPO_10,train/value_loss,188416,0.0011183255119249225
PPO_10,train/value_loss,190464,0.002139514544978738
PPO_10,train/value_loss,192512,0.0009726958815008402
PPO_10,train/value_loss,194560,0.0008752213907428086
PPO_10,train/value_loss,196608,0.0015786995645612478
PPO_10,train/value_loss,198656,0.0036574169062078
PPO_10,train/value_loss,200704,0.008545871824026108
PPO_10,train/value_loss,202752,0.001033411594107747
PPO_10,train/value_loss,204800,0.005867083091288805
PPO_10,train/value_loss,206848,0.0032392831053584814
PPO_10,train/value_loss,208896,0.0006944996421225369
PPO_10,train/value_loss,210944,0.0008367648697458208
PPO_10,train/value_loss,212992,0.0005178950959816575
PPO_10,train/value_loss,215040,0.002836425555869937
PPO_10,train/value_loss,217088,0.009737784042954445
PPO_10,train/value_loss,219136,0.009974805638194084
PPO_10,train/value_loss,221184,0.002987877232953906
PPO_10,train/value_loss,223232,0.0014580978313460946
PPO_10,train/value_loss,225280,0.0032702810131013393
PPO_10,train/value_loss,227328,0.0018914585234597325
PPO_10,train/value_loss,229376,0.0021467553451657295
PPO_10,train/value_loss,231424,0.001378172542899847
PPO_10,train/value_loss,233472,0.008632414974272251
PPO_10,train/value_loss,235520,0.0026782138738781214
PPO_10,train/value_loss,237568,0.001003340003080666
PPO_10,train/value_loss,239616,0.004120300058275461
PPO_10,train/value_loss,241664,0.0008173088426701725
PPO_10,train/value_loss,243712,0.003193395445123315
PPO_10,train/value_loss,245760,0.00111028749961406
PPO_10,train/value_loss,247808,0.0039078653790056705
PPO_10,train/value_loss,249856,0.0011783336522057652
PPO_10,train/value_loss,251904,0.0012197159230709076
PPO_10,train/value_loss,253952,0.0015881864819675684
PPO_10,train/value_loss,256000,0.0011198328575119376
PPO_10,train/value_loss,258048,0.005671652499586344
PPO_10,train/value_loss,260096,0.006701975595206022
PPO_10,train/value_loss,262144,0.006914086639881134
PPO_10,train/value_loss,264192,0.0015682060038670897
PPO_10,train/value_loss,266240,0.0021556916180998087
PPO_10,train/value_loss,268288,0.0025931845884770155
PPO_10,train/value_loss,270336,0.003865000093355775
PPO_10,train/value_loss,272384,0.0008647336508147418
PPO_10,train/value_loss,274432,0.005976258777081966
PPO_10,train/value_loss,276480,0.006069549359381199
PPO_10,train/value_loss,278528,0.0036034053191542625
PPO_10,train/value_loss,280576,0.005899794399738312
PPO_10,train/value_loss,282624,0.0016739097191020846
PPO_10,train/value_loss,284672,0.004781949333846569
PPO_10,train/value_loss,286720,0.00730389216914773
PPO_10,train/value_loss,288768,0.0020960490219295025
PPO_10,train/value_loss,290816,0.0030369057785719633
PPO_10,train/value_loss,292864,0.002593603916466236
PPO_10,train/value_loss,294912,0.006284529343247414
PPO_10,train/value_loss,296960,0.0019101911457255483
PPO_10,train/value_loss,299008,0.00622695405036211
PPO_10,train/value_loss,301056,0.0026054726913571358
PPO_11,time/fps,2048,1476.0
PPO_11,time/fps,4096,1395.0
PPO_11,time/fps,6144,1368.0
PPO_11,time/fps,8192,1341.0
PPO_11,time/fps,10240,1328.0
PPO_11,time/fps,12288,1320.0
PPO_11,time/fps,14336,1298.0
PPO_11,time/fps,16384,1296.0
PPO_11,time/fps,18432,1295.0
PPO_11,time/fps,20480,1294.0
PPO_11,time/fps,22528,1293.0
PPO_11,time/fps,24576,1296.0
PPO_11,time/fps,26624,1295.0
PPO_11,time/fps,28672,1298.0
PPO_11,time/fps,30720,1300.0
PPO_11,time/fps,32768,1301.0
PPO_11,time/fps,34816,1302.0
PPO_11,time/fps,36864,1301.0
PPO_11,time/fps,38912,1299.0
PPO_11,time/fps,40960,1298.0
PPO_11,time/fps,43008,1297.0
PPO_11,time/fps,45056,1296.0
PPO_11,time/fps,47104,1296.0
PPO_11,time/fps,49152,1296.0
PPO_11,time/fps,51200,1295.0
PPO_11,time/fps,53248,1296.0
PPO_11,time/fps,55296,1296.0
PPO_11,time/fps,57344,1297.0
PPO_11,time/fps,59392,1298.0
PPO_11,time/fps,61440,1298.0
PPO_11,time/fps,63488,1299.0
PPO_11,time/fps,65536,1298.0
PPO_11,time/fps,67584,1298.0
PPO_11,time/fps,69632,1298.0
PPO_11,time/fps,71680,1298.0
PPO_11,time/fps,73728,1295.0
PPO_11,time/fps,75776,1295.0
PPO_11,time/fps,77824,1294.0
PPO_11,time/fps,79872,1293.0
PPO_11,time/fps,81920,1293.0
PPO_11,time/fps,83968,1292.0
PPO_11,time/fps,86016,1292.0
PPO_11,time/fps,88064,1292.0
PPO_11,time/fps,90112,1291.0
PPO_11,time/fps,92160,1289.0
PPO_11,time/fps,94208,1287.0
PPO_11,time/fps,96256,1286.0
PPO_11,time/fps,98304,1284.0
PPO_11,time/fps,100352,1283.0
PPO_11,time/fps,102400,1283.0
PPO_11,time/fps,104448,1283.0
PPO_11,time/fps,106496,1282.0
PPO_11,time/fps,108544,1282.0
PPO_11,time/fps,110592,1279.0
PPO_11,time/fps,112640,1277.0
PPO_11,time/fps,114688,1274.0
PPO_11,time/fps,116736,1274.0
PPO_11,time/fps,118784,1274.0
PPO_11,time/fps,120832,1274.0
PPO_11,time/fps,122880,1274.0
PPO_11,time/fps,124928,1274.0
PPO_11,time/fps,126976,1274.0
PPO_11,time/fps,129024,1275.0
PPO_11,time/fps,131072,1274.0
PPO_11,time/fps,133120,1274.0
PPO_11,time/fps,135168,1274.0
PPO_11,time/fps,137216,1273.0
PPO_11,time/fps,139264,1273.0
PPO_11,time/fps,141312,1273.0
PPO_11,time/fps,143360,1274.0
PPO_11,time/fps,145408,1273.0
PPO_11,time/fps,147456,1271.0
PPO_11,time/fps,149504,1270.0
PPO_11,time/fps,151552,1270.0
PPO_11,time/fps,153600,1269.0
PPO_11,time/fps,155648,1269.0
PPO_11,time/fps,157696,1268.0
PPO_11,time/fps,159744,1266.0
PPO_11,time/fps,161792,1265.0
PPO_11,time/fps,163840,1264.0
PPO_11,time/fps,165888,1263.0
PPO_11,time/fps,167936,1263.0
PPO_11,time/fps,169984,1264.0
PPO_11,time/fps,172032,1264.0
PPO_11,time/fps,174080,1264.0
PPO_11,time/fps,176128,1264.0
PPO_11,time/fps,178176,1264.0
PPO_11,time/fps,180224,1263.0
PPO_11,time/fps,182272,1263.0
PPO_11,time/fps,184320,1263.0
PPO_11,time/fps,186368,1262.0
PPO_11,time/fps,188416,1262.0
PPO_11,time/fps,190464,1262.0
PPO_11,time/fps,192512,1260.0
PPO_11,time/fps,194560,1260.0
PPO_11,time/fps,196608,1260.0
PPO_11,time/fps,198656,1261.0
PPO_11,time/fps,200704,1261.0
PPO_11,time/fps,202752,1262.0
PPO_11,time/fps,204800,1260.0
PPO_11,time/fps,206848,1259.0
PPO_11,time/fps,208896,1259.0
PPO_11,time/fps,210944,1259.0
PPO_11,time/fps,212992,1258.0
PPO_11,time/fps,215040,1258.0
PPO_11,time/fps,217088,1257.0
PPO_11,time/fps,219136,1257.0
PPO_11,time/fps,221184,1257.0
PPO_11,time/fps,223232,1257.0
PPO_11,time/fps,225280,1258.0
PPO_11,time/fps,227328,1258.0
PPO_11,time/fps,229376,1258.0
PPO_11,time/fps,231424,1258.0
PPO_11,time/fps,233472,1259.0
PPO_11,time/fps,235520,1259.0
PPO_11,time/fps,237568,1259.0
PPO_11,time/fps,239616,1260.0
PPO_11,time/fps,241664,1260.0
PPO_11,time/fps,243712,1259.0
PPO_11,time/fps,245760,1258.0
PPO_11,time/fps,247808,1258.0
PPO_11,time/fps,249856,1258.0
PPO_11,time/fps,251904,1259.0
PPO_11,time/fps,253952,1259.0
PPO_11,time/fps,256000,1259.0
PPO_11,time/fps,258048,1259.0
PPO_11,time/fps,260096,1259.0
PPO_11,time/fps,262144,1260.0
PPO_11,time/fps,264192,1260.0
PPO_11,time/fps,266240,1260.0
PPO_11,time/fps,268288,1260.0
PPO_11,time/fps,270336,1260.0
PPO_11,time/fps,272384,1260.0
PPO_11,time/fps,274432,1260.0
PPO_11,time/fps,276480,1260.0
PPO_11,time/fps,278528,1261.0
PPO_11,time/fps,280576,1261.0
PPO_11,time/fps,282624,1261.0
PPO_11,time/fps,284672,1261.0
PPO_11,time/fps,286720,1261.0
PPO_11,time/fps,288768,1261.0
PPO_11,time/fps,290816,1262.0
PPO_11,time/fps,292864,1262.0
PPO_11,time/fps,294912,1261.0
PPO_11,time/fps,296960,1261.0
PPO_11,time/fps,299008,1262.0
PPO_11,time/fps,301056,1262.0
PPO_11,train/approx_kl,4096,0.013805262744426727
PPO_11,train/approx_kl,6144,0.014251625165343285
PPO_11,train/approx_kl,8192,0.01336180791258812
PPO_11,train/approx_kl,10240,0.013794636353850365
PPO_11,train/approx_kl,12288,0.013405684381723404
PPO_11,train/approx_kl,14336,0.014413089491426945
PPO_11,train/approx_kl,16384,0.015515254810452461
PPO_11,train/approx_kl,18432,0.01323656551539898
PPO_11,train/approx_kl,20480,0.014841381460428238
PPO_11,train/approx_kl,22528,0.016071263700723648
PPO_11,train/approx_kl,24576,0.01541908085346222
PPO_11,train/approx_kl,26624,0.014482123777270317
PPO_11,train/approx_kl,28672,0.013139056041836739
PPO_11,train/approx_kl,30720,0.015657175332307816
PPO_11,train/approx_kl,32768,0.015300003811717033
PPO_11,train/approx_kl,34816,0.016141485422849655
PPO_11,train/approx_kl,36864,0.015421641990542412
PPO_11,train/approx_kl,38912,0.014323657378554344
PPO_11,train/approx_kl,40960,0.016110751777887344
PPO_11,train/approx_kl,43008,0.01633301191031933
PPO_11,train/approx_kl,45056,0.014233464375138283
PPO_11,train/approx_kl,47104,0.015555515885353088
PPO_11,train/approx_kl,49152,0.016367949545383453
PPO_11,train/approx_kl,51200,0.017709072679281235
PPO_11,train/approx_kl,53248,0.014112461358308792
PPO_11,train/approx_kl,55296,0.017480619251728058
PPO_11,train/approx_kl,57344,0.017779294401407242
PPO_11,train/approx_kl,59392,0.01646294817328453
PPO_11,train/approx_kl,61440,0.014999894425272942
PPO_11,train/approx_kl,63488,0.015181471593677998
PPO_11,train/approx_kl,65536,0.015340256504714489
PPO_11,train/approx_kl,67584,0.014346469193696976
PPO_11,train/approx_kl,69632,0.017162537202239037
PPO_11,train/approx_kl,71680,0.01717645674943924
PPO_11,train/approx_kl,73728,0.01540583185851574
PPO_11,train/approx_kl,75776,0.016501769423484802
PPO_11,train/approx_kl,77824,0.015562170185148716
PPO_11,train/approx_kl,79872,0.01773841679096222
PPO_11,train/approx_kl,81920,0.01890021190047264
PPO_11,train/approx_kl,83968,0.017183320596814156
PPO_11,train/approx_kl,86016,0.015449869446456432
PPO_11,train/approx_kl,88064,0.015621474012732506
PPO_11,train/approx_kl,90112,0.015864653512835503
PPO_11,train/approx_kl,92160,0.015002740547060966
PPO_11,train/approx_kl,94208,0.015321493148803711
PPO_11,train/approx_kl,96256,0.015510938130319118
PPO_11,train/approx_kl,98304,0.017578601837158203
PPO_11,train/approx_kl,100352,0.01339919213205576
PPO_11,train/approx_kl,102400,0.01555626466870308
PPO_11,train/approx_kl,104448,0.01592516340315342
PPO_11,train/approx_kl,106496,0.015146533958613873
PPO_11,train/approx_kl,108544,0.017218343913555145
PPO_11,train/approx_kl,110592,0.01697109267115593
PPO_11,train/approx_kl,112640,0.01678392104804516
PPO_11,train/approx_kl,114688,0.01618797332048416
PPO_11,train/approx_kl,116736,0.015148990787565708
PPO_11,train/approx_kl,118784,0.016979742795228958
PPO_11,train/approx_kl,120832,0.016683418303728104
PPO_11,train/approx_kl,122880,0.01598469913005829
PPO_11,train/approx_kl,124928,0.01708291471004486
PPO_11,train/approx_kl,126976,0.015553104691207409
PPO_11,train/approx_kl,129024,0.018131457269191742
PPO_11,train/approx_kl,131072,0.01806296408176422
PPO_11,train/approx_kl,133120,0.017538005486130714
PPO_11,train/approx_kl,135168,0.01610698737204075
PPO_11,train/approx_kl,137216,0.016252614557743073
PPO_11,train/approx_kl,139264,0.01695898175239563
PPO_11,train/approx_kl,141312,0.0180308036506176
PPO_11,train/approx_kl,143360,0.014721520245075226
PPO_11,train/approx_kl,145408,0.018259136006236076
PPO_11,train/approx_kl,147456,0.01887553557753563
PPO_11,train/approx_kl,149504,0.014451747760176659
PPO_11,train/approx_kl,151552,0.01619499735534191
PPO_11,train/approx_kl,153600,0.015714241191744804
PPO_11,train/approx_kl,155648,0.015695249661803246
PPO_11,train/approx_kl,157696,0.015528548508882523
PPO_11,train/approx_kl,159744,0.01708531752228737
PPO_11,train/approx_kl,161792,0.01607227325439453
PPO_11,train/approx_kl,163840,0.01987992599606514
PPO_11,train/approx_kl,165888,0.011581418104469776
PPO_11,train/approx_kl,167936,0.016582731157541275
PPO_11,train/approx_kl,169984,0.016212383285164833
PPO_11,train/approx_kl,172032,0.018090348690748215
PPO_11,train/approx_kl,174080,0.017618536949157715
PPO_11,train/approx_kl,176128,0.01589353382587433
PPO_11,train/approx_kl,178176,0.016506493091583252
PPO_11,train/approx_kl,180224,0.016400020569562912
PPO_11,train/approx_kl,182272,0.014551667496562004
PPO_11,train/approx_kl,184320,0.01786806434392929
PPO_11,train/approx_kl,186368,0.017156582325696945
PPO_11,train/approx_kl,188416,0.01406545378267765
PPO_11,train/approx_kl,190464,0.01888357289135456
PPO_11,train/approx_kl,192512,0.016585111618041992
PPO_11,train/approx_kl,194560,0.016929803416132927
PPO_11,train/approx_kl,196608,0.013156396336853504
PPO_11,train/approx_kl,198656,0.017282355576753616
PPO_11,train/approx_kl,200704,0.01348262932151556
PPO_11,train/approx_kl,202752,0.018589532002806664
PPO_11,train/approx_kl,204800,0.017839251086115837
PPO_11,train/approx_kl,206848,0.014514287933707237
PPO_11,train/approx_kl,208896,0.015882331877946854
PPO_11,train/approx_kl,210944,0.01748437061905861
PPO_11,train/approx_kl,212992,0.015620827674865723
PPO_11,train/approx_kl,215040,0.017577877268195152
PPO_11,train/approx_kl,217088,0.01760965958237648
PPO_11,train/approx_kl,219136,0.0154420156031847
PPO_11,train/approx_kl,221184,0.015646731480956078
PPO_11,train/approx_kl,223232,0.012394653633236885
PPO_11,train/approx_kl,225280,0.017303187400102615
PPO_11,train/approx_kl,227328,0.015253623016178608
PPO_11,train/approx_kl,229376,0.016820799559354782
PPO_11,train/approx_kl,231424,0.013383833691477776
PPO_11,train/approx_kl,233472,0.015448378399014473
PPO_11,train/approx_kl,235520,0.015588030219078064
PPO_11,train/approx_kl,237568,0.015633951872587204
PPO_11,train/approx_kl,239616,0.011000270023941994
PPO_11,train/approx_kl,241664,0.018564267084002495
PPO_11,train/approx_kl,243712,0.01527793426066637
PPO_11,train/approx_kl,245760,0.017260827124118805
PPO_11,train/approx_kl,247808,0.015645772218704224
PPO_11,train/approx_kl,249856,0.016613144427537918
PPO_11,train/approx_kl,251904,0.016330204904079437
PPO_11,train/approx_kl,253952,0.01848769374191761
PPO_11,train/approx_kl,256000,0.015000341460108757
PPO_11,train/approx_kl,258048,0.014321662485599518
PPO_11,train/approx_kl,260096,0.0146365687251091
PPO_11,train/approx_kl,262144,0.01996947079896927
PPO_11,train/approx_kl,264192,0.017523936927318573
PPO_11,train/approx_kl,266240,0.015836555510759354
PPO_11,train/approx_kl,268288,0.016790760681033134
PPO_11,train/approx_kl,270336,0.015803029760718346
PPO_11,train/approx_kl,272384,0.019351856783032417
PPO_11,train/approx_kl,274432,0.017113760113716125
PPO_11,train/approx_kl,276480,0.01520601101219654
PPO_11,train/approx_kl,278528,0.019819464534521103
PPO_11,train/approx_kl,280576,0.01721949875354767
PPO_11,train/approx_kl,282624,0.019092712551355362
PPO_11,train/approx_kl,284672,0.017139088362455368
PPO_11,train/approx_kl,286720,0.014834324829280376
PPO_11,train/approx_kl,288768,0.01805647648870945
PPO_11,train/approx_kl,290816,0.015421798452734947
PPO_11,train/approx_kl,292864,0.016682367771863937
PPO_11,train/approx_kl,294912,0.016549626365303993
PPO_11,train/approx_kl,296960,0.01612105593085289
PPO_11,train/approx_kl,299008,0.016505716368556023
PPO_11,train/approx_kl,301056,0.01533367857336998
PPO_11,train/clip_fraction,4096,0.15200194716453552
PPO_11,train/clip_fraction,6144,0.13276366889476776
PPO_11,train/clip_fraction,8192,0.11928711086511612
PPO_11,train/clip_fraction,10240,0.13002929091453552
PPO_11,train/clip_fraction,12288,0.13071289658546448
PPO_11,train/clip_fraction,14336,0.13291016221046448
PPO_11,train/clip_fraction,16384,0.142578125
PPO_11,train/clip_fraction,18432,0.12143554538488388
PPO_11,train/clip_fraction,20480,0.15229491889476776
PPO_11,train/clip_fraction,22528,0.14873047173023224
PPO_11,train/clip_fraction,24576,0.13232421875
PPO_11,train/clip_fraction,26624,0.15156249701976776
PPO_11,train/clip_fraction,28672,0.120361328125
PPO_11,train/clip_fraction,30720,0.15043945610523224
PPO_11,train/clip_fraction,32768,0.14370116591453552
PPO_11,train/clip_fraction,34816,0.162109375
PPO_11,train/clip_fraction,36864,0.15380859375
PPO_11,train/clip_fraction,38912,0.13330078125
PPO_11,train/clip_fraction,40960,0.16669921576976776
PPO_11,train/clip_fraction,43008,0.17094726860523224
PPO_11,train/clip_fraction,45056,0.14458008110523224
PPO_11,train/clip_fraction,47104,0.16757813096046448
PPO_11,train/clip_fraction,49152,0.15620116889476776
PPO_11,train/clip_fraction,51200,0.17304687201976776
PPO_11,train/clip_fraction,53248,0.13066406548023224
PPO_11,train/clip_fraction,55296,0.17885741591453552
PPO_11,train/clip_fraction,57344,0.17373046278953552
PPO_11,train/clip_fraction,59392,0.166259765625
PPO_11,train/clip_fraction,61440,0.13027343153953552
PPO_11,train/clip_fraction,63488,0.15175780653953552
PPO_11,train/clip_fraction,65536,0.15634766221046448
PPO_11,train/clip_fraction,67584,0.15341797471046448
PPO_11,train/clip_fraction,69632,0.182373046875
PPO_11,train/clip_fraction,71680,0.16054686903953552
PPO_11,train/clip_fraction,73728,0.150146484375
PPO_11,train/clip_fraction,75776,0.15961913764476776
PPO_11,train/clip_fraction,77824,0.15854492783546448
PPO_11,train/clip_fraction,79872,0.18950195610523224
PPO_11,train/clip_fraction,81920,0.19453124701976776
PPO_11,train/clip_fraction,83968,0.17666015028953552
PPO_11,train/clip_fraction,86016,0.14848633110523224
PPO_11,train/clip_fraction,88064,0.16401366889476776
PPO_11,train/clip_fraction,90112,0.16923828423023224
PPO_11,train/clip_fraction,92160,0.143310546875
PPO_11,train/clip_fraction,94208,0.157470703125
PPO_11,train/clip_fraction,96256,0.15883788466453552
PPO_11,train/clip_fraction,98304,0.178466796875
PPO_11,train/clip_fraction,100352,0.13051757216453552
PPO_11,train/clip_fraction,102400,0.15390625596046448
PPO_11,train/clip_fraction,104448,0.15781250596046448
PPO_11,train/clip_fraction,106496,0.14301757514476776
PPO_11,train/clip_fraction,108544,0.16337890923023224
PPO_11,train/clip_fraction,110592,0.163818359375
PPO_11,train/clip_fraction,112640,0.16708984971046448
PPO_11,train/clip_fraction,114688,0.15131835639476776
PPO_11,train/clip_fraction,116736,0.13491210341453552
PPO_11,train/clip_fraction,118784,0.17182616889476776
PPO_11,train/clip_fraction,120832,0.16118164360523224
PPO_11,train/clip_fraction,122880,0.15083007514476776
PPO_11,train/clip_fraction,124928,0.178955078125
PPO_11,train/clip_fraction,126976,0.17026367783546448
PPO_11,train/clip_fraction,129024,0.17421874403953552
PPO_11,train/clip_fraction,131072,0.1826171875
PPO_11,train/clip_fraction,133120,0.17817382514476776
PPO_11,train/clip_fraction,135168,0.159912109375
PPO_11,train/clip_fraction,137216,0.16328124701976776
PPO_11,train/clip_fraction,139264,0.16713866591453552
PPO_11,train/clip_fraction,141312,0.17387695610523224
PPO_11,train/clip_fraction,143360,0.15371093153953552
PPO_11,train/clip_fraction,145408,0.15947265923023224
PPO_11,train/clip_fraction,147456,0.19614258408546448
PPO_11,train/clip_fraction,149504,0.14677734673023224
PPO_11,train/clip_fraction,151552,0.16069336235523224
PPO_11,train/clip_fraction,153600,0.15996094048023224
PPO_11,train/clip_fraction,155648,0.15117187798023224
PPO_11,train/clip_fraction,157696,0.148681640625
PPO_11,train/clip_fraction,159744,0.17709961533546448
PPO_11,train/clip_fraction,161792,0.15097656846046448
PPO_11,train/clip_fraction,163840,0.17387695610523224
PPO_11,train/clip_fraction,165888,0.10732422024011612
PPO_11,train/clip_fraction,167936,0.13154296576976776
PPO_11,train/clip_fraction,169984,0.18017578125
PPO_11,train/clip_fraction,172032,0.16582031548023224
PPO_11,train/clip_fraction,174080,0.17880859971046448
PPO_11,train/clip_fraction,176128,0.12929686903953552
PPO_11,train/clip_fraction,178176,0.15000000596046448
PPO_11,train/clip_fraction,180224,0.17060546576976776
PPO_11,train/clip_fraction,182272,0.15693359076976776
PPO_11,train/clip_fraction,184320,0.17299804091453552
PPO_11,train/clip_fraction,186368,0.17236328125
PPO_11,train/clip_fraction,188416,0.154052734375
PPO_11,train/clip_fraction,190464,0.186279296875
PPO_11,train/clip_fraction,192512,0.14467772841453552
PPO_11,train/clip_fraction,194560,0.16362304985523224
PPO_11,train/clip_fraction,196608,0.12924805283546448
PPO_11,train/clip_fraction,198656,0.17719726264476776
PPO_11,train/clip_fraction,200704,0.13002929091453552
PPO_11,train/clip_fraction,202752,0.162353515625
PPO_11,train/clip_fraction,204800,0.15673828125
PPO_11,train/clip_fraction,206848,0.14228515326976776
PPO_11,train/clip_fraction,208896,0.14306640625
PPO_11,train/clip_fraction,210944,0.18310546875
PPO_11,train/clip_fraction,212992,0.134521484375
PPO_11,train/clip_fraction,215040,0.175537109375
PPO_11,train/clip_fraction,217088,0.15986327826976776
PPO_11,train/clip_fraction,219136,0.135986328125
PPO_11,train/clip_fraction,221184,0.124755859375
PPO_11,train/clip_fraction,223232,0.11459960788488388
PPO_11,train/clip_fraction,225280,0.16596679389476776
PPO_11,train/clip_fraction,227328,0.13852539658546448
PPO_11,train/clip_fraction,229376,0.16606445610523224
PPO_11,train/clip_fraction,231424,0.133056640625
PPO_11,train/clip_fraction,233472,0.16391602158546448
PPO_11,train/clip_fraction,235520,0.15571288764476776
PPO_11,train/clip_fraction,237568,0.116943359375
PPO_11,train/clip_fraction,239616,0.096435546875
PPO_11,train/clip_fraction,241664,0.16943359375
PPO_11,train/clip_fraction,243712,0.13857421278953552
PPO_11,train/clip_fraction,245760,0.17182616889476776
PPO_11,train/clip_fraction,247808,0.148193359375
PPO_11,train/clip_fraction,249856,0.150634765625
PPO_11,train/clip_fraction,251904,0.14711913466453552
PPO_11,train/clip_fraction,253952,0.17812499403953552
PPO_11,train/clip_fraction,256000,0.129150390625
PPO_11,train/clip_fraction,258048,0.13808593153953552
PPO_11,train/clip_fraction,260096,0.13925781846046448
PPO_11,train/clip_fraction,262144,0.20327147841453552
PPO_11,train/clip_fraction,264192,0.17050781846046448
PPO_11,train/clip_fraction,266240,0.146484375
PPO_11,train/clip_fraction,268288,0.13637694716453552
PPO_11,train/clip_fraction,270336,0.13779297471046448
PPO_11,train/clip_fraction,272384,0.15107421576976776
PPO_11,train/clip_fraction,274432,0.16166992485523224
PPO_11,train/clip_fraction,276480,0.14394530653953552
PPO_11,train/clip_fraction,278528,0.17294922471046448
PPO_11,train/clip_fraction,280576,0.14912109076976776
PPO_11,train/clip_fraction,282624,0.183837890625
PPO_11,train/clip_fraction,284672,0.16264648735523224
PPO_11,train/clip_fraction,286720,0.12143554538488388
PPO_11,train/clip_fraction,288768,0.17143554985523224
PPO_11,train/clip_fraction,290816,0.15351562201976776
PPO_11,train/clip_fraction,292864,0.15297850966453552
PPO_11,train/clip_fraction,294912,0.13544921576976776
PPO_11,train/clip_fraction,296960,0.17729492485523224
PPO_11,train/clip_fraction,299008,0.16064453125
PPO_11,train/clip_fraction,301056,0.13505859673023224
PPO_11,train/clip_range,4096,0.20000000298023224
PPO_11,train/clip_range,6144,0.20000000298023224
PPO_11,train/clip_range,8192,0.20000000298023224
PPO_11,train/clip_range,10240,0.20000000298023224
PPO_11,train/clip_range,12288,0.20000000298023224
PPO_11,train/clip_range,14336,0.20000000298023224
PPO_11,train/clip_range,16384,0.20000000298023224
PPO_11,train/clip_range,18432,0.20000000298023224
PPO_11,train/clip_range,20480,0.20000000298023224
PPO_11,train/clip_range,22528,0.20000000298023224
PPO_11,train/clip_range,24576,0.20000000298023224
PPO_11,train/clip_range,26624,0.20000000298023224
PPO_11,train/clip_range,28672,0.20000000298023224
PPO_11,train/clip_range,30720,0.20000000298023224
PPO_11,train/clip_range,32768,0.20000000298023224
PPO_11,train/clip_range,34816,0.20000000298023224
PPO_11,train/clip_range,36864,0.20000000298023224
PPO_11,train/clip_range,38912,0.20000000298023224
PPO_11,train/clip_range,40960,0.20000000298023224
PPO_11,train/clip_range,43008,0.20000000298023224
PPO_11,train/clip_range,45056,0.20000000298023224
PPO_11,train/clip_range,47104,0.20000000298023224
PPO_11,train/clip_range,49152,0.20000000298023224
PPO_11,train/clip_range,51200,0.20000000298023224
PPO_11,train/clip_range,53248,0.20000000298023224
PPO_11,train/clip_range,55296,0.20000000298023224
PPO_11,train/clip_range,57344,0.20000000298023224
PPO_11,train/clip_range,59392,0.20000000298023224
PPO_11,train/clip_range,61440,0.20000000298023224
PPO_11,train/clip_range,63488,0.20000000298023224
PPO_11,train/clip_range,65536,0.20000000298023224
PPO_11,train/clip_range,67584,0.20000000298023224
PPO_11,train/clip_range,69632,0.20000000298023224
PPO_11,train/clip_range,71680,0.20000000298023224
PPO_11,train/clip_range,73728,0.20000000298023224
PPO_11,train/clip_range,75776,0.20000000298023224
PPO_11,train/clip_range,77824,0.20000000298023224
PPO_11,train/clip_range,79872,0.20000000298023224
PPO_11,train/clip_range,81920,0.20000000298023224
PPO_11,train/clip_range,83968,0.20000000298023224
PPO_11,train/clip_range,86016,0.20000000298023224
PPO_11,train/clip_range,88064,0.20000000298023224
PPO_11,train/clip_range,90112,0.20000000298023224
PPO_11,train/clip_range,92160,0.20000000298023224
PPO_11,train/clip_range,94208,0.20000000298023224
PPO_11,train/clip_range,96256,0.20000000298023224
PPO_11,train/clip_range,98304,0.20000000298023224
PPO_11,train/clip_range,100352,0.20000000298023224
PPO_11,train/clip_range,102400,0.20000000298023224
PPO_11,train/clip_range,104448,0.20000000298023224
PPO_11,train/clip_range,106496,0.20000000298023224
PPO_11,train/clip_range,108544,0.20000000298023224
PPO_11,train/clip_range,110592,0.20000000298023224
PPO_11,train/clip_range,112640,0.20000000298023224
PPO_11,train/clip_range,114688,0.20000000298023224
PPO_11,train/clip_range,116736,0.20000000298023224
PPO_11,train/clip_range,118784,0.20000000298023224
PPO_11,train/clip_range,120832,0.20000000298023224
PPO_11,train/clip_range,122880,0.20000000298023224
PPO_11,train/clip_range,124928,0.20000000298023224
PPO_11,train/clip_range,126976,0.20000000298023224
PPO_11,train/clip_range,129024,0.20000000298023224
PPO_11,train/clip_range,131072,0.20000000298023224
PPO_11,train/clip_range,133120,0.20000000298023224
PPO_11,train/clip_range,135168,0.20000000298023224
PPO_11,train/clip_range,137216,0.20000000298023224
PPO_11,train/clip_range,139264,0.20000000298023224
PPO_11,train/clip_range,141312,0.20000000298023224
PPO_11,train/clip_range,143360,0.20000000298023224
PPO_11,train/clip_range,145408,0.20000000298023224
PPO_11,train/clip_range,147456,0.20000000298023224
PPO_11,train/clip_range,149504,0.20000000298023224
PPO_11,train/clip_range,151552,0.20000000298023224
PPO_11,train/clip_range,153600,0.20000000298023224
PPO_11,train/clip_range,155648,0.20000000298023224
PPO_11,train/clip_range,157696,0.20000000298023224
PPO_11,train/clip_range,159744,0.20000000298023224
PPO_11,train/clip_range,161792,0.20000000298023224
PPO_11,train/clip_range,163840,0.20000000298023224
PPO_11,train/clip_range,165888,0.20000000298023224
PPO_11,train/clip_range,167936,0.20000000298023224
PPO_11,train/clip_range,169984,0.20000000298023224
PPO_11,train/clip_range,172032,0.20000000298023224
PPO_11,train/clip_range,174080,0.20000000298023224
PPO_11,train/clip_range,176128,0.20000000298023224
PPO_11,train/clip_range,178176,0.20000000298023224
PPO_11,train/clip_range,180224,0.20000000298023224
PPO_11,train/clip_range,182272,0.20000000298023224
PPO_11,train/clip_range,184320,0.20000000298023224
PPO_11,train/clip_range,186368,0.20000000298023224
PPO_11,train/clip_range,188416,0.20000000298023224
PPO_11,train/clip_range,190464,0.20000000298023224
PPO_11,train/clip_range,192512,0.20000000298023224
PPO_11,train/clip_range,194560,0.20000000298023224
PPO_11,train/clip_range,196608,0.20000000298023224
PPO_11,train/clip_range,198656,0.20000000298023224
PPO_11,train/clip_range,200704,0.20000000298023224
PPO_11,train/clip_range,202752,0.20000000298023224
PPO_11,train/clip_range,204800,0.20000000298023224
PPO_11,train/clip_range,206848,0.20000000298023224
PPO_11,train/clip_range,208896,0.20000000298023224
PPO_11,train/clip_range,210944,0.20000000298023224
PPO_11,train/clip_range,212992,0.20000000298023224
PPO_11,train/clip_range,215040,0.20000000298023224
PPO_11,train/clip_range,217088,0.20000000298023224
PPO_11,train/clip_range,219136,0.20000000298023224
PPO_11,train/clip_range,221184,0.20000000298023224
PPO_11,train/clip_range,223232,0.20000000298023224
PPO_11,train/clip_range,225280,0.20000000298023224
PPO_11,train/clip_range,227328,0.20000000298023224
PPO_11,train/clip_range,229376,0.20000000298023224
PPO_11,train/clip_range,231424,0.20000000298023224
PPO_11,train/clip_range,233472,0.20000000298023224
PPO_11,train/clip_range,235520,0.20000000298023224
PPO_11,train/clip_range,237568,0.20000000298023224
PPO_11,train/clip_range,239616,0.20000000298023224
PPO_11,train/clip_range,241664,0.20000000298023224
PPO_11,train/clip_range,243712,0.20000000298023224
PPO_11,train/clip_range,245760,0.20000000298023224
PPO_11,train/clip_range,247808,0.20000000298023224
PPO_11,train/clip_range,249856,0.20000000298023224
PPO_11,train/clip_range,251904,0.20000000298023224
PPO_11,train/clip_range,253952,0.20000000298023224
PPO_11,train/clip_range,256000,0.20000000298023224
PPO_11,train/clip_range,258048,0.20000000298023224
PPO_11,train/clip_range,260096,0.20000000298023224
PPO_11,train/clip_range,262144,0.20000000298023224
PPO_11,train/clip_range,264192,0.20000000298023224
PPO_11,train/clip_range,266240,0.20000000298023224
PPO_11,train/clip_range,268288,0.20000000298023224
PPO_11,train/clip_range,270336,0.20000000298023224
PPO_11,train/clip_range,272384,0.20000000298023224
PPO_11,train/clip_range,274432,0.20000000298023224
PPO_11,train/clip_range,276480,0.20000000298023224
PPO_11,train/clip_range,278528,0.20000000298023224
PPO_11,train/clip_range,280576,0.20000000298023224
PPO_11,train/clip_range,282624,0.20000000298023224
PPO_11,train/clip_range,284672,0.20000000298023224
PPO_11,train/clip_range,286720,0.20000000298023224
PPO_11,train/clip_range,288768,0.20000000298023224
PPO_11,train/clip_range,290816,0.20000000298023224
PPO_11,train/clip_range,292864,0.20000000298023224
PPO_11,train/clip_range,294912,0.20000000298023224
PPO_11,train/clip_range,296960,0.20000000298023224
PPO_11,train/clip_range,299008,0.20000000298023224
PPO_11,train/clip_range,301056,0.20000000298023224
PPO_11,train/entropy_loss,4096,-22.71839141845703
PPO_11,train/entropy_loss,6144,-22.730825424194336
PPO_11,train/entropy_loss,8192,-22.742122650146484
PPO_11,train/entropy_loss,10240,-22.74976921081543
PPO_11,train/entropy_loss,12288,-22.779926300048828
PPO_11,train/entropy_loss,14336,-22.80857276916504
PPO_11,train/entropy_loss,16384,-22.810331344604492
PPO_11,train/entropy_loss,18432,-22.828262329101562
PPO_11,train/entropy_loss,20480,-22.862415313720703
PPO_11,train/entropy_loss,22528,-22.90618133544922
PPO_11,train/entropy_loss,24576,-22.92780303955078
PPO_11,train/entropy_loss,26624,-22.94987678527832
PPO_11,train/entropy_loss,28672,-22.99108123779297
PPO_11,train/entropy_loss,30720,-23.031982421875
PPO_11,train/entropy_loss,32768,-23.072860717773438
PPO_11,train/entropy_loss,34816,-23.108352661132812
PPO_11,train/entropy_loss,36864,-23.14476203918457
PPO_11,train/entropy_loss,38912,-23.162147521972656
PPO_11,train/entropy_loss,40960,-23.178791046142578
PPO_11,train/entropy_loss,43008,-23.188867568969727
PPO_11,train/entropy_loss,45056,-23.215660095214844
PPO_11,train/entropy_loss,47104,-23.25508689880371
PPO_11,train/entropy_loss,49152,-23.283279418945312
PPO_11,train/entropy_loss,51200,-23.3172607421875
PPO_11,train/entropy_loss,53248,-23.341577529907227
PPO_11,train/entropy_loss,55296,-23.36249351501465
PPO_11,train/entropy_loss,57344,-23.385114669799805
PPO_11,train/entropy_loss,59392,-23.41448402404785
PPO_11,train/entropy_loss,61440,-23.44063949584961
PPO_11,train/entropy_loss,63488,-23.483196258544922
PPO_11,train/entropy_loss,65536,-23.533836364746094
PPO_11,train/entropy_loss,67584,-23.572851181030273
PPO_11,train/entropy_loss,69632,-23.60340118408203
PPO_11,train/entropy_loss,71680,-23.65518569946289
PPO_11,train/entropy_loss,73728,-23.69167137145996
PPO_11,train/entropy_loss,75776,-23.707874298095703
PPO_11,train/entropy_loss,77824,-23.754640579223633
PPO_11,train/entropy_loss,79872,-23.789230346679688
PPO_11,train/entropy_loss,81920,-23.798933029174805
PPO_11,train/entropy_loss,83968,-23.807641983032227
PPO_11,train/entropy_loss,86016,-23.83300018310547
PPO_11,train/entropy_loss,88064,-23.86558723449707
PPO_11,train/entropy_loss,90112,-23.887313842773438
PPO_11,train/entropy_loss,92160,-23.894386291503906
PPO_11,train/entropy_loss,94208,-23.918437957763672
PPO_11,train/entropy_loss,96256,-23.957015991210938
PPO_11,train/entropy_loss,98304,-23.994979858398438
PPO_11,train/entropy_loss,100352,-23.99960708618164
PPO_11,train/entropy_loss,102400,-23.997798919677734
PPO_11,train/entropy_loss,104448,-24.01016616821289
PPO_11,train/entropy_loss,106496,-24.04789161682129
PPO_11,train/entropy_loss,108544,-24.059450149536133
PPO_11,train/entropy_loss,110592,-24.06987953186035
PPO_11,train/entropy_loss,112640,-24.106128692626953
PPO_11,train/entropy_loss,114688,-24.155208587646484
PPO_11,train/entropy_loss,116736,-24.229795455932617
PPO_11,train/entropy_loss,118784,-24.270721435546875
PPO_11,train/entropy_loss,120832,-24.297191619873047
PPO_11,train/entropy_loss,122880,-24.32522201538086
PPO_11,train/entropy_loss,124928,-24.36451530456543
PPO_11,train/entropy_loss,126976,-24.401508331298828
PPO_11,train/entropy_loss,129024,-24.42415428161621
PPO_11,train/entropy_loss,131072,-24.458965301513672
PPO_11,train/entropy_loss,133120,-24.471162796020508
PPO_11,train/entropy_loss,135168,-24.5067195892334
PPO_11,train/entropy_loss,137216,-24.531688690185547
PPO_11,train/entropy_loss,139264,-24.55385971069336
PPO_11,train/entropy_loss,141312,-24.6041202545166
PPO_11,train/entropy_loss,143360,-24.63821792602539
PPO_11,train/entropy_loss,145408,-24.659868240356445
PPO_11,train/entropy_loss,147456,-24.702547073364258
PPO_11,train/entropy_loss,149504,-24.730457305908203
PPO_11,train/entropy_loss,151552,-24.747983932495117
PPO_11,train/entropy_loss,153600,-24.755985260009766
PPO_11,train/entropy_loss,155648,-24.761960983276367
PPO_11,train/entropy_loss,157696,-24.764652252197266
PPO_11,train/entropy_loss,159744,-24.79296875
PPO_11,train/entropy_loss,161792,-24.833250045776367
PPO_11,train/entropy_loss,163840,-24.84370231628418
PPO_11,train/entropy_loss,165888,-24.872940063476562
PPO_11,train/entropy_loss,167936,-24.88935661315918
PPO_11,train/entropy_loss,169984,-24.929122924804688
PPO_11,train/entropy_loss,172032,-24.975004196166992
PPO_11,train/entropy_loss,174080,-24.998945236206055
PPO_11,train/entropy_loss,176128,-25.031478881835938
PPO_11,train/entropy_loss,178176,-25.082807540893555
PPO_11,train/entropy_loss,180224,-25.132408142089844
PPO_11,train/entropy_loss,182272,-25.189105987548828
PPO_11,train/entropy_loss,184320,-25.21881103515625
PPO_11,train/entropy_loss,186368,-25.252389907836914
PPO_11,train/entropy_loss,188416,-25.303524017333984
PPO_11,train/entropy_loss,190464,-25.353931427001953
PPO_11,train/entropy_loss,192512,-25.40253257751465
PPO_11,train/entropy_loss,194560,-25.46295738220215
PPO_11,train/entropy_loss,196608,-25.50935935974121
PPO_11,train/entropy_loss,198656,-25.550199508666992
PPO_11,train/entropy_loss,200704,-25.574522018432617
PPO_11,train/entropy_loss,202752,-25.599990844726562
PPO_11,train/entropy_loss,204800,-25.637409210205078
PPO_11,train/entropy_loss,206848,-25.663320541381836
PPO_11,train/entropy_loss,208896,-25.705955505371094
PPO_11,train/entropy_loss,210944,-25.767751693725586
PPO_11,train/entropy_loss,212992,-25.81035041809082
PPO_11,train/entropy_loss,215040,-25.813264846801758
PPO_11,train/entropy_loss,217088,-25.837779998779297
PPO_11,train/entropy_loss,219136,-25.87333106994629
PPO_11,train/entropy_loss,221184,-25.899147033691406
PPO_11,train/entropy_loss,223232,-25.920299530029297
PPO_11,train/entropy_loss,225280,-25.94805145263672
PPO_11,train/entropy_loss,227328,-25.93117332458496
PPO_11,train/entropy_loss,229376,-25.94657325744629
PPO_11,train/entropy_loss,231424,-25.997413635253906
PPO_11,train/entropy_loss,233472,-26.07309341430664
PPO_11,train/entropy_loss,235520,-26.113269805908203
PPO_11,train/entropy_loss,237568,-26.16230583190918
PPO_11,train/entropy_loss,239616,-26.214284896850586
PPO_11,train/entropy_loss,241664,-26.25990867614746
PPO_11,train/entropy_loss,243712,-26.302520751953125
PPO_11,train/entropy_loss,245760,-26.35515594482422
PPO_11,train/entropy_loss,247808,-26.375307083129883
PPO_11,train/entropy_loss,249856,-26.394868850708008
PPO_11,train/entropy_loss,251904,-26.424978256225586
PPO_11,train/entropy_loss,253952,-26.456375122070312
PPO_11,train/entropy_loss,256000,-26.489601135253906
PPO_11,train/entropy_loss,258048,-26.54566764831543
PPO_11,train/entropy_loss,260096,-26.608572006225586
PPO_11,train/entropy_loss,262144,-26.666500091552734
PPO_11,train/entropy_loss,264192,-26.71377182006836
PPO_11,train/entropy_loss,266240,-26.740739822387695
PPO_11,train/entropy_loss,268288,-26.78716278076172
PPO_11,train/entropy_loss,270336,-26.839921951293945
PPO_11,train/entropy_loss,272384,-26.92850112915039
PPO_11,train/entropy_loss,274432,-27.02033805847168
PPO_11,train/entropy_loss,276480,-27.085681915283203
PPO_11,train/entropy_loss,278528,-27.12384605407715
PPO_11,train/entropy_loss,280576,-27.144874572753906
PPO_11,train/entropy_loss,282624,-27.165205001831055
PPO_11,train/entropy_loss,284672,-27.237058639526367
PPO_11,train/entropy_loss,286720,-27.28865623474121
PPO_11,train/entropy_loss,288768,-27.32061195373535
PPO_11,train/entropy_loss,290816,-27.357101440429688
PPO_11,train/entropy_loss,292864,-27.412059783935547
PPO_11,train/entropy_loss,294912,-27.475637435913086
PPO_11,train/entropy_loss,296960,-27.50181007385254
PPO_11,train/entropy_loss,299008,-27.5069580078125
PPO_11,train/entropy_loss,301056,-27.530012130737305
PPO_11,train/explained_variance,4096,-0.6404926776885986
PPO_11,train/explained_variance,6144,0.2660411596298218
PPO_11,train/explained_variance,8192,0.4036521315574646
PPO_11,train/explained_variance,10240,0.5978764295578003
PPO_11,train/explained_variance,12288,0.8362560868263245
PPO_11,train/explained_variance,14336,0.6330822706222534
PPO_11,train/explained_variance,16384,0.7558959126472473
PPO_11,train/explained_variance,18432,0.8698748350143433
PPO_11,train/explained_variance,20480,0.8592658638954163
PPO_11,train/explained_variance,22528,0.9002649188041687
PPO_11,train/explained_variance,24576,0.8835989832878113
PPO_11,train/explained_variance,26624,0.8799027800559998
PPO_11,train/explained_variance,28672,0.9333624839782715
PPO_11,train/explained_variance,30720,0.856624960899353
PPO_11,train/explained_variance,32768,0.9042145609855652
PPO_11,train/explained_variance,34816,0.7805889844894409
PPO_11,train/explained_variance,36864,0.9285970330238342
PPO_11,train/explained_variance,38912,0.9276305437088013
PPO_11,train/explained_variance,40960,0.875914990901947
PPO_11,train/explained_variance,43008,0.917546808719635
PPO_11,train/explained_variance,45056,0.6001267433166504
PPO_11,train/explained_variance,47104,0.9408127069473267
PPO_11,train/explained_variance,49152,0.9293738007545471
PPO_11,train/explained_variance,51200,0.9189443588256836
PPO_11,train/explained_variance,53248,0.9249666929244995
PPO_11,train/explained_variance,55296,0.790925920009613
PPO_11,train/explained_variance,57344,0.6536304950714111
PPO_11,train/explained_variance,59392,0.6744505763053894
PPO_11,train/explained_variance,61440,0.9185263514518738
PPO_11,train/explained_variance,63488,0.9002465009689331
PPO_11,train/explained_variance,65536,0.9109413623809814
PPO_11,train/explained_variance,67584,0.8229265809059143
PPO_11,train/explained_variance,69632,0.6996922492980957
PPO_11,train/explained_variance,71680,0.9065461158752441
PPO_11,train/explained_variance,73728,0.9033058285713196
PPO_11,train/explained_variance,75776,0.8500931262969971
PPO_11,train/explained_variance,77824,0.9530519843101501
PPO_11,train/explained_variance,79872,0.9254419207572937
PPO_11,train/explained_variance,81920,0.8791033625602722
PPO_11,train/explained_variance,83968,0.8523589372634888
PPO_11,train/explained_variance,86016,0.9516231417655945
PPO_11,train/explained_variance,88064,0.8754578232765198
PPO_11,train/explained_variance,90112,0.8623006343841553
PPO_11,train/explained_variance,92160,0.9124120473861694
PPO_11,train/explained_variance,94208,0.943871796131134
PPO_11,train/explained_variance,96256,0.8992956876754761
PPO_11,train/explained_variance,98304,0.9452450275421143
PPO_11,train/explained_variance,100352,0.9518980383872986
PPO_11,train/explained_variance,102400,0.9163469076156616
PPO_11,train/explained_variance,104448,0.7912836074829102
PPO_11,train/explained_variance,106496,0.8631729483604431
PPO_11,train/explained_variance,108544,0.9105833172798157
PPO_11,train/explained_variance,110592,0.8943917155265808
PPO_11,train/explained_variance,112640,0.9035510420799255
PPO_11,train/explained_variance,114688,0.9585027098655701
PPO_11,train/explained_variance,116736,0.9634870290756226
PPO_11,train/explained_variance,118784,0.9233813285827637
PPO_11,train/explained_variance,120832,0.8887510895729065
PPO_11,train/explained_variance,122880,0.9333913922309875
PPO_11,train/explained_variance,124928,0.8688007593154907
PPO_11,train/explained_variance,126976,0.8882758617401123
PPO_11,train/explained_variance,129024,0.8973004817962646
PPO_11,train/explained_variance,131072,0.9350406527519226
PPO_11,train/explained_variance,133120,0.9286944270133972
PPO_11,train/explained_variance,135168,0.9598460793495178
PPO_11,train/explained_variance,137216,0.9321383237838745
PPO_11,train/explained_variance,139264,0.9083434343338013
PPO_11,train/explained_variance,141312,0.7798306345939636
PPO_11,train/explained_variance,143360,0.9208881258964539
PPO_11,train/explained_variance,145408,0.9080788493156433
PPO_11,train/explained_variance,147456,0.9399362802505493
PPO_11,train/explained_variance,149504,0.9590641856193542
PPO_11,train/explained_variance,151552,0.9449799656867981
PPO_11,train/explained_variance,153600,0.8988127708435059
PPO_11,train/explained_variance,155648,0.927160918712616
PPO_11,train/explained_variance,157696,0.8695040941238403
PPO_11,train/explained_variance,159744,0.9330313205718994
PPO_11,train/explained_variance,161792,0.8738579750061035
PPO_11,train/explained_variance,163840,0.9060472249984741
PPO_11,train/explained_variance,165888,0.8253973722457886
PPO_11,train/explained_variance,167936,0.9152198433876038
PPO_11,train/explained_variance,169984,0.8688319325447083
PPO_11,train/explained_variance,172032,0.9617771506309509
PPO_11,train/explained_variance,174080,0.9365957975387573
PPO_11,train/explained_variance,176128,0.7751560807228088
PPO_11,train/explained_variance,178176,0.8902784585952759
PPO_11,train/explained_variance,180224,0.9233716130256653
PPO_11,train/explained_variance,182272,0.8308026194572449
PPO_11,train/explained_variance,184320,0.8595523238182068
PPO_11,train/explained_variance,186368,0.9622368216514587
PPO_11,train/explained_variance,188416,0.9550281167030334
PPO_11,train/explained_variance,190464,0.9223370552062988
PPO_11,train/explained_variance,192512,0.9125404357910156
PPO_11,train/explained_variance,194560,0.9305146336555481
PPO_11,train/explained_variance,196608,0.9579800963401794
PPO_11,train/explained_variance,198656,0.9170956015586853
PPO_11,train/explained_variance,200704,0.796667218208313
PPO_11,train/explained_variance,202752,0.9199253916740417
PPO_11,train/explained_variance,204800,0.8763148188591003
PPO_11,train/explained_variance,206848,0.883867621421814
PPO_11,train/explained_variance,208896,0.9515888690948486
PPO_11,train/explained_variance,210944,0.9612582921981812
PPO_11,train/explained_variance,212992,0.9580474495887756
PPO_11,train/explained_variance,215040,0.9487818479537964
PPO_11,train/explained_variance,217088,0.9404217004776001
PPO_11,train/explained_variance,219136,0.8963848352432251
PPO_11,train/explained_variance,221184,0.8104196190834045
PPO_11,train/explained_variance,223232,0.9583367705345154
PPO_11,train/explained_variance,225280,0.9251738786697388
PPO_11,train/explained_variance,227328,0.8942495584487915
PPO_11,train/explained_variance,229376,0.9485596418380737
PPO_11,train/explained_variance,231424,0.9710215926170349
PPO_11,train/explained_variance,233472,0.9460873007774353
PPO_11,train/explained_variance,235520,0.8937090635299683
PPO_11,train/explained_variance,237568,0.7849421501159668
PPO_11,train/explained_variance,239616,0.6056760549545288
PPO_11,train/explained_variance,241664,0.9555761218070984
PPO_11,train/explained_variance,243712,0.7847214937210083
PPO_11,train/explained_variance,245760,0.9433579444885254
PPO_11,train/explained_variance,247808,0.9215964674949646
PPO_11,train/explained_variance,249856,0.923107922077179
PPO_11,train/explained_variance,251904,0.9023844003677368
PPO_11,train/explained_variance,253952,0.9441813230514526
PPO_11,train/explained_variance,256000,0.851418137550354
PPO_11,train/explained_variance,258048,0.8386148810386658
PPO_11,train/explained_variance,260096,0.86766517162323
PPO_11,train/explained_variance,262144,0.9414538145065308
PPO_11,train/explained_variance,264192,0.9320414066314697
PPO_11,train/explained_variance,266240,0.9471665024757385
PPO_11,train/explained_variance,268288,0.5266546607017517
PPO_11,train/explained_variance,270336,0.7327163219451904
PPO_11,train/explained_variance,272384,0.8390180468559265
PPO_11,train/explained_variance,274432,0.8925420045852661
PPO_11,train/explained_variance,276480,0.9564979672431946
PPO_11,train/explained_variance,278528,0.7798604369163513
PPO_11,train/explained_variance,280576,0.9171916842460632
PPO_11,train/explained_variance,282624,0.9719954133033752
PPO_11,train/explained_variance,284672,0.9441342353820801
PPO_11,train/explained_variance,286720,0.9467192888259888
PPO_11,train/explained_variance,288768,0.9542393088340759
PPO_11,train/explained_variance,290816,0.9336498379707336
PPO_11,train/explained_variance,292864,0.9201982617378235
PPO_11,train/explained_variance,294912,0.8575689792633057
PPO_11,train/explained_variance,296960,0.9288827776908875
PPO_11,train/explained_variance,299008,0.9349148869514465
PPO_11,train/explained_variance,301056,0.31044936180114746
PPO_11,train/learning_rate,4096,0.0003000000142492354
PPO_11,train/learning_rate,6144,0.0003000000142492354
PPO_11,train/learning_rate,8192,0.0003000000142492354
PPO_11,train/learning_rate,10240,0.0003000000142492354
PPO_11,train/learning_rate,12288,0.0003000000142492354
PPO_11,train/learning_rate,14336,0.0003000000142492354
PPO_11,train/learning_rate,16384,0.0003000000142492354
PPO_11,train/learning_rate,18432,0.0003000000142492354
PPO_11,train/learning_rate,20480,0.0003000000142492354
PPO_11,train/learning_rate,22528,0.0003000000142492354
PPO_11,train/learning_rate,24576,0.0003000000142492354
PPO_11,train/learning_rate,26624,0.0003000000142492354
PPO_11,train/learning_rate,28672,0.0003000000142492354
PPO_11,train/learning_rate,30720,0.0003000000142492354
PPO_11,train/learning_rate,32768,0.0003000000142492354
PPO_11,train/learning_rate,34816,0.0003000000142492354
PPO_11,train/learning_rate,36864,0.0003000000142492354
PPO_11,train/learning_rate,38912,0.0003000000142492354
PPO_11,train/learning_rate,40960,0.0003000000142492354
PPO_11,train/learning_rate,43008,0.0003000000142492354
PPO_11,train/learning_rate,45056,0.0003000000142492354
PPO_11,train/learning_rate,47104,0.0003000000142492354
PPO_11,train/learning_rate,49152,0.0003000000142492354
PPO_11,train/learning_rate,51200,0.0003000000142492354
PPO_11,train/learning_rate,53248,0.0003000000142492354
PPO_11,train/learning_rate,55296,0.0003000000142492354
PPO_11,train/learning_rate,57344,0.0003000000142492354
PPO_11,train/learning_rate,59392,0.0003000000142492354
PPO_11,train/learning_rate,61440,0.0003000000142492354
PPO_11,train/learning_rate,63488,0.0003000000142492354
PPO_11,train/learning_rate,65536,0.0003000000142492354
PPO_11,train/learning_rate,67584,0.0003000000142492354
PPO_11,train/learning_rate,69632,0.0003000000142492354
PPO_11,train/learning_rate,71680,0.0003000000142492354
PPO_11,train/learning_rate,73728,0.0003000000142492354
PPO_11,train/learning_rate,75776,0.0003000000142492354
PPO_11,train/learning_rate,77824,0.0003000000142492354
PPO_11,train/learning_rate,79872,0.0003000000142492354
PPO_11,train/learning_rate,81920,0.0003000000142492354
PPO_11,train/learning_rate,83968,0.0003000000142492354
PPO_11,train/learning_rate,86016,0.0003000000142492354
PPO_11,train/learning_rate,88064,0.0003000000142492354
PPO_11,train/learning_rate,90112,0.0003000000142492354
PPO_11,train/learning_rate,92160,0.0003000000142492354
PPO_11,train/learning_rate,94208,0.0003000000142492354
PPO_11,train/learning_rate,96256,0.0003000000142492354
PPO_11,train/learning_rate,98304,0.0003000000142492354
PPO_11,train/learning_rate,100352,0.0003000000142492354
PPO_11,train/learning_rate,102400,0.0003000000142492354
PPO_11,train/learning_rate,104448,0.0003000000142492354
PPO_11,train/learning_rate,106496,0.0003000000142492354
PPO_11,train/learning_rate,108544,0.0003000000142492354
PPO_11,train/learning_rate,110592,0.0003000000142492354
PPO_11,train/learning_rate,112640,0.0003000000142492354
PPO_11,train/learning_rate,114688,0.0003000000142492354
PPO_11,train/learning_rate,116736,0.0003000000142492354
PPO_11,train/learning_rate,118784,0.0003000000142492354
PPO_11,train/learning_rate,120832,0.0003000000142492354
PPO_11,train/learning_rate,122880,0.0003000000142492354
PPO_11,train/learning_rate,124928,0.0003000000142492354
PPO_11,train/learning_rate,126976,0.0003000000142492354
PPO_11,train/learning_rate,129024,0.0003000000142492354
PPO_11,train/learning_rate,131072,0.0003000000142492354
PPO_11,train/learning_rate,133120,0.0003000000142492354
PPO_11,train/learning_rate,135168,0.0003000000142492354
PPO_11,train/learning_rate,137216,0.0003000000142492354
PPO_11,train/learning_rate,139264,0.0003000000142492354
PPO_11,train/learning_rate,141312,0.0003000000142492354
PPO_11,train/learning_rate,143360,0.0003000000142492354
PPO_11,train/learning_rate,145408,0.0003000000142492354
PPO_11,train/learning_rate,147456,0.0003000000142492354
PPO_11,train/learning_rate,149504,0.0003000000142492354
PPO_11,train/learning_rate,151552,0.0003000000142492354
PPO_11,train/learning_rate,153600,0.0003000000142492354
PPO_11,train/learning_rate,155648,0.0003000000142492354
PPO_11,train/learning_rate,157696,0.0003000000142492354
PPO_11,train/learning_rate,159744,0.0003000000142492354
PPO_11,train/learning_rate,161792,0.0003000000142492354
PPO_11,train/learning_rate,163840,0.0003000000142492354
PPO_11,train/learning_rate,165888,0.0003000000142492354
PPO_11,train/learning_rate,167936,0.0003000000142492354
PPO_11,train/learning_rate,169984,0.0003000000142492354
PPO_11,train/learning_rate,172032,0.0003000000142492354
PPO_11,train/learning_rate,174080,0.0003000000142492354
PPO_11,train/learning_rate,176128,0.0003000000142492354
PPO_11,train/learning_rate,178176,0.0003000000142492354
PPO_11,train/learning_rate,180224,0.0003000000142492354
PPO_11,train/learning_rate,182272,0.0003000000142492354
PPO_11,train/learning_rate,184320,0.0003000000142492354
PPO_11,train/learning_rate,186368,0.0003000000142492354
PPO_11,train/learning_rate,188416,0.0003000000142492354
PPO_11,train/learning_rate,190464,0.0003000000142492354
PPO_11,train/learning_rate,192512,0.0003000000142492354
PPO_11,train/learning_rate,194560,0.0003000000142492354
PPO_11,train/learning_rate,196608,0.0003000000142492354
PPO_11,train/learning_rate,198656,0.0003000000142492354
PPO_11,train/learning_rate,200704,0.0003000000142492354
PPO_11,train/learning_rate,202752,0.0003000000142492354
PPO_11,train/learning_rate,204800,0.0003000000142492354
PPO_11,train/learning_rate,206848,0.0003000000142492354
PPO_11,train/learning_rate,208896,0.0003000000142492354
PPO_11,train/learning_rate,210944,0.0003000000142492354
PPO_11,train/learning_rate,212992,0.0003000000142492354
PPO_11,train/learning_rate,215040,0.0003000000142492354
PPO_11,train/learning_rate,217088,0.0003000000142492354
PPO_11,train/learning_rate,219136,0.0003000000142492354
PPO_11,train/learning_rate,221184,0.0003000000142492354
PPO_11,train/learning_rate,223232,0.0003000000142492354
PPO_11,train/learning_rate,225280,0.0003000000142492354
PPO_11,train/learning_rate,227328,0.0003000000142492354
PPO_11,train/learning_rate,229376,0.0003000000142492354
PPO_11,train/learning_rate,231424,0.0003000000142492354
PPO_11,train/learning_rate,233472,0.0003000000142492354
PPO_11,train/learning_rate,235520,0.0003000000142492354
PPO_11,train/learning_rate,237568,0.0003000000142492354
PPO_11,train/learning_rate,239616,0.0003000000142492354
PPO_11,train/learning_rate,241664,0.0003000000142492354
PPO_11,train/learning_rate,243712,0.0003000000142492354
PPO_11,train/learning_rate,245760,0.0003000000142492354
PPO_11,train/learning_rate,247808,0.0003000000142492354
PPO_11,train/learning_rate,249856,0.0003000000142492354
PPO_11,train/learning_rate,251904,0.0003000000142492354
PPO_11,train/learning_rate,253952,0.0003000000142492354
PPO_11,train/learning_rate,256000,0.0003000000142492354
PPO_11,train/learning_rate,258048,0.0003000000142492354
PPO_11,train/learning_rate,260096,0.0003000000142492354
PPO_11,train/learning_rate,262144,0.0003000000142492354
PPO_11,train/learning_rate,264192,0.0003000000142492354
PPO_11,train/learning_rate,266240,0.0003000000142492354
PPO_11,train/learning_rate,268288,0.0003000000142492354
PPO_11,train/learning_rate,270336,0.0003000000142492354
PPO_11,train/learning_rate,272384,0.0003000000142492354
PPO_11,train/learning_rate,274432,0.0003000000142492354
PPO_11,train/learning_rate,276480,0.0003000000142492354
PPO_11,train/learning_rate,278528,0.0003000000142492354
PPO_11,train/learning_rate,280576,0.0003000000142492354
PPO_11,train/learning_rate,282624,0.0003000000142492354
PPO_11,train/learning_rate,284672,0.0003000000142492354
PPO_11,train/learning_rate,286720,0.0003000000142492354
PPO_11,train/learning_rate,288768,0.0003000000142492354
PPO_11,train/learning_rate,290816,0.0003000000142492354
PPO_11,train/learning_rate,292864,0.0003000000142492354
PPO_11,train/learning_rate,294912,0.0003000000142492354
PPO_11,train/learning_rate,296960,0.0003000000142492354
PPO_11,train/learning_rate,299008,0.0003000000142492354
PPO_11,train/learning_rate,301056,0.0003000000142492354
PPO_11,train/loss,4096,-0.22912149131298065
PPO_11,train/loss,6144,-0.27349409461021423
PPO_11,train/loss,8192,-0.2716648280620575
PPO_11,train/loss,10240,-0.28514572978019714
PPO_11,train/loss,12288,-0.2645401954650879
PPO_11,train/loss,14336,-0.27956557273864746
PPO_11,train/loss,16384,-0.2856682240962982
PPO_11,train/loss,18432,-0.2714427411556244
PPO_11,train/loss,20480,-0.271610826253891
PPO_11,train/loss,22528,-0.27891162037849426
PPO_11,train/loss,24576,-0.2925085425376892
PPO_11,train/loss,26624,-0.28845450282096863
PPO_11,train/loss,28672,-0.2660349905490875
PPO_11,train/loss,30720,-0.29126590490341187
PPO_11,train/loss,32768,-0.29512739181518555
PPO_11,train/loss,34816,-0.29556214809417725
PPO_11,train/loss,36864,-0.2916486859321594
PPO_11,train/loss,38912,-0.291355699300766
PPO_11,train/loss,40960,-0.3040737211704254
PPO_11,train/loss,43008,-0.28523096442222595
PPO_11,train/loss,45056,-0.29810410737991333
PPO_11,train/loss,47104,-0.298633337020874
PPO_11,train/loss,49152,-0.2899899482727051
PPO_11,train/loss,51200,-0.2976725995540619
PPO_11,train/loss,53248,-0.275002121925354
PPO_11,train/loss,55296,-0.2966403663158417
PPO_11,train/loss,57344,-0.295749306678772
PPO_11,train/loss,59392,-0.2989906072616577
PPO_11,train/loss,61440,-0.2791632115840912
PPO_11,train/loss,63488,-0.2945881187915802
PPO_11,train/loss,65536,-0.29448527097702026
PPO_11,train/loss,67584,-0.29511210322380066
PPO_11,train/loss,69632,-0.30345720052719116
PPO_11,train/loss,71680,-0.3027379810810089
PPO_11,train/loss,73728,-0.31103935837745667
PPO_11,train/loss,75776,-0.3008307218551636
PPO_11,train/loss,77824,-0.2997351288795471
PPO_11,train/loss,79872,-0.30097877979278564
PPO_11,train/loss,81920,-0.3194067180156708
PPO_11,train/loss,83968,-0.3052213490009308
PPO_11,train/loss,86016,-0.2942761182785034
PPO_11,train/loss,88064,-0.3196519911289215
PPO_11,train/loss,90112,-0.3031933009624481
PPO_11,train/loss,92160,-0.2947980761528015
PPO_11,train/loss,94208,-0.3003542423248291
PPO_11,train/loss,96256,-0.30616113543510437
PPO_11,train/loss,98304,-0.3094158172607422
PPO_11,train/loss,100352,-0.29933616518974304
PPO_11,train/loss,102400,-0.30238965153694153
PPO_11,train/loss,104448,-0.3034816384315491
PPO_11,train/loss,106496,-0.3086283504962921
PPO_11,train/loss,108544,-0.3148551285266876
PPO_11,train/loss,110592,-0.30227890610694885
PPO_11,train/loss,112640,-0.29509612917900085
PPO_11,train/loss,114688,-0.3018872141838074
PPO_11,train/loss,116736,-0.29577791690826416
PPO_11,train/loss,118784,-0.3049507439136505
PPO_11,train/loss,120832,-0.30937492847442627
PPO_11,train/loss,122880,-0.3021664321422577
PPO_11,train/loss,124928,-0.30921265482902527
PPO_11,train/loss,126976,-0.31125152111053467
PPO_11,train/loss,129024,-0.31390678882598877
PPO_11,train/loss,131072,-0.29886990785598755
PPO_11,train/loss,133120,-0.31524571776390076
PPO_11,train/loss,135168,-0.30244502425193787
PPO_11,train/loss,137216,-0.30839625000953674
PPO_11,train/loss,139264,-0.2923736572265625
PPO_11,train/loss,141312,-0.31477904319763184
PPO_11,train/loss,143360,-0.3095496892929077
PPO_11,train/loss,145408,-0.30850130319595337
PPO_11,train/loss,147456,-0.3156466484069824
PPO_11,train/loss,149504,-0.2967921495437622
PPO_11,train/loss,151552,-0.3064257502555847
PPO_11,train/loss,153600,-0.30014896392822266
PPO_11,train/loss,155648,-0.3166389763355255
PPO_11,train/loss,157696,-0.30629169940948486
PPO_11,train/loss,159744,-0.3167462646961212
PPO_11,train/loss,161792,-0.30316266417503357
PPO_11,train/loss,163840,-0.31032508611679077
PPO_11,train/loss,165888,-0.2941528260707855
PPO_11,train/loss,167936,-0.29804158210754395
PPO_11,train/loss,169984,-0.30290600657463074
PPO_11,train/loss,172032,-0.311078816652298
PPO_11,train/loss,174080,-0.31040120124816895
PPO_11,train/loss,176128,-0.28903108835220337
PPO_11,train/loss,178176,-0.3091296851634979
PPO_11,train/loss,180224,-0.32391357421875
PPO_11,train/loss,182272,-0.30703112483024597
PPO_11,train/loss,184320,-0.3262297809123993
PPO_11,train/loss,186368,-0.323309987783432
PPO_11,train/loss,188416,-0.3051055371761322
PPO_11,train/loss,190464,-0.3110731840133667
PPO_11,train/loss,192512,-0.3002608120441437
PPO_11,train/loss,194560,-0.31300902366638184
PPO_11,train/loss,196608,-0.31020888686180115
PPO_11,train/loss,198656,-0.31316429376602173
PPO_11,train/loss,200704,-0.28052613139152527
PPO_11,train/loss,202752,-0.2982066869735718
PPO_11,train/loss,204800,-0.31501224637031555
PPO_11,train/loss,206848,-0.3169255256652832
PPO_11,train/loss,208896,-0.32696208357810974
PPO_11,train/loss,210944,-0.336052268743515
PPO_11,train/loss,212992,-0.30617934465408325
PPO_11,train/loss,215040,-0.3281897008419037
PPO_11,train/loss,217088,-0.33396488428115845
PPO_11,train/loss,219136,-0.3099578320980072
PPO_11,train/loss,221184,-0.31854447722435
PPO_11,train/loss,223232,-0.30887648463249207
PPO_11,train/loss,225280,-0.33984264731407166
PPO_11,train/loss,227328,-0.31322264671325684
PPO_11,train/loss,229376,-0.3292975425720215
PPO_11,train/loss,231424,-0.30465641617774963
PPO_11,train/loss,233472,-0.3291756808757782
PPO_11,train/loss,235520,-0.3222578465938568
PPO_11,train/loss,237568,-0.30403971672058105
PPO_11,train/loss,239616,-0.30752575397491455
PPO_11,train/loss,241664,-0.33289051055908203
PPO_11,train/loss,243712,-0.3152505159378052
PPO_11,train/loss,245760,-0.32903921604156494
PPO_11,train/loss,247808,-0.32013964653015137
PPO_11,train/loss,249856,-0.30872097611427307
PPO_11,train/loss,251904,-0.31194713711738586
PPO_11,train/loss,253952,-0.3243577778339386
PPO_11,train/loss,256000,-0.3063809871673584
PPO_11,train/loss,258048,-0.3213619887828827
PPO_11,train/loss,260096,-0.3166497051715851
PPO_11,train/loss,262144,-0.3359778821468353
PPO_11,train/loss,264192,-0.3334542214870453
PPO_11,train/loss,266240,-0.3341080844402313
PPO_11,train/loss,268288,-0.3343863785266876
PPO_11,train/loss,270336,-0.31697332859039307
PPO_11,train/loss,272384,-0.3180204927921295
PPO_11,train/loss,274432,-0.3241565525531769
PPO_11,train/loss,276480,-0.3237256407737732
PPO_11,train/loss,278528,-0.3250895142555237
PPO_11,train/loss,280576,-0.33945995569229126
PPO_11,train/loss,282624,-0.33583295345306396
PPO_11,train/loss,284672,-0.33748921751976013
PPO_11,train/loss,286720,-0.3259299397468567
PPO_11,train/loss,288768,-0.34616121649742126
PPO_11,train/loss,290816,-0.32596179842948914
PPO_11,train/loss,292864,-0.33432745933532715
PPO_11,train/loss,294912,-0.3374428451061249
PPO_11,train/loss,296960,-0.32134413719177246
PPO_11,train/loss,299008,-0.32483816146850586
PPO_11,train/loss,301056,-0.32120710611343384
PPO_11,train/policy_gradient_loss,4096,-0.03373083472251892
PPO_11,train/policy_gradient_loss,6144,-0.03575930744409561
PPO_11,train/policy_gradient_loss,8192,-0.03577612340450287
PPO_11,train/policy_gradient_loss,10240,-0.038605593144893646
PPO_11,train/policy_gradient_loss,12288,-0.036609720438718796
PPO_11,train/policy_gradient_loss,14336,-0.039024583995342255
PPO_11,train/policy_gradient_loss,16384,-0.04123319685459137
PPO_11,train/policy_gradient_loss,18432,-0.03804979845881462
PPO_11,train/policy_gradient_loss,20480,-0.03788613900542259
PPO_11,train/policy_gradient_loss,22528,-0.04339602217078209
PPO_11,train/policy_gradient_loss,24576,-0.041495975106954575
PPO_11,train/policy_gradient_loss,26624,-0.04159887880086899
PPO_11,train/policy_gradient_loss,28672,-0.03264651447534561
PPO_11,train/policy_gradient_loss,30720,-0.042852114886045456
PPO_11,train/policy_gradient_loss,32768,-0.041165754199028015
PPO_11,train/policy_gradient_loss,34816,-0.04239572212100029
PPO_11,train/policy_gradient_loss,36864,-0.040513891726732254
PPO_11,train/policy_gradient_loss,38912,-0.03899788111448288
PPO_11,train/policy_gradient_loss,40960,-0.04336686059832573
PPO_11,train/policy_gradient_loss,43008,-0.04542682692408562
PPO_11,train/policy_gradient_loss,45056,-0.04062129557132721
PPO_11,train/policy_gradient_loss,47104,-0.043877169489860535
PPO_11,train/policy_gradient_loss,49152,-0.043935175985097885
PPO_11,train/policy_gradient_loss,51200,-0.045582596212625504
PPO_11,train/policy_gradient_loss,53248,-0.035863444209098816
PPO_11,train/policy_gradient_loss,55296,-0.044175636023283005
PPO_11,train/policy_gradient_loss,57344,-0.044009607285261154
PPO_11,train/policy_gradient_loss,59392,-0.04313962534070015
PPO_11,train/policy_gradient_loss,61440,-0.03512025997042656
PPO_11,train/policy_gradient_loss,63488,-0.042043209075927734
PPO_11,train/policy_gradient_loss,65536,-0.041295234113931656
PPO_11,train/policy_gradient_loss,67584,-0.04194029048085213
PPO_11,train/policy_gradient_loss,69632,-0.04398048296570778
PPO_11,train/policy_gradient_loss,71680,-0.0462176688015461
PPO_11,train/policy_gradient_loss,73728,-0.04173547774553299
PPO_11,train/policy_gradient_loss,75776,-0.042740125209093094
PPO_11,train/policy_gradient_loss,77824,-0.04142235219478607
PPO_11,train/policy_gradient_loss,79872,-0.04679788276553154
PPO_11,train/policy_gradient_loss,81920,-0.04825608804821968
PPO_11,train/policy_gradient_loss,83968,-0.04530596360564232
PPO_11,train/policy_gradient_loss,86016,-0.03885086998343468
PPO_11,train/policy_gradient_loss,88064,-0.04358237609267235
PPO_11,train/policy_gradient_loss,90112,-0.04256228730082512
PPO_11,train/policy_gradient_loss,92160,-0.04095938056707382
PPO_11,train/policy_gradient_loss,94208,-0.04318868741393089
PPO_11,train/policy_gradient_loss,96256,-0.040750809013843536
PPO_11,train/policy_gradient_loss,98304,-0.04584168270230293
PPO_11,train/policy_gradient_loss,100352,-0.035545069724321365
PPO_11,train/policy_gradient_loss,102400,-0.042290568351745605
PPO_11,train/policy_gradient_loss,104448,-0.040772031992673874
PPO_11,train/policy_gradient_loss,106496,-0.04150654748082161
PPO_11,train/policy_gradient_loss,108544,-0.04261281341314316
PPO_11,train/policy_gradient_loss,110592,-0.04189238324761391
PPO_11,train/policy_gradient_loss,112640,-0.03972258418798447
PPO_11,train/policy_gradient_loss,114688,-0.04167536646127701
PPO_11,train/policy_gradient_loss,116736,-0.03917648643255234
PPO_11,train/policy_gradient_loss,118784,-0.045860063284635544
PPO_11,train/policy_gradient_loss,120832,-0.04328008368611336
PPO_11,train/policy_gradient_loss,122880,-0.03716566041111946
PPO_11,train/policy_gradient_loss,124928,-0.045281752943992615
PPO_11,train/policy_gradient_loss,126976,-0.041595209389925
PPO_11,train/policy_gradient_loss,129024,-0.04127829894423485
PPO_11,train/policy_gradient_loss,131072,-0.04329851642251015
PPO_11,train/policy_gradient_loss,133120,-0.046218812465667725
PPO_11,train/policy_gradient_loss,135168,-0.037948332726955414
PPO_11,train/policy_gradient_loss,137216,-0.042908523231744766
PPO_11,train/policy_gradient_loss,139264,-0.03957004100084305
PPO_11,train/policy_gradient_loss,141312,-0.03938247635960579
PPO_11,train/policy_gradient_loss,143360,-0.03968765214085579
PPO_11,train/policy_gradient_loss,145408,-0.03862910345196724
PPO_11,train/policy_gradient_loss,147456,-0.04733548313379288
PPO_11,train/policy_gradient_loss,149504,-0.037119172513484955
PPO_11,train/policy_gradient_loss,151552,-0.04143171384930611
PPO_11,train/policy_gradient_loss,153600,-0.03812403604388237
PPO_11,train/policy_gradient_loss,155648,-0.042779210954904556
PPO_11,train/policy_gradient_loss,157696,-0.03940137103199959
PPO_11,train/policy_gradient_loss,159744,-0.04685766622424126
PPO_11,train/policy_gradient_loss,161792,-0.03821800649166107
PPO_11,train/policy_gradient_loss,163840,-0.041185930371284485
PPO_11,train/policy_gradient_loss,165888,-0.026976758614182472
PPO_11,train/policy_gradient_loss,167936,-0.035294778645038605
PPO_11,train/policy_gradient_loss,169984,-0.03952981159090996
PPO_11,train/policy_gradient_loss,172032,-0.04189666360616684
PPO_11,train/policy_gradient_loss,174080,-0.04185362532734871
PPO_11,train/policy_gradient_loss,176128,-0.02736777625977993
PPO_11,train/policy_gradient_loss,178176,-0.04024404287338257
PPO_11,train/policy_gradient_loss,180224,-0.043279979377985
PPO_11,train/policy_gradient_loss,182272,-0.03648313134908676
PPO_11,train/policy_gradient_loss,184320,-0.04410902410745621
PPO_11,train/policy_gradient_loss,186368,-0.0440763421356678
PPO_11,train/policy_gradient_loss,188416,-0.0352601632475853
PPO_11,train/policy_gradient_loss,190464,-0.0408007875084877
PPO_11,train/policy_gradient_loss,192512,-0.03621535748243332
PPO_11,train/policy_gradient_loss,194560,-0.04241875931620598
PPO_11,train/policy_gradient_loss,196608,-0.03360779210925102
PPO_11,train/policy_gradient_loss,198656,-0.039131905883550644
PPO_11,train/policy_gradient_loss,200704,-0.028071999549865723
PPO_11,train/policy_gradient_loss,202752,-0.036308109760284424
PPO_11,train/policy_gradient_loss,204800,-0.03913281485438347
PPO_11,train/policy_gradient_loss,206848,-0.040195126086473465
PPO_11,train/policy_gradient_loss,208896,-0.04120318591594696
PPO_11,train/policy_gradient_loss,210944,-0.0471792109310627
PPO_11,train/policy_gradient_loss,212992,-0.03891001641750336
PPO_11,train/policy_gradient_loss,215040,-0.042168814688920975
PPO_11,train/policy_gradient_loss,217088,-0.04466276988387108
PPO_11,train/policy_gradient_loss,219136,-0.03347504884004593
PPO_11,train/policy_gradient_loss,221184,-0.03233281522989273
PPO_11,train/policy_gradient_loss,223232,-0.0350092276930809
PPO_11,train/policy_gradient_loss,225280,-0.046966854482889175
PPO_11,train/policy_gradient_loss,227328,-0.03510281816124916
PPO_11,train/policy_gradient_loss,229376,-0.04229534789919853
PPO_11,train/policy_gradient_loss,231424,-0.033656228333711624
PPO_11,train/policy_gradient_loss,233472,-0.04220953583717346
PPO_11,train/policy_gradient_loss,235520,-0.035874009132385254
PPO_11,train/policy_gradient_loss,237568,-0.0363120473921299
PPO_11,train/policy_gradient_loss,239616,-0.023200463503599167
PPO_11,train/policy_gradient_loss,241664,-0.04378470405936241
PPO_11,train/policy_gradient_loss,243712,-0.03165091946721077
PPO_11,train/policy_gradient_loss,245760,-0.04191729426383972
PPO_11,train/policy_gradient_loss,247808,-0.03748233988881111
PPO_11,train/policy_gradient_loss,249856,-0.03132396936416626
PPO_11,train/policy_gradient_loss,251904,-0.03874380141496658
PPO_11,train/policy_gradient_loss,253952,-0.04317496716976166
PPO_11,train/policy_gradient_loss,256000,-0.032865315675735474
PPO_11,train/policy_gradient_loss,258048,-0.03296356275677681
PPO_11,train/policy_gradient_loss,260096,-0.033126100897789
PPO_11,train/policy_gradient_loss,262144,-0.048129815608263016
PPO_11,train/policy_gradient_loss,264192,-0.04328848049044609
PPO_11,train/policy_gradient_loss,266240,-0.0400855652987957
PPO_11,train/policy_gradient_loss,268288,-0.036838363856077194
PPO_11,train/policy_gradient_loss,270336,-0.03259974345564842
PPO_11,train/policy_gradient_loss,272384,-0.03157704696059227
PPO_11,train/policy_gradient_loss,274432,-0.03865848481655121
PPO_11,train/policy_gradient_loss,276480,-0.03359506279230118
PPO_11,train/policy_gradient_loss,278528,-0.036322131752967834
PPO_11,train/policy_gradient_loss,280576,-0.036592066287994385
PPO_11,train/policy_gradient_loss,282624,-0.04118463769555092
PPO_11,train/policy_gradient_loss,284672,-0.04257327318191528
PPO_11,train/policy_gradient_loss,286720,-0.03378952667117119
PPO_11,train/policy_gradient_loss,288768,-0.04554063081741333
PPO_11,train/policy_gradient_loss,290816,-0.03496982157230377
PPO_11,train/policy_gradient_loss,292864,-0.03665899485349655
PPO_11,train/policy_gradient_loss,294912,-0.03323928639292717
PPO_11,train/policy_gradient_loss,296960,-0.04030735790729523
PPO_11,train/policy_gradient_loss,299008,-0.03482828661799431
PPO_11,train/policy_gradient_loss,301056,-0.03403645381331444
PPO_11,train/std,4096,1.001197099685669
PPO_11,train/std,6144,1.0023123025894165
PPO_11,train/std,8192,1.0027023553848267
PPO_11,train/std,10240,1.00284743309021
PPO_11,train/std,12288,1.0065112113952637
PPO_11,train/std,14336,1.0063725709915161
PPO_11,train/std,16384,1.0075727701187134
PPO_11,train/std,18432,1.0080549716949463
PPO_11,train/std,20480,1.0116870403289795
PPO_11,train/std,22528,1.0139248371124268
PPO_11,train/std,24576,1.0144346952438354
PPO_11,train/std,26624,1.016684889793396
PPO_11,train/std,28672,1.0194623470306396
PPO_11,train/std,30720,1.022345781326294
PPO_11,train/std,32768,1.02463698387146
PPO_11,train/std,34816,1.026900053024292
PPO_11,train/std,36864,1.0290195941925049
PPO_11,train/std,38912,1.0297592878341675
PPO_11,train/std,40960,1.0308963060379028
PPO_11,train/std,43008,1.0312217473983765
PPO_11,train/std,45056,1.0341999530792236
PPO_11,train/std,47104,1.0361435413360596
PPO_11,train/std,49152,1.0380932092666626
PPO_11,train/std,51200,1.0406885147094727
PPO_11,train/std,53248,1.041720986366272
PPO_11,train/std,55296,1.0431735515594482
PPO_11,train/std,57344,1.0445187091827393
PPO_11,train/std,59392,1.046940565109253
PPO_11,train/std,61440,1.048380732536316
PPO_11,train/std,63488,1.0521399974822998
PPO_11,train/std,65536,1.0555229187011719
PPO_11,train/std,67584,1.0569255352020264
PPO_11,train/std,69632,1.059537410736084
PPO_11,train/std,71680,1.063624620437622
PPO_11,train/std,73728,1.0648016929626465
PPO_11,train/std,75776,1.0659493207931519
PPO_11,train/std,77824,1.0706006288528442
PPO_11,train/std,79872,1.0707920789718628
PPO_11,train/std,81920,1.0717443227767944
PPO_11,train/std,83968,1.0721019506454468
PPO_11,train/std,86016,1.0755106210708618
PPO_11,train/std,88064,1.076292634010315
PPO_11,train/std,90112,1.0781701803207397
PPO_11,train/std,92160,1.0778613090515137
PPO_11,train/std,94208,1.080960750579834
PPO_11,train/std,96256,1.0835727453231812
PPO_11,train/std,98304,1.0853811502456665
PPO_11,train/std,100352,1.0844001770019531
PPO_11,train/std,102400,1.0852618217468262
PPO_11,train/std,104448,1.0867713689804077
PPO_11,train/std,106496,1.0898218154907227
PPO_11,train/std,108544,1.0886222124099731
PPO_11,train/std,110592,1.09144926071167
PPO_11,train/std,112640,1.092958927154541
PPO_11,train/std,114688,1.0988932847976685
PPO_11,train/std,116736,1.102818250656128
PPO_11,train/std,118784,1.1046955585479736
PPO_11,train/std,120832,1.1070735454559326
PPO_11,train/std,122880,1.1089836359024048
PPO_11,train/std,124928,1.1121495962142944
PPO_11,train/std,126976,1.1137269735336304
PPO_11,train/std,129024,1.116450309753418
PPO_11,train/std,131072,1.1174983978271484
PPO_11,train/std,133120,1.1191058158874512
PPO_11,train/std,135168,1.1221754550933838
PPO_11,train/std,137216,1.1224236488342285
PPO_11,train/std,139264,1.1253197193145752
PPO_11,train/std,141312,1.1295201778411865
PPO_11,train/std,143360,1.1304223537445068
PPO_11,train/std,145408,1.132994294166565
PPO_11,train/std,147456,1.1354492902755737
PPO_11,train/std,149504,1.1375930309295654
PPO_11,train/std,151552,1.1375458240509033
PPO_11,train/std,153600,1.1387557983398438
PPO_11,train/std,155648,1.1388462781906128
PPO_11,train/std,157696,1.139137864112854
PPO_11,train/std,159744,1.14297354221344
PPO_11,train/std,161792,1.144704818725586
PPO_11,train/std,163840,1.1453731060028076
PPO_11,train/std,165888,1.1476598978042603
PPO_11,train/std,167936,1.1490445137023926
PPO_11,train/std,169984,1.1527284383773804
PPO_11,train/std,172032,1.1556941270828247
PPO_11,train/std,174080,1.1569066047668457
PPO_11,train/std,176128,1.1613198518753052
PPO_11,train/std,178176,1.1634202003479004
PPO_11,train/std,180224,1.168109655380249
PPO_11,train/std,182272,1.1720792055130005
PPO_11,train/std,184320,1.1724069118499756
PPO_11,train/std,186368,1.1767772436141968
PPO_11,train/std,188416,1.1801543235778809
PPO_11,train/std,190464,1.1837575435638428
PPO_11,train/std,192512,1.1883784532546997
PPO_11,train/std,194560,1.1920315027236938
PPO_11,train/std,196608,1.1950323581695557
PPO_11,train/std,198656,1.1980156898498535
PPO_11,train/std,200704,1.1990931034088135
PPO_11,train/std,202752,1.2023742198944092
PPO_11,train/std,204800,1.2041139602661133
PPO_11,train/std,206848,1.2063733339309692
PPO_11,train/std,208896,1.2109121084213257
PPO_11,train/std,210944,1.215409755706787
PPO_11,train/std,212992,1.2174153327941895
PPO_11,train/std,215040,1.2163679599761963
PPO_11,train/std,217088,1.220668911933899
PPO_11,train/std,219136,1.2233150005340576
PPO_11,train/std,221184,1.2235360145568848
PPO_11,train/std,223232,1.2272441387176514
PPO_11,train/std,225280,1.2271740436553955
PPO_11,train/std,227328,1.226201057434082
PPO_11,train/std,229376,1.2284331321716309
PPO_11,train/std,231424,1.2348908185958862
PPO_11,train/std,233472,1.2389905452728271
PPO_11,train/std,235520,1.2417235374450684
PPO_11,train/std,237568,1.2463477849960327
PPO_11,train/std,239616,1.2503172159194946
PPO_11,train/std,241664,1.2531681060791016
PPO_11,train/std,243712,1.2576713562011719
PPO_11,train/std,245760,1.2610244750976562
PPO_11,train/std,247808,1.261899471282959
PPO_11,train/std,249856,1.263500690460205
PPO_11,train/std,251904,1.2663062810897827
PPO_11,train/std,253952,1.2692670822143555
PPO_11,train/std,256000,1.2718756198883057
PPO_11,train/std,258048,1.277207612991333
PPO_11,train/std,260096,1.2818622589111328
PPO_11,train/std,262144,1.2862579822540283
PPO_11,train/std,264192,1.2893189191818237
PPO_11,train/std,266240,1.291524052619934
PPO_11,train/std,268288,1.295698642730713
PPO_11,train/std,270336,1.3024777173995972
PPO_11,train/std,272384,1.309896469116211
PPO_11,train/std,274432,1.3159774541854858
PPO_11,train/std,276480,1.3217713832855225
PPO_11,train/std,278528,1.3234190940856934
PPO_11,train/std,280576,1.324087381362915
PPO_11,train/std,282624,1.3280953168869019
PPO_11,train/std,284672,1.3349506855010986
PPO_11,train/std,286720,1.3372095823287964
PPO_11,train/std,288768,1.3406935930252075
PPO_11,train/std,290816,1.3435174226760864
PPO_11,train/std,292864,1.3492696285247803
PPO_11,train/std,294912,1.3537968397140503
PPO_11,train/std,296960,1.3552560806274414
PPO_11,train/std,299008,1.355574369430542
PPO_11,train/std,301056,1.3587772846221924
PPO_11,train/value_loss,4096,0.3206430673599243
PPO_11,train/value_loss,6144,0.072032131254673
PPO_11,train/value_loss,8192,0.045339640229940414
PPO_11,train/value_loss,10240,0.04715681076049805
PPO_11,train/value_loss,12288,0.048468366265296936
PPO_11,train/value_loss,14336,0.03936663642525673
PPO_11,train/value_loss,16384,0.031557366251945496
PPO_11,train/value_loss,18432,0.03431668505072594
PPO_11,train/value_loss,20480,0.025061925873160362
PPO_11,train/value_loss,22528,0.02889295667409897
PPO_11,train/value_loss,24576,0.025196043774485588
PPO_11,train/value_loss,26624,0.025696413591504097
PPO_11,train/value_loss,28672,0.016869479790329933
PPO_11,train/value_loss,30720,0.02031135745346546
PPO_11,train/value_loss,32768,0.015357808209955692
PPO_11,train/value_loss,34816,0.012844477780163288
PPO_11,train/value_loss,36864,0.012349281460046768
PPO_11,train/value_loss,38912,0.017992611974477768
PPO_11,train/value_loss,40960,0.017559418454766273
PPO_11,train/value_loss,43008,0.014953948557376862
PPO_11,train/value_loss,45056,0.008367806673049927
PPO_11,train/value_loss,47104,0.010128567926585674
PPO_11,train/value_loss,49152,0.010051081888377666
PPO_11,train/value_loss,51200,0.007968481630086899
PPO_11,train/value_loss,53248,0.01881534978747368
PPO_11,train/value_loss,55296,0.007624194025993347
PPO_11,train/value_loss,57344,0.008011975325644016
PPO_11,train/value_loss,59392,0.006067534908652306
PPO_11,train/value_loss,61440,0.014411406591534615
PPO_11,train/value_loss,63488,0.013414853252470493
PPO_11,train/value_loss,65536,0.011366086080670357
PPO_11,train/value_loss,67584,0.006427585147321224
PPO_11,train/value_loss,69632,0.0055481749586761
PPO_11,train/value_loss,71680,0.005048076156526804
PPO_11,train/value_loss,73728,0.0050664180889725685
PPO_11,train/value_loss,75776,0.004094718489795923
PPO_11,train/value_loss,77824,0.005933234468102455
PPO_11,train/value_loss,79872,0.011100326664745808
PPO_11,train/value_loss,81920,0.004184747114777565
PPO_11,train/value_loss,83968,0.0037509873509407043
PPO_11,train/value_loss,86016,0.006646942347288132
PPO_11,train/value_loss,88064,0.002658449113368988
PPO_11,train/value_loss,90112,0.003051335457712412
PPO_11,train/value_loss,92160,0.00514195067808032
PPO_11,train/value_loss,94208,0.007229229900985956
PPO_11,train/value_loss,96256,0.0022672696504741907
PPO_11,train/value_loss,98304,0.0107713732868433
PPO_11,train/value_loss,100352,0.003065370721742511
PPO_11,train/value_loss,102400,0.0044381944462656975
PPO_11,train/value_loss,104448,0.004041452892124653
PPO_11,train/value_loss,106496,0.0045013814233243465
PPO_11,train/value_loss,108544,0.00225280225276947
PPO_11,train/value_loss,110592,0.002564497757703066
PPO_11,train/value_loss,112640,0.001889508217573166
PPO_11,train/value_loss,114688,0.005345446523278952
PPO_11,train/value_loss,116736,0.004876470658928156
PPO_11,train/value_loss,118784,0.0034886326175183058
PPO_11,train/value_loss,120832,0.0019449532264843583
PPO_11,train/value_loss,122880,0.004614796955138445
PPO_11,train/value_loss,124928,0.002707031089812517
PPO_11,train/value_loss,126976,0.0024130577221512794
PPO_11,train/value_loss,129024,0.001835386035963893
PPO_11,train/value_loss,131072,0.0013572359457612038
PPO_11,train/value_loss,133120,0.0015507735079154372
PPO_11,train/value_loss,135168,0.004526025149971247
PPO_11,train/value_loss,137216,0.0046799154952168465
PPO_11,train/value_loss,139264,0.012600578367710114
PPO_11,train/value_loss,141312,0.004039857070893049
PPO_11,train/value_loss,143360,0.002070734743028879
PPO_11,train/value_loss,145408,0.004814464133232832
PPO_11,train/value_loss,147456,0.0016792271053418517
PPO_11,train/value_loss,149504,0.0035529269371181726
PPO_11,train/value_loss,151552,0.0016289108898490667
PPO_11,train/value_loss,153600,0.00304623250849545
PPO_11,train/value_loss,155648,0.0019949753768742085
PPO_11,train/value_loss,157696,0.002148604253306985
PPO_11,train/value_loss,159744,0.003542663063853979
PPO_11,train/value_loss,161792,0.0021002404391765594
PPO_11,train/value_loss,163840,0.0016310554929077625
PPO_11,train/value_loss,165888,0.007539248093962669
PPO_11,train/value_loss,167936,0.007893402129411697
PPO_11,train/value_loss,169984,0.0016583403339609504
PPO_11,train/value_loss,172032,0.0040925233624875546
PPO_11,train/value_loss,174080,0.0013730783248320222
PPO_11,train/value_loss,176128,0.0066178725101053715
PPO_11,train/value_loss,178176,0.0030362203251570463
PPO_11,train/value_loss,180224,0.0020996015518903732
PPO_11,train/value_loss,182272,0.0032433634623885155
PPO_11,train/value_loss,184320,0.0020755573641508818
PPO_11,train/value_loss,186368,0.002499122405424714
PPO_11,train/value_loss,188416,0.006177930627018213
PPO_11,train/value_loss,190464,0.0022320598363876343
PPO_11,train/value_loss,192512,0.004121600184589624
PPO_11,train/value_loss,194560,0.0014442733954638243
PPO_11,train/value_loss,196608,0.005174256395548582
PPO_11,train/value_loss,198656,0.0013105071848258376
PPO_11,train/value_loss,200704,0.007350996136665344
PPO_11,train/value_loss,202752,0.003948338329792023
PPO_11,train/value_loss,204800,0.002699732081964612
PPO_11,train/value_loss,206848,0.0016312418738380075
PPO_11,train/value_loss,208896,0.001637857872992754
PPO_11,train/value_loss,210944,0.0029241428710520267
PPO_11,train/value_loss,212992,0.0022350617218762636
PPO_11,train/value_loss,215040,0.0011220703599974513
PPO_11,train/value_loss,217088,0.001493177842348814
PPO_11,train/value_loss,219136,0.0043082949705421925
PPO_11,train/value_loss,221184,0.006901065818965435
PPO_11,train/value_loss,223232,0.0031752809882164
PPO_11,train/value_loss,225280,0.0017895572818815708
PPO_11,train/value_loss,227328,0.001785626052878797
PPO_11,train/value_loss,229376,0.0009303766419179738
PPO_11,train/value_loss,231424,0.005306186620146036
PPO_11,train/value_loss,233472,0.0015412969514727592
PPO_11,train/value_loss,235520,0.0019797710701823235
PPO_11,train/value_loss,237568,0.0026366114616394043
PPO_11,train/value_loss,239616,0.004050303250551224
PPO_11,train/value_loss,241664,0.0011831329902634025
PPO_11,train/value_loss,243712,0.0016570448642596602
PPO_11,train/value_loss,245760,0.0012505181366577744
PPO_11,train/value_loss,247808,0.0024169129319489002
PPO_11,train/value_loss,249856,0.0021917938720434904
PPO_11,train/value_loss,251904,0.0022911373525857925
PPO_11,train/value_loss,253952,0.0015895989490672946
PPO_11,train/value_loss,256000,0.008912862278521061
PPO_11,train/value_loss,258048,0.005880545359104872
PPO_11,train/value_loss,260096,0.001629990292713046
PPO_11,train/value_loss,262144,0.0017365412786602974
PPO_11,train/value_loss,264192,0.0009721624664962292
PPO_11,train/value_loss,266240,0.001323500880971551
PPO_11,train/value_loss,268288,0.003672888968139887
PPO_11,train/value_loss,270336,0.00790550746023655
PPO_11,train/value_loss,272384,0.006243615876883268
PPO_11,train/value_loss,274432,0.0023246626369655132
PPO_11,train/value_loss,276480,0.001562323304824531
PPO_11,train/value_loss,278528,0.00499717565253377
PPO_11,train/value_loss,280576,0.0013986402191221714
PPO_11,train/value_loss,282624,0.0005929588223807514
PPO_11,train/value_loss,284672,0.002012331271544099
PPO_11,train/value_loss,286720,0.004571266006678343
PPO_11,train/value_loss,288768,0.004829412326216698
PPO_11,train/value_loss,290816,0.001486566849052906
PPO_11,train/value_loss,292864,0.0020678883884102106
PPO_11,train/value_loss,294912,0.0014459140365943313
PPO_11,train/value_loss,296960,0.0012917259009554982
PPO_11,train/value_loss,299008,0.00134729640558362
PPO_11,train/value_loss,301056,0.0037772967480123043
PPO_12,time/fps,2048,1448.0
PPO_12,time/fps,4096,1372.0
PPO_12,time/fps,6144,1347.0
PPO_12,time/fps,8192,1334.0
PPO_12,time/fps,10240,1329.0
PPO_12,time/fps,12288,1318.0
PPO_12,time/fps,14336,1312.0
PPO_12,time/fps,16384,1293.0
PPO_12,time/fps,18432,1293.0
PPO_12,time/fps,20480,1292.0
PPO_12,time/fps,22528,1293.0
PPO_12,time/fps,24576,1287.0
PPO_12,time/fps,26624,1287.0
PPO_12,time/fps,28672,1286.0
PPO_12,time/fps,30720,1287.0
PPO_12,time/fps,32768,1286.0
PPO_12,time/fps,34816,1288.0
PPO_12,time/fps,36864,1288.0
PPO_12,time/fps,38912,1290.0
PPO_12,time/fps,40960,1290.0
PPO_12,time/fps,43008,1286.0
PPO_12,time/fps,45056,1282.0
PPO_12,time/fps,47104,1278.0
PPO_12,time/fps,49152,1274.0
PPO_12,time/fps,51200,1270.0
PPO_12,time/fps,53248,1266.0
PPO_12,time/fps,55296,1262.0
PPO_12,time/fps,57344,1258.0
PPO_12,time/fps,59392,1255.0
PPO_12,time/fps,61440,1252.0
PPO_12,time/fps,63488,1244.0
PPO_12,time/fps,65536,1244.0
PPO_12,time/fps,67584,1244.0
PPO_12,time/fps,69632,1244.0
PPO_12,time/fps,71680,1246.0
PPO_12,time/fps,73728,1245.0
PPO_12,time/fps,75776,1247.0
PPO_12,time/fps,77824,1248.0
PPO_12,time/fps,79872,1248.0
PPO_12,time/fps,81920,1249.0
PPO_12,time/fps,83968,1250.0
PPO_12,time/fps,86016,1250.0
PPO_12,time/fps,88064,1248.0
PPO_12,time/fps,90112,1248.0
PPO_12,time/fps,92160,1248.0
PPO_12,time/fps,94208,1248.0
PPO_12,time/fps,96256,1249.0
PPO_12,time/fps,98304,1248.0
PPO_12,time/fps,100352,1246.0
PPO_12,time/fps,102400,1247.0
PPO_12,time/fps,104448,1246.0
PPO_12,time/fps,106496,1248.0
PPO_12,time/fps,108544,1248.0
PPO_12,time/fps,110592,1248.0
PPO_12,time/fps,112640,1248.0
PPO_12,time/fps,114688,1248.0
PPO_12,time/fps,116736,1248.0
PPO_12,time/fps,118784,1248.0
PPO_12,time/fps,120832,1247.0
PPO_12,time/fps,122880,1248.0
PPO_12,time/fps,124928,1247.0
PPO_12,time/fps,126976,1245.0
PPO_12,time/fps,129024,1244.0
PPO_12,time/fps,131072,1243.0
PPO_12,time/fps,133120,1242.0
PPO_12,time/fps,135168,1243.0
PPO_12,time/fps,137216,1243.0
PPO_12,time/fps,139264,1243.0
PPO_12,time/fps,141312,1242.0
PPO_12,time/fps,143360,1243.0
PPO_12,time/fps,145408,1243.0
PPO_12,time/fps,147456,1243.0
PPO_12,time/fps,149504,1243.0
PPO_12,time/fps,151552,1243.0
PPO_12,time/fps,153600,1243.0
PPO_12,time/fps,155648,1242.0
PPO_12,time/fps,157696,1243.0
PPO_12,time/fps,159744,1242.0
PPO_12,time/fps,161792,1243.0
PPO_12,time/fps,163840,1243.0
PPO_12,time/fps,165888,1241.0
PPO_12,time/fps,167936,1241.0
PPO_12,time/fps,169984,1241.0
PPO_12,time/fps,172032,1241.0
PPO_12,time/fps,174080,1240.0
PPO_12,time/fps,176128,1239.0
PPO_12,time/fps,178176,1238.0
PPO_12,time/fps,180224,1237.0
PPO_12,time/fps,182272,1237.0
PPO_12,time/fps,184320,1237.0
PPO_12,time/fps,186368,1237.0
PPO_12,time/fps,188416,1236.0
PPO_12,time/fps,190464,1236.0
PPO_12,time/fps,192512,1236.0
PPO_12,time/fps,194560,1237.0
PPO_12,time/fps,196608,1237.0
PPO_12,time/fps,198656,1236.0
PPO_12,time/fps,200704,1236.0
PPO_12,time/fps,202752,1236.0
PPO_12,time/fps,204800,1236.0
PPO_12,time/fps,206848,1235.0
PPO_12,time/fps,208896,1235.0
PPO_12,time/fps,210944,1235.0
PPO_12,time/fps,212992,1236.0
PPO_12,time/fps,215040,1236.0
PPO_12,time/fps,217088,1235.0
PPO_12,time/fps,219136,1234.0
PPO_12,time/fps,221184,1233.0
PPO_12,time/fps,223232,1233.0
PPO_12,time/fps,225280,1233.0
PPO_12,time/fps,227328,1232.0
PPO_12,time/fps,229376,1232.0
PPO_12,time/fps,231424,1232.0
PPO_12,time/fps,233472,1231.0
PPO_12,time/fps,235520,1230.0
PPO_12,time/fps,237568,1230.0
PPO_12,time/fps,239616,1230.0
PPO_12,time/fps,241664,1229.0
PPO_12,time/fps,243712,1228.0
PPO_12,time/fps,245760,1227.0
PPO_12,time/fps,247808,1227.0
PPO_12,time/fps,249856,1226.0
PPO_12,time/fps,251904,1226.0
PPO_12,time/fps,253952,1225.0
PPO_12,time/fps,256000,1224.0
PPO_12,time/fps,258048,1225.0
PPO_12,time/fps,260096,1224.0
PPO_12,time/fps,262144,1225.0
PPO_12,time/fps,264192,1225.0
PPO_12,time/fps,266240,1225.0
PPO_12,time/fps,268288,1226.0
PPO_12,time/fps,270336,1226.0
PPO_12,time/fps,272384,1226.0
PPO_12,time/fps,274432,1226.0
PPO_12,time/fps,276480,1225.0
PPO_12,time/fps,278528,1225.0
PPO_12,time/fps,280576,1225.0
PPO_12,time/fps,282624,1226.0
PPO_12,time/fps,284672,1226.0
PPO_12,time/fps,286720,1226.0
PPO_12,time/fps,288768,1227.0
PPO_12,time/fps,290816,1227.0
PPO_12,time/fps,292864,1227.0
PPO_12,time/fps,294912,1227.0
PPO_12,time/fps,296960,1227.0
PPO_12,time/fps,299008,1227.0
PPO_12,time/fps,301056,1227.0
PPO_12,train/approx_kl,4096,0.0146205835044384
PPO_12,train/approx_kl,6144,0.013181694783270359
PPO_12,train/approx_kl,8192,0.015596509911119938
PPO_12,train/approx_kl,10240,0.015061181038618088
PPO_12,train/approx_kl,12288,0.012080893851816654
PPO_12,train/approx_kl,14336,0.012153231538832188
PPO_12,train/approx_kl,16384,0.014099596068263054
PPO_12,train/approx_kl,18432,0.011682940647006035
PPO_12,train/approx_kl,20480,0.013979244977235794
PPO_12,train/approx_kl,22528,0.014021184295415878
PPO_12,train/approx_kl,24576,0.015294117853045464
PPO_12,train/approx_kl,26624,0.014499623328447342
PPO_12,train/approx_kl,28672,0.01750115677714348
PPO_12,train/approx_kl,30720,0.014585936442017555
PPO_12,train/approx_kl,32768,0.015631577000021935
PPO_12,train/approx_kl,34816,0.0148441968485713
PPO_12,train/approx_kl,36864,0.013558635488152504
PPO_12,train/approx_kl,38912,0.014475376345217228
PPO_12,train/approx_kl,40960,0.015275035053491592
PPO_12,train/approx_kl,43008,0.01600009948015213
PPO_12,train/approx_kl,45056,0.015040943399071693
PPO_12,train/approx_kl,47104,0.013999260030686855
PPO_12,train/approx_kl,49152,0.01482086256146431
PPO_12,train/approx_kl,51200,0.016292953863739967
PPO_12,train/approx_kl,53248,0.014396070502698421
PPO_12,train/approx_kl,55296,0.016035109758377075
PPO_12,train/approx_kl,57344,0.017139915376901627
PPO_12,train/approx_kl,59392,0.015356087125837803
PPO_12,train/approx_kl,61440,0.015492234379053116
PPO_12,train/approx_kl,63488,0.014165952801704407
PPO_12,train/approx_kl,65536,0.016892660409212112
PPO_12,train/approx_kl,67584,0.0158760454505682
PPO_12,train/approx_kl,69632,0.014711283147335052
PPO_12,train/approx_kl,71680,0.01744478940963745
PPO_12,train/approx_kl,73728,0.016713198274374008
PPO_12,train/approx_kl,75776,0.017390253022313118
PPO_12,train/approx_kl,77824,0.010233450680971146
PPO_12,train/approx_kl,79872,0.016881663352251053
PPO_12,train/approx_kl,81920,0.015724672004580498
PPO_12,train/approx_kl,83968,0.01715720072388649
PPO_12,train/approx_kl,86016,0.01515527069568634
PPO_12,train/approx_kl,88064,0.01717221364378929
PPO_12,train/approx_kl,90112,0.016899581998586655
PPO_12,train/approx_kl,92160,0.016074787825345993
PPO_12,train/approx_kl,94208,0.015642669051885605
PPO_12,train/approx_kl,96256,0.01588013768196106
PPO_12,train/approx_kl,98304,0.017065631225705147
PPO_12,train/approx_kl,100352,0.01638883911073208
PPO_12,train/approx_kl,102400,0.01810528337955475
PPO_12,train/approx_kl,104448,0.01681947335600853
PPO_12,train/approx_kl,106496,0.01851462386548519
PPO_12,train/approx_kl,108544,0.01647811010479927
PPO_12,train/approx_kl,110592,0.01744711585342884
PPO_12,train/approx_kl,112640,0.016172904521226883
PPO_12,train/approx_kl,114688,0.014749949797987938
PPO_12,train/approx_kl,116736,0.0170157290995121
PPO_12,train/approx_kl,118784,0.015706859529018402
PPO_12,train/approx_kl,120832,0.017264943569898605
PPO_12,train/approx_kl,122880,0.014749515801668167
PPO_12,train/approx_kl,124928,0.013605672866106033
PPO_12,train/approx_kl,126976,0.01524438988417387
PPO_12,train/approx_kl,129024,0.017030786722898483
PPO_12,train/approx_kl,131072,0.015391216613352299
PPO_12,train/approx_kl,133120,0.016722697764635086
PPO_12,train/approx_kl,135168,0.016708537936210632
PPO_12,train/approx_kl,137216,0.01674669422209263
PPO_12,train/approx_kl,139264,0.015231692232191563
PPO_12,train/approx_kl,141312,0.014879458583891392
PPO_12,train/approx_kl,143360,0.01540687307715416
PPO_12,train/approx_kl,145408,0.014950047247111797
PPO_12,train/approx_kl,147456,0.015861457213759422
PPO_12,train/approx_kl,149504,0.017103850841522217
PPO_12,train/approx_kl,151552,0.012992331758141518
PPO_12,train/approx_kl,153600,0.01409345306456089
PPO_12,train/approx_kl,155648,0.015631427988409996
PPO_12,train/approx_kl,157696,0.014923326671123505
PPO_12,train/approx_kl,159744,0.016200898215174675
PPO_12,train/approx_kl,161792,0.016403745859861374
PPO_12,train/approx_kl,163840,0.016173653304576874
PPO_12,train/approx_kl,165888,0.015942057594656944
PPO_12,train/approx_kl,167936,0.01737845316529274
PPO_12,train/approx_kl,169984,0.01590534672141075
PPO_12,train/approx_kl,172032,0.01666642166674137
PPO_12,train/approx_kl,174080,0.016364634037017822
PPO_12,train/approx_kl,176128,0.01788662187755108
PPO_12,train/approx_kl,178176,0.015237326733767986
PPO_12,train/approx_kl,180224,0.017661642283201218
PPO_12,train/approx_kl,182272,0.01495333481580019
PPO_12,train/approx_kl,184320,0.01618434488773346
PPO_12,train/approx_kl,186368,0.017060279846191406
PPO_12,train/approx_kl,188416,0.014379546977579594
PPO_12,train/approx_kl,190464,0.01592903770506382
PPO_12,train/approx_kl,192512,0.014565751887857914
PPO_12,train/approx_kl,194560,0.016102822497487068
PPO_12,train/approx_kl,196608,0.013817540369927883
PPO_12,train/approx_kl,198656,0.014671903103590012
PPO_12,train/approx_kl,200704,0.015314249321818352
PPO_12,train/approx_kl,202752,0.016155019402503967
PPO_12,train/approx_kl,204800,0.014525191858410835
PPO_12,train/approx_kl,206848,0.018447794020175934
PPO_12,train/approx_kl,208896,0.015351635403931141
PPO_12,train/approx_kl,210944,0.0170705895870924
PPO_12,train/approx_kl,212992,0.013378242030739784
PPO_12,train/approx_kl,215040,0.01782747358083725
PPO_12,train/approx_kl,217088,0.019102811813354492
PPO_12,train/approx_kl,219136,0.01380612887442112
PPO_12,train/approx_kl,221184,0.015267147682607174
PPO_12,train/approx_kl,223232,0.018120616674423218
PPO_12,train/approx_kl,225280,0.014720278792083263
PPO_12,train/approx_kl,227328,0.015591205097734928
PPO_12,train/approx_kl,229376,0.015359528362751007
PPO_12,train/approx_kl,231424,0.016003087162971497
PPO_12,train/approx_kl,233472,0.017501067370176315
PPO_12,train/approx_kl,235520,0.015994274988770485
PPO_12,train/approx_kl,237568,0.014454368501901627
PPO_12,train/approx_kl,239616,0.0152144068852067
PPO_12,train/approx_kl,241664,0.01767391338944435
PPO_12,train/approx_kl,243712,0.018358390778303146
PPO_12,train/approx_kl,245760,0.015715431421995163
PPO_12,train/approx_kl,247808,0.015467118471860886
PPO_12,train/approx_kl,249856,0.015472757630050182
PPO_12,train/approx_kl,251904,0.017201466485857964
PPO_12,train/approx_kl,253952,0.01769178733229637
PPO_12,train/approx_kl,256000,0.017688926309347153
PPO_12,train/approx_kl,258048,0.01617678999900818
PPO_12,train/approx_kl,260096,0.015118111856281757
PPO_12,train/approx_kl,262144,0.014509500935673714
PPO_12,train/approx_kl,264192,0.01670348457992077
PPO_12,train/approx_kl,266240,0.01664123311638832
PPO_12,train/approx_kl,268288,0.01765238307416439
PPO_12,train/approx_kl,270336,0.014190830290317535
PPO_12,train/approx_kl,272384,0.017000436782836914
PPO_12,train/approx_kl,274432,0.015158718451857567
PPO_12,train/approx_kl,276480,0.014516966417431831
PPO_12,train/approx_kl,278528,0.020249750465154648
PPO_12,train/approx_kl,280576,0.01766253635287285
PPO_12,train/approx_kl,282624,0.01683783158659935
PPO_12,train/approx_kl,284672,0.015173275023698807
PPO_12,train/approx_kl,286720,0.015314974822103977
PPO_12,train/approx_kl,288768,0.01700786128640175
PPO_12,train/approx_kl,290816,0.014736616052687168
PPO_12,train/approx_kl,292864,0.01615898683667183
PPO_12,train/approx_kl,294912,0.01683978922665119
PPO_12,train/approx_kl,296960,0.015200486406683922
PPO_12,train/approx_kl,299008,0.01830325648188591
PPO_12,train/approx_kl,301056,0.018156910315155983
PPO_12,train/clip_fraction,4096,0.13090820610523224
PPO_12,train/clip_fraction,6144,0.12143554538488388
PPO_12,train/clip_fraction,8192,0.13388672471046448
PPO_12,train/clip_fraction,10240,0.13417968153953552
PPO_12,train/clip_fraction,12288,0.09956054389476776
PPO_12,train/clip_fraction,14336,0.10488281399011612
PPO_12,train/clip_fraction,16384,0.11972656100988388
PPO_12,train/clip_fraction,18432,0.09799804538488388
PPO_12,train/clip_fraction,20480,0.12255859375
PPO_12,train/clip_fraction,22528,0.12016601860523224
PPO_12,train/clip_fraction,24576,0.14609375596046448
PPO_12,train/clip_fraction,26624,0.13227538764476776
PPO_12,train/clip_fraction,28672,0.17153319716453552
PPO_12,train/clip_fraction,30720,0.13481445610523224
PPO_12,train/clip_fraction,32768,0.15141601860523224
PPO_12,train/clip_fraction,34816,0.15126952528953552
PPO_12,train/clip_fraction,36864,0.13359375298023224
PPO_12,train/clip_fraction,38912,0.120849609375
PPO_12,train/clip_fraction,40960,0.15092773735523224
PPO_12,train/clip_fraction,43008,0.14311523735523224
PPO_12,train/clip_fraction,45056,0.15292969346046448
PPO_12,train/clip_fraction,47104,0.11386718600988388
PPO_12,train/clip_fraction,49152,0.1484375
PPO_12,train/clip_fraction,51200,0.1474609375
PPO_12,train/clip_fraction,53248,0.152099609375
PPO_12,train/clip_fraction,55296,0.15561524033546448
PPO_12,train/clip_fraction,57344,0.14956054091453552
PPO_12,train/clip_fraction,59392,0.15380859375
PPO_12,train/clip_fraction,61440,0.148681640625
PPO_12,train/clip_fraction,63488,0.14174804091453552
PPO_12,train/clip_fraction,65536,0.140869140625
PPO_12,train/clip_fraction,67584,0.14990234375
PPO_12,train/clip_fraction,69632,0.14628906548023224
PPO_12,train/clip_fraction,71680,0.17158202826976776
PPO_12,train/clip_fraction,73728,0.16611328721046448
PPO_12,train/clip_fraction,75776,0.15849609673023224
PPO_12,train/clip_fraction,77824,0.1025390625
PPO_12,train/clip_fraction,79872,0.15966796875
PPO_12,train/clip_fraction,81920,0.14541015028953552
PPO_12,train/clip_fraction,83968,0.17060546576976776
PPO_12,train/clip_fraction,86016,0.146484375
PPO_12,train/clip_fraction,88064,0.15058593451976776
PPO_12,train/clip_fraction,90112,0.15981444716453552
PPO_12,train/clip_fraction,92160,0.18085937201976776
PPO_12,train/clip_fraction,94208,0.14882811903953552
PPO_12,train/clip_fraction,96256,0.15971679985523224
PPO_12,train/clip_fraction,98304,0.16523437201976776
PPO_12,train/clip_fraction,100352,0.16796875
PPO_12,train/clip_fraction,102400,0.18120117485523224
PPO_12,train/clip_fraction,104448,0.1728515625
PPO_12,train/clip_fraction,106496,0.179931640625
PPO_12,train/clip_fraction,108544,0.18496093153953552
PPO_12,train/clip_fraction,110592,0.17421874403953552
PPO_12,train/clip_fraction,112640,0.17133788764476776
PPO_12,train/clip_fraction,114688,0.15966796875
PPO_12,train/clip_fraction,116736,0.16401366889476776
PPO_12,train/clip_fraction,118784,0.13823242485523224
PPO_12,train/clip_fraction,120832,0.17998047173023224
PPO_12,train/clip_fraction,122880,0.15380859375
PPO_12,train/clip_fraction,124928,0.14296874403953552
PPO_12,train/clip_fraction,126976,0.15610352158546448
PPO_12,train/clip_fraction,129024,0.16098633408546448
PPO_12,train/clip_fraction,131072,0.14658203721046448
PPO_12,train/clip_fraction,133120,0.16459961235523224
PPO_12,train/clip_fraction,135168,0.16923828423023224
PPO_12,train/clip_fraction,137216,0.17973633110523224
PPO_12,train/clip_fraction,139264,0.14775390923023224
PPO_12,train/clip_fraction,141312,0.15585938096046448
PPO_12,train/clip_fraction,143360,0.13530273735523224
PPO_12,train/clip_fraction,145408,0.14838866889476776
PPO_12,train/clip_fraction,147456,0.16127929091453552
PPO_12,train/clip_fraction,149504,0.13715820014476776
PPO_12,train/clip_fraction,151552,0.11484374850988388
PPO_12,train/clip_fraction,153600,0.15380859375
PPO_12,train/clip_fraction,155648,0.15532226860523224
PPO_12,train/clip_fraction,157696,0.15434570610523224
PPO_12,train/clip_fraction,159744,0.16513672471046448
PPO_12,train/clip_fraction,161792,0.16171875596046448
PPO_12,train/clip_fraction,163840,0.15727539360523224
PPO_12,train/clip_fraction,165888,0.17788085341453552
PPO_12,train/clip_fraction,167936,0.18369141221046448
PPO_12,train/clip_fraction,169984,0.16015625
PPO_12,train/clip_fraction,172032,0.18564453721046448
PPO_12,train/clip_fraction,174080,0.162109375
PPO_12,train/clip_fraction,176128,0.18002930283546448
PPO_12,train/clip_fraction,178176,0.16254882514476776
PPO_12,train/clip_fraction,180224,0.1982421875
PPO_12,train/clip_fraction,182272,0.15205077826976776
PPO_12,train/clip_fraction,184320,0.15229491889476776
PPO_12,train/clip_fraction,186368,0.18447265028953552
PPO_12,train/clip_fraction,188416,0.12875977158546448
PPO_12,train/clip_fraction,190464,0.14775390923023224
PPO_12,train/clip_fraction,192512,0.13339844346046448
PPO_12,train/clip_fraction,194560,0.159912109375
PPO_12,train/clip_fraction,196608,0.13344725966453552
PPO_12,train/clip_fraction,198656,0.11508788913488388
PPO_12,train/clip_fraction,200704,0.15903320908546448
PPO_12,train/clip_fraction,202752,0.17319336533546448
PPO_12,train/clip_fraction,204800,0.13930663466453552
PPO_12,train/clip_fraction,206848,0.19658203423023224
PPO_12,train/clip_fraction,208896,0.15478515625
PPO_12,train/clip_fraction,210944,0.17119140923023224
PPO_12,train/clip_fraction,212992,0.12851563096046448
PPO_12,train/clip_fraction,215040,0.16850586235523224
PPO_12,train/clip_fraction,217088,0.19536133110523224
PPO_12,train/clip_fraction,219136,0.13427734375
PPO_12,train/clip_fraction,221184,0.135986328125
PPO_12,train/clip_fraction,223232,0.16982421278953552
PPO_12,train/clip_fraction,225280,0.12709960341453552
PPO_12,train/clip_fraction,227328,0.14921875298023224
PPO_12,train/clip_fraction,229376,0.16928711533546448
PPO_12,train/clip_fraction,231424,0.16328124701976776
PPO_12,train/clip_fraction,233472,0.16621093451976776
PPO_12,train/clip_fraction,235520,0.151611328125
PPO_12,train/clip_fraction,237568,0.11933593451976776
PPO_12,train/clip_fraction,239616,0.14619140326976776
PPO_12,train/clip_fraction,241664,0.16591796278953552
PPO_12,train/clip_fraction,243712,0.18984374403953552
PPO_12,train/clip_fraction,245760,0.14741210639476776
PPO_12,train/clip_fraction,247808,0.16279296576976776
PPO_12,train/clip_fraction,249856,0.15024414658546448
PPO_12,train/clip_fraction,251904,0.16997070610523224
PPO_12,train/clip_fraction,253952,0.17705078423023224
PPO_12,train/clip_fraction,256000,0.17646484076976776
PPO_12,train/clip_fraction,258048,0.15830078721046448
PPO_12,train/clip_fraction,260096,0.13701172173023224
PPO_12,train/clip_fraction,262144,0.14228515326976776
PPO_12,train/clip_fraction,264192,0.17592772841453552
PPO_12,train/clip_fraction,266240,0.15449218451976776
PPO_12,train/clip_fraction,268288,0.15292969346046448
PPO_12,train/clip_fraction,270336,0.13105468451976776
PPO_12,train/clip_fraction,272384,0.13041992485523224
PPO_12,train/clip_fraction,274432,0.14741210639476776
PPO_12,train/clip_fraction,276480,0.14785155653953552
PPO_12,train/clip_fraction,278528,0.19423827528953552
PPO_12,train/clip_fraction,280576,0.18198242783546448
PPO_12,train/clip_fraction,282624,0.1650390625
PPO_12,train/clip_fraction,284672,0.1572265625
PPO_12,train/clip_fraction,286720,0.14829102158546448
PPO_12,train/clip_fraction,288768,0.16806641221046448
PPO_12,train/clip_fraction,290816,0.14975586533546448
PPO_12,train/clip_fraction,292864,0.15180663764476776
PPO_12,train/clip_fraction,294912,0.15776367485523224
PPO_12,train/clip_fraction,296960,0.15253905951976776
PPO_12,train/clip_fraction,299008,0.18540039658546448
PPO_12,train/clip_fraction,301056,0.19179686903953552
PPO_12,train/clip_range,4096,0.20000000298023224
PPO_12,train/clip_range,6144,0.20000000298023224
PPO_12,train/clip_range,8192,0.20000000298023224
PPO_12,train/clip_range,10240,0.20000000298023224
PPO_12,train/clip_range,12288,0.20000000298023224
PPO_12,train/clip_range,14336,0.20000000298023224
PPO_12,train/clip_range,16384,0.20000000298023224
PPO_12,train/clip_range,18432,0.20000000298023224
PPO_12,train/clip_range,20480,0.20000000298023224
PPO_12,train/clip_range,22528,0.20000000298023224
PPO_12,train/clip_range,24576,0.20000000298023224
PPO_12,train/clip_range,26624,0.20000000298023224
PPO_12,train/clip_range,28672,0.20000000298023224
PPO_12,train/clip_range,30720,0.20000000298023224
PPO_12,train/clip_range,32768,0.20000000298023224
PPO_12,train/clip_range,34816,0.20000000298023224
PPO_12,train/clip_range,36864,0.20000000298023224
PPO_12,train/clip_range,38912,0.20000000298023224
PPO_12,train/clip_range,40960,0.20000000298023224
PPO_12,train/clip_range,43008,0.20000000298023224
PPO_12,train/clip_range,45056,0.20000000298023224
PPO_12,train/clip_range,47104,0.20000000298023224
PPO_12,train/clip_range,49152,0.20000000298023224
PPO_12,train/clip_range,51200,0.20000000298023224
PPO_12,train/clip_range,53248,0.20000000298023224
PPO_12,train/clip_range,55296,0.20000000298023224
PPO_12,train/clip_range,57344,0.20000000298023224
PPO_12,train/clip_range,59392,0.20000000298023224
PPO_12,train/clip_range,61440,0.20000000298023224
PPO_12,train/clip_range,63488,0.20000000298023224
PPO_12,train/clip_range,65536,0.20000000298023224
PPO_12,train/clip_range,67584,0.20000000298023224
PPO_12,train/clip_range,69632,0.20000000298023224
PPO_12,train/clip_range,71680,0.20000000298023224
PPO_12,train/clip_range,73728,0.20000000298023224
PPO_12,train/clip_range,75776,0.20000000298023224
PPO_12,train/clip_range,77824,0.20000000298023224
PPO_12,train/clip_range,79872,0.20000000298023224
PPO_12,train/clip_range,81920,0.20000000298023224
PPO_12,train/clip_range,83968,0.20000000298023224
PPO_12,train/clip_range,86016,0.20000000298023224
PPO_12,train/clip_range,88064,0.20000000298023224
PPO_12,train/clip_range,90112,0.20000000298023224
PPO_12,train/clip_range,92160,0.20000000298023224
PPO_12,train/clip_range,94208,0.20000000298023224
PPO_12,train/clip_range,96256,0.20000000298023224
PPO_12,train/clip_range,98304,0.20000000298023224
PPO_12,train/clip_range,100352,0.20000000298023224
PPO_12,train/clip_range,102400,0.20000000298023224
PPO_12,train/clip_range,104448,0.20000000298023224
PPO_12,train/clip_range,106496,0.20000000298023224
PPO_12,train/clip_range,108544,0.20000000298023224
PPO_12,train/clip_range,110592,0.20000000298023224
PPO_12,train/clip_range,112640,0.20000000298023224
PPO_12,train/clip_range,114688,0.20000000298023224
PPO_12,train/clip_range,116736,0.20000000298023224
PPO_12,train/clip_range,118784,0.20000000298023224
PPO_12,train/clip_range,120832,0.20000000298023224
PPO_12,train/clip_range,122880,0.20000000298023224
PPO_12,train/clip_range,124928,0.20000000298023224
PPO_12,train/clip_range,126976,0.20000000298023224
PPO_12,train/clip_range,129024,0.20000000298023224
PPO_12,train/clip_range,131072,0.20000000298023224
PPO_12,train/clip_range,133120,0.20000000298023224
PPO_12,train/clip_range,135168,0.20000000298023224
PPO_12,train/clip_range,137216,0.20000000298023224
PPO_12,train/clip_range,139264,0.20000000298023224
PPO_12,train/clip_range,141312,0.20000000298023224
PPO_12,train/clip_range,143360,0.20000000298023224
PPO_12,train/clip_range,145408,0.20000000298023224
PPO_12,train/clip_range,147456,0.20000000298023224
PPO_12,train/clip_range,149504,0.20000000298023224
PPO_12,train/clip_range,151552,0.20000000298023224
PPO_12,train/clip_range,153600,0.20000000298023224
PPO_12,train/clip_range,155648,0.20000000298023224
PPO_12,train/clip_range,157696,0.20000000298023224
PPO_12,train/clip_range,159744,0.20000000298023224
PPO_12,train/clip_range,161792,0.20000000298023224
PPO_12,train/clip_range,163840,0.20000000298023224
PPO_12,train/clip_range,165888,0.20000000298023224
PPO_12,train/clip_range,167936,0.20000000298023224
PPO_12,train/clip_range,169984,0.20000000298023224
PPO_12,train/clip_range,172032,0.20000000298023224
PPO_12,train/clip_range,174080,0.20000000298023224
PPO_12,train/clip_range,176128,0.20000000298023224
PPO_12,train/clip_range,178176,0.20000000298023224
PPO_12,train/clip_range,180224,0.20000000298023224
PPO_12,train/clip_range,182272,0.20000000298023224
PPO_12,train/clip_range,184320,0.20000000298023224
PPO_12,train/clip_range,186368,0.20000000298023224
PPO_12,train/clip_range,188416,0.20000000298023224
PPO_12,train/clip_range,190464,0.20000000298023224
PPO_12,train/clip_range,192512,0.20000000298023224
PPO_12,train/clip_range,194560,0.20000000298023224
PPO_12,train/clip_range,196608,0.20000000298023224
PPO_12,train/clip_range,198656,0.20000000298023224
PPO_12,train/clip_range,200704,0.20000000298023224
PPO_12,train/clip_range,202752,0.20000000298023224
PPO_12,train/clip_range,204800,0.20000000298023224
PPO_12,train/clip_range,206848,0.20000000298023224
PPO_12,train/clip_range,208896,0.20000000298023224
PPO_12,train/clip_range,210944,0.20000000298023224
PPO_12,train/clip_range,212992,0.20000000298023224
PPO_12,train/clip_range,215040,0.20000000298023224
PPO_12,train/clip_range,217088,0.20000000298023224
PPO_12,train/clip_range,219136,0.20000000298023224
PPO_12,train/clip_range,221184,0.20000000298023224
PPO_12,train/clip_range,223232,0.20000000298023224
PPO_12,train/clip_range,225280,0.20000000298023224
PPO_12,train/clip_range,227328,0.20000000298023224
PPO_12,train/clip_range,229376,0.20000000298023224
PPO_12,train/clip_range,231424,0.20000000298023224
PPO_12,train/clip_range,233472,0.20000000298023224
PPO_12,train/clip_range,235520,0.20000000298023224
PPO_12,train/clip_range,237568,0.20000000298023224
PPO_12,train/clip_range,239616,0.20000000298023224
PPO_12,train/clip_range,241664,0.20000000298023224
PPO_12,train/clip_range,243712,0.20000000298023224
PPO_12,train/clip_range,245760,0.20000000298023224
PPO_12,train/clip_range,247808,0.20000000298023224
PPO_12,train/clip_range,249856,0.20000000298023224
PPO_12,train/clip_range,251904,0.20000000298023224
PPO_12,train/clip_range,253952,0.20000000298023224
PPO_12,train/clip_range,256000,0.20000000298023224
PPO_12,train/clip_range,258048,0.20000000298023224
PPO_12,train/clip_range,260096,0.20000000298023224
PPO_12,train/clip_range,262144,0.20000000298023224
PPO_12,train/clip_range,264192,0.20000000298023224
PPO_12,train/clip_range,266240,0.20000000298023224
PPO_12,train/clip_range,268288,0.20000000298023224
PPO_12,train/clip_range,270336,0.20000000298023224
PPO_12,train/clip_range,272384,0.20000000298023224
PPO_12,train/clip_range,274432,0.20000000298023224
PPO_12,train/clip_range,276480,0.20000000298023224
PPO_12,train/clip_range,278528,0.20000000298023224
PPO_12,train/clip_range,280576,0.20000000298023224
PPO_12,train/clip_range,282624,0.20000000298023224
PPO_12,train/clip_range,284672,0.20000000298023224
PPO_12,train/clip_range,286720,0.20000000298023224
PPO_12,train/clip_range,288768,0.20000000298023224
PPO_12,train/clip_range,290816,0.20000000298023224
PPO_12,train/clip_range,292864,0.20000000298023224
PPO_12,train/clip_range,294912,0.20000000298023224
PPO_12,train/clip_range,296960,0.20000000298023224
PPO_12,train/clip_range,299008,0.20000000298023224
PPO_12,train/clip_range,301056,0.20000000298023224
PPO_12,train/entropy_loss,4096,-22.76202392578125
PPO_12,train/entropy_loss,6144,-22.8312931060791
PPO_12,train/entropy_loss,8192,-22.875545501708984
PPO_12,train/entropy_loss,10240,-22.895435333251953
PPO_12,train/entropy_loss,12288,-22.916959762573242
PPO_12,train/entropy_loss,14336,-22.942157745361328
PPO_12,train/entropy_loss,16384,-22.98013687133789
PPO_12,train/entropy_loss,18432,-23.020586013793945
PPO_12,train/entropy_loss,20480,-23.042789459228516
PPO_12,train/entropy_loss,22528,-23.09971046447754
PPO_12,train/entropy_loss,24576,-23.147417068481445
PPO_12,train/entropy_loss,26624,-23.170400619506836
PPO_12,train/entropy_loss,28672,-23.18119239807129
PPO_12,train/entropy_loss,30720,-23.207576751708984
PPO_12,train/entropy_loss,32768,-23.261932373046875
PPO_12,train/entropy_loss,34816,-23.31477165222168
PPO_12,train/entropy_loss,36864,-23.34238624572754
PPO_12,train/entropy_loss,38912,-23.375280380249023
PPO_12,train/entropy_loss,40960,-23.434114456176758
PPO_12,train/entropy_loss,43008,-23.485349655151367
PPO_12,train/entropy_loss,45056,-23.522096633911133
PPO_12,train/entropy_loss,47104,-23.559736251831055
PPO_12,train/entropy_loss,49152,-23.605632781982422
PPO_12,train/entropy_loss,51200,-23.623403549194336
PPO_12,train/entropy_loss,53248,-23.62603187561035
PPO_12,train/entropy_loss,55296,-23.62928009033203
PPO_12,train/entropy_loss,57344,-23.63871192932129
PPO_12,train/entropy_loss,59392,-23.65863037109375
PPO_12,train/entropy_loss,61440,-23.677146911621094
PPO_12,train/entropy_loss,63488,-23.68703842163086
PPO_12,train/entropy_loss,65536,-23.69154167175293
PPO_12,train/entropy_loss,67584,-23.723901748657227
PPO_12,train/entropy_loss,69632,-23.775434494018555
PPO_12,train/entropy_loss,71680,-23.82302474975586
PPO_12,train/entropy_loss,73728,-23.843332290649414
PPO_12,train/entropy_loss,75776,-23.869016647338867
PPO_12,train/entropy_loss,77824,-23.925931930541992
PPO_12,train/entropy_loss,79872,-23.96303367614746
PPO_12,train/entropy_loss,81920,-23.971879959106445
PPO_12,train/entropy_loss,83968,-24.003250122070312
PPO_12,train/entropy_loss,86016,-24.054264068603516
PPO_12,train/entropy_loss,88064,-24.114377975463867
PPO_12,train/entropy_loss,90112,-24.145109176635742
PPO_12,train/entropy_loss,92160,-24.176504135131836
PPO_12,train/entropy_loss,94208,-24.21941566467285
PPO_12,train/entropy_loss,96256,-24.253398895263672
PPO_12,train/entropy_loss,98304,-24.31195640563965
PPO_12,train/entropy_loss,100352,-24.354541778564453
PPO_12,train/entropy_loss,102400,-24.389738082885742
PPO_12,train/entropy_loss,104448,-24.429412841796875
PPO_12,train/entropy_loss,106496,-24.479867935180664
PPO_12,train/entropy_loss,108544,-24.506528854370117
PPO_12,train/entropy_loss,110592,-24.53536605834961
PPO_12,train/entropy_loss,112640,-24.562885284423828
PPO_12,train/entropy_loss,114688,-24.582738876342773
PPO_12,train/entropy_loss,116736,-24.595335006713867
PPO_12,train/entropy_loss,118784,-24.621387481689453
PPO_12,train/entropy_loss,120832,-24.675474166870117
PPO_12,train/entropy_loss,122880,-24.69715118408203
PPO_12,train/entropy_loss,124928,-24.726713180541992
PPO_12,train/entropy_loss,126976,-24.728351593017578
PPO_12,train/entropy_loss,129024,-24.717830657958984
PPO_12,train/entropy_loss,131072,-24.7305850982666
PPO_12,train/entropy_loss,133120,-24.76580810546875
PPO_12,train/entropy_loss,135168,-24.780532836914062
PPO_12,train/entropy_loss,137216,-24.842300415039062
PPO_12,train/entropy_loss,139264,-24.872547149658203
PPO_12,train/entropy_loss,141312,-24.87285804748535
PPO_12,train/entropy_loss,143360,-24.88862419128418
PPO_12,train/entropy_loss,145408,-24.920068740844727
PPO_12,train/entropy_loss,147456,-24.946186065673828
PPO_12,train/entropy_loss,149504,-25.003089904785156
PPO_12,train/entropy_loss,151552,-25.064504623413086
PPO_12,train/entropy_loss,153600,-25.10211944580078
PPO_12,train/entropy_loss,155648,-25.108747482299805
PPO_12,train/entropy_loss,157696,-25.097604751586914
PPO_12,train/entropy_loss,159744,-25.096893310546875
PPO_12,train/entropy_loss,161792,-25.107738494873047
PPO_12,train/entropy_loss,163840,-25.138019561767578
PPO_12,train/entropy_loss,165888,-25.179988861083984
PPO_12,train/entropy_loss,167936,-25.195575714111328
PPO_12,train/entropy_loss,169984,-25.22182846069336
PPO_12,train/entropy_loss,172032,-25.26287078857422
PPO_12,train/entropy_loss,174080,-25.2846622467041
PPO_12,train/entropy_loss,176128,-25.28937339782715
PPO_12,train/entropy_loss,178176,-25.304494857788086
PPO_12,train/entropy_loss,180224,-25.32478904724121
PPO_12,train/entropy_loss,182272,-25.377342224121094
PPO_12,train/entropy_loss,184320,-25.412702560424805
PPO_12,train/entropy_loss,186368,-25.445980072021484
PPO_12,train/entropy_loss,188416,-25.463802337646484
PPO_12,train/entropy_loss,190464,-25.471553802490234
PPO_12,train/entropy_loss,192512,-25.478574752807617
PPO_12,train/entropy_loss,194560,-25.49795913696289
PPO_12,train/entropy_loss,196608,-25.497615814208984
PPO_12,train/entropy_loss,198656,-25.50839614868164
PPO_12,train/entropy_loss,200704,-25.55256462097168
PPO_12,train/entropy_loss,202752,-25.609989166259766
PPO_12,train/entropy_loss,204800,-25.659040451049805
PPO_12,train/entropy_loss,206848,-25.65536117553711
PPO_12,train/entropy_loss,208896,-25.666486740112305
PPO_12,train/entropy_loss,210944,-25.709117889404297
PPO_12,train/entropy_loss,212992,-25.740339279174805
PPO_12,train/entropy_loss,215040,-25.774944305419922
PPO_12,train/entropy_loss,217088,-25.767824172973633
PPO_12,train/entropy_loss,219136,-25.772035598754883
PPO_12,train/entropy_loss,221184,-25.8078556060791
PPO_12,train/entropy_loss,223232,-25.855926513671875
PPO_12,train/entropy_loss,225280,-25.90976905822754
PPO_12,train/entropy_loss,227328,-25.966787338256836
PPO_12,train/entropy_loss,229376,-26.005718231201172
PPO_12,train/entropy_loss,231424,-26.03069305419922
PPO_12,train/entropy_loss,233472,-26.041913986206055
PPO_12,train/entropy_loss,235520,-26.05671501159668
PPO_12,train/entropy_loss,237568,-26.110551834106445
PPO_12,train/entropy_loss,239616,-26.137920379638672
PPO_12,train/entropy_loss,241664,-26.169164657592773
PPO_12,train/entropy_loss,243712,-26.221559524536133
PPO_12,train/entropy_loss,245760,-26.253765106201172
PPO_12,train/entropy_loss,247808,-26.290441513061523
PPO_12,train/entropy_loss,249856,-26.339584350585938
PPO_12,train/entropy_loss,251904,-26.389070510864258
PPO_12,train/entropy_loss,253952,-26.427574157714844
PPO_12,train/entropy_loss,256000,-26.449893951416016
PPO_12,train/entropy_loss,258048,-26.48288917541504
PPO_12,train/entropy_loss,260096,-26.532560348510742
PPO_12,train/entropy_loss,262144,-26.566673278808594
PPO_12,train/entropy_loss,264192,-26.590055465698242
PPO_12,train/entropy_loss,266240,-26.61733055114746
PPO_12,train/entropy_loss,268288,-26.640792846679688
PPO_12,train/entropy_loss,270336,-26.726469039916992
PPO_12,train/entropy_loss,272384,-26.77330207824707
PPO_12,train/entropy_loss,274432,-26.80263328552246
PPO_12,train/entropy_loss,276480,-26.799863815307617
PPO_12,train/entropy_loss,278528,-26.81920623779297
PPO_12,train/entropy_loss,280576,-26.86461067199707
PPO_12,train/entropy_loss,282624,-26.895578384399414
PPO_12,train/entropy_loss,284672,-26.94883155822754
PPO_12,train/entropy_loss,286720,-26.993261337280273
PPO_12,train/entropy_loss,288768,-27.011220932006836
PPO_12,train/entropy_loss,290816,-27.055788040161133
PPO_12,train/entropy_loss,292864,-27.080425262451172
PPO_12,train/entropy_loss,294912,-27.119842529296875
PPO_12,train/entropy_loss,296960,-27.12770652770996
PPO_12,train/entropy_loss,299008,-27.172378540039062
PPO_12,train/entropy_loss,301056,-27.188541412353516
PPO_12,train/explained_variance,4096,-0.05306875705718994
PPO_12,train/explained_variance,6144,0.5698527693748474
PPO_12,train/explained_variance,8192,0.31087327003479004
PPO_12,train/explained_variance,10240,0.7334304451942444
PPO_12,train/explained_variance,12288,0.888393759727478
PPO_12,train/explained_variance,14336,0.5125411152839661
PPO_12,train/explained_variance,16384,0.8621665239334106
PPO_12,train/explained_variance,18432,0.9260271787643433
PPO_12,train/explained_variance,20480,0.9292009472846985
PPO_12,train/explained_variance,22528,0.8870046734809875
PPO_12,train/explained_variance,24576,0.9230290055274963
PPO_12,train/explained_variance,26624,0.8794227242469788
PPO_12,train/explained_variance,28672,0.902685284614563
PPO_12,train/explained_variance,30720,0.5331659317016602
PPO_12,train/explained_variance,32768,0.44250959157943726
PPO_12,train/explained_variance,34816,0.9058516025543213
PPO_12,train/explained_variance,36864,0.8901405334472656
PPO_12,train/explained_variance,38912,0.9205139875411987
PPO_12,train/explained_variance,40960,0.8347398638725281
PPO_12,train/explained_variance,43008,0.9221982955932617
PPO_12,train/explained_variance,45056,0.8624006509780884
PPO_12,train/explained_variance,47104,0.933130145072937
PPO_12,train/explained_variance,49152,0.7896751165390015
PPO_12,train/explained_variance,51200,0.7047762870788574
PPO_12,train/explained_variance,53248,0.8685096502304077
PPO_12,train/explained_variance,55296,0.6082472801208496
PPO_12,train/explained_variance,57344,0.9212110042572021
PPO_12,train/explained_variance,59392,0.856366753578186
PPO_12,train/explained_variance,61440,0.8676878809928894
PPO_12,train/explained_variance,63488,0.5780699253082275
PPO_12,train/explained_variance,65536,0.9461846351623535
PPO_12,train/explained_variance,67584,0.9266517162322998
PPO_12,train/explained_variance,69632,0.9453102350234985
PPO_12,train/explained_variance,71680,0.842227041721344
PPO_12,train/explained_variance,73728,0.8861613869667053
PPO_12,train/explained_variance,75776,0.8248283863067627
PPO_12,train/explained_variance,77824,0.7181251049041748
PPO_12,train/explained_variance,79872,0.9142315983772278
PPO_12,train/explained_variance,81920,0.7381916046142578
PPO_12,train/explained_variance,83968,0.7287759780883789
PPO_12,train/explained_variance,86016,0.9419447779655457
PPO_12,train/explained_variance,88064,0.9311594367027283
PPO_12,train/explained_variance,90112,0.7650457620620728
PPO_12,train/explained_variance,92160,0.9035136699676514
PPO_12,train/explained_variance,94208,0.8754100799560547
PPO_12,train/explained_variance,96256,0.9546911716461182
PPO_12,train/explained_variance,98304,0.8824548721313477
PPO_12,train/explained_variance,100352,0.8803471326828003
PPO_12,train/explained_variance,102400,0.8979207873344421
PPO_12,train/explained_variance,104448,0.7538725137710571
PPO_12,train/explained_variance,106496,0.8501261472702026
PPO_12,train/explained_variance,108544,0.8318730592727661
PPO_12,train/explained_variance,110592,0.8673115372657776
PPO_12,train/explained_variance,112640,0.8987523913383484
PPO_12,train/explained_variance,114688,0.9218030571937561
PPO_12,train/explained_variance,116736,0.8641683459281921
PPO_12,train/explained_variance,118784,0.9332672953605652
PPO_12,train/explained_variance,120832,0.8679699897766113
PPO_12,train/explained_variance,122880,0.862467348575592
PPO_12,train/explained_variance,124928,0.8468685150146484
PPO_12,train/explained_variance,126976,0.9491029381752014
PPO_12,train/explained_variance,129024,0.9120886325836182
PPO_12,train/explained_variance,131072,0.9002586603164673
PPO_12,train/explained_variance,133120,0.8742488026618958
PPO_12,train/explained_variance,135168,0.9062132239341736
PPO_12,train/explained_variance,137216,0.8938880562782288
PPO_12,train/explained_variance,139264,0.9482555985450745
PPO_12,train/explained_variance,141312,0.9207258820533752
PPO_12,train/explained_variance,143360,0.9591812491416931
PPO_12,train/explained_variance,145408,0.9627587795257568
PPO_12,train/explained_variance,147456,0.963812530040741
PPO_12,train/explained_variance,149504,0.9098160862922668
PPO_12,train/explained_variance,151552,0.7574419975280762
PPO_12,train/explained_variance,153600,0.9312337636947632
PPO_12,train/explained_variance,155648,0.9552086591720581
PPO_12,train/explained_variance,157696,0.974837601184845
PPO_12,train/explained_variance,159744,0.9513083696365356
PPO_12,train/explained_variance,161792,0.9551478028297424
PPO_12,train/explained_variance,163840,0.9374275207519531
PPO_12,train/explained_variance,165888,0.9488850235939026
PPO_12,train/explained_variance,167936,0.9312617182731628
PPO_12,train/explained_variance,169984,0.9427270293235779
PPO_12,train/explained_variance,172032,0.9386301040649414
PPO_12,train/explained_variance,174080,0.9562286138534546
PPO_12,train/explained_variance,176128,0.9175164103507996
PPO_12,train/explained_variance,178176,0.9159359335899353
PPO_12,train/explained_variance,180224,0.8890377283096313
PPO_12,train/explained_variance,182272,0.8847734928131104
PPO_12,train/explained_variance,184320,0.8846855759620667
PPO_12,train/explained_variance,186368,0.9291050434112549
PPO_12,train/explained_variance,188416,0.8807217478752136
PPO_12,train/explained_variance,190464,0.9629960060119629
PPO_12,train/explained_variance,192512,0.9088653326034546
PPO_12,train/explained_variance,194560,0.9404249787330627
PPO_12,train/explained_variance,196608,0.8693774342536926
PPO_12,train/explained_variance,198656,0.9082264304161072
PPO_12,train/explained_variance,200704,0.9352752566337585
PPO_12,train/explained_variance,202752,0.9528272747993469
PPO_12,train/explained_variance,204800,0.8885884284973145
PPO_12,train/explained_variance,206848,0.9255719780921936
PPO_12,train/explained_variance,208896,0.9645028114318848
PPO_12,train/explained_variance,210944,0.9014161229133606
PPO_12,train/explained_variance,212992,0.9563308358192444
PPO_12,train/explained_variance,215040,0.9612613916397095
PPO_12,train/explained_variance,217088,0.9567676186561584
PPO_12,train/explained_variance,219136,0.9135485291481018
PPO_12,train/explained_variance,221184,0.8566920757293701
PPO_12,train/explained_variance,223232,0.9720633029937744
PPO_12,train/explained_variance,225280,0.970419704914093
PPO_12,train/explained_variance,227328,0.9363641738891602
PPO_12,train/explained_variance,229376,0.9660932421684265
PPO_12,train/explained_variance,231424,0.9691752195358276
PPO_12,train/explained_variance,233472,0.9175335168838501
PPO_12,train/explained_variance,235520,0.9757683277130127
PPO_12,train/explained_variance,237568,0.975862443447113
PPO_12,train/explained_variance,239616,0.957890510559082
PPO_12,train/explained_variance,241664,0.9101696014404297
PPO_12,train/explained_variance,243712,0.9406107664108276
PPO_12,train/explained_variance,245760,0.9693164825439453
PPO_12,train/explained_variance,247808,0.9245772957801819
PPO_12,train/explained_variance,249856,0.938024640083313
PPO_12,train/explained_variance,251904,0.9367350339889526
PPO_12,train/explained_variance,253952,0.9655563831329346
PPO_12,train/explained_variance,256000,0.9271289706230164
PPO_12,train/explained_variance,258048,0.9542433023452759
PPO_12,train/explained_variance,260096,0.9070985317230225
PPO_12,train/explained_variance,262144,0.9666545391082764
PPO_12,train/explained_variance,264192,0.9523559808731079
PPO_12,train/explained_variance,266240,0.9469980001449585
PPO_12,train/explained_variance,268288,0.9856172204017639
PPO_12,train/explained_variance,270336,0.9484364986419678
PPO_12,train/explained_variance,272384,0.9302684664726257
PPO_12,train/explained_variance,274432,0.972054123878479
PPO_12,train/explained_variance,276480,0.9545637369155884
PPO_12,train/explained_variance,278528,0.9719040989875793
PPO_12,train/explained_variance,280576,0.9738194942474365
PPO_12,train/explained_variance,282624,0.914684534072876
PPO_12,train/explained_variance,284672,0.9608407020568848
PPO_12,train/explained_variance,286720,0.9413819313049316
PPO_12,train/explained_variance,288768,0.9509154558181763
PPO_12,train/explained_variance,290816,0.9632266759872437
PPO_12,train/explained_variance,292864,0.9562220573425293
PPO_12,train/explained_variance,294912,0.909061849117279
PPO_12,train/explained_variance,296960,0.7979456782341003
PPO_12,train/explained_variance,299008,0.9246338605880737
PPO_12,train/explained_variance,301056,0.9413264393806458
PPO_12,train/learning_rate,4096,0.0003000000142492354
PPO_12,train/learning_rate,6144,0.0003000000142492354
PPO_12,train/learning_rate,8192,0.0003000000142492354
PPO_12,train/learning_rate,10240,0.0003000000142492354
PPO_12,train/learning_rate,12288,0.0003000000142492354
PPO_12,train/learning_rate,14336,0.0003000000142492354
PPO_12,train/learning_rate,16384,0.0003000000142492354
PPO_12,train/learning_rate,18432,0.0003000000142492354
PPO_12,train/learning_rate,20480,0.0003000000142492354
PPO_12,train/learning_rate,22528,0.0003000000142492354
PPO_12,train/learning_rate,24576,0.0003000000142492354
PPO_12,train/learning_rate,26624,0.0003000000142492354
PPO_12,train/learning_rate,28672,0.0003000000142492354
PPO_12,train/learning_rate,30720,0.0003000000142492354
PPO_12,train/learning_rate,32768,0.0003000000142492354
PPO_12,train/learning_rate,34816,0.0003000000142492354
PPO_12,train/learning_rate,36864,0.0003000000142492354
PPO_12,train/learning_rate,38912,0.0003000000142492354
PPO_12,train/learning_rate,40960,0.0003000000142492354
PPO_12,train/learning_rate,43008,0.0003000000142492354
PPO_12,train/learning_rate,45056,0.0003000000142492354
PPO_12,train/learning_rate,47104,0.0003000000142492354
PPO_12,train/learning_rate,49152,0.0003000000142492354
PPO_12,train/learning_rate,51200,0.0003000000142492354
PPO_12,train/learning_rate,53248,0.0003000000142492354
PPO_12,train/learning_rate,55296,0.0003000000142492354
PPO_12,train/learning_rate,57344,0.0003000000142492354
PPO_12,train/learning_rate,59392,0.0003000000142492354
PPO_12,train/learning_rate,61440,0.0003000000142492354
PPO_12,train/learning_rate,63488,0.0003000000142492354
PPO_12,train/learning_rate,65536,0.0003000000142492354
PPO_12,train/learning_rate,67584,0.0003000000142492354
PPO_12,train/learning_rate,69632,0.0003000000142492354
PPO_12,train/learning_rate,71680,0.0003000000142492354
PPO_12,train/learning_rate,73728,0.0003000000142492354
PPO_12,train/learning_rate,75776,0.0003000000142492354
PPO_12,train/learning_rate,77824,0.0003000000142492354
PPO_12,train/learning_rate,79872,0.0003000000142492354
PPO_12,train/learning_rate,81920,0.0003000000142492354
PPO_12,train/learning_rate,83968,0.0003000000142492354
PPO_12,train/learning_rate,86016,0.0003000000142492354
PPO_12,train/learning_rate,88064,0.0003000000142492354
PPO_12,train/learning_rate,90112,0.0003000000142492354
PPO_12,train/learning_rate,92160,0.0003000000142492354
PPO_12,train/learning_rate,94208,0.0003000000142492354
PPO_12,train/learning_rate,96256,0.0003000000142492354
PPO_12,train/learning_rate,98304,0.0003000000142492354
PPO_12,train/learning_rate,100352,0.0003000000142492354
PPO_12,train/learning_rate,102400,0.0003000000142492354
PPO_12,train/learning_rate,104448,0.0003000000142492354
PPO_12,train/learning_rate,106496,0.0003000000142492354
PPO_12,train/learning_rate,108544,0.0003000000142492354
PPO_12,train/learning_rate,110592,0.0003000000142492354
PPO_12,train/learning_rate,112640,0.0003000000142492354
PPO_12,train/learning_rate,114688,0.0003000000142492354
PPO_12,train/learning_rate,116736,0.0003000000142492354
PPO_12,train/learning_rate,118784,0.0003000000142492354
PPO_12,train/learning_rate,120832,0.0003000000142492354
PPO_12,train/learning_rate,122880,0.0003000000142492354
PPO_12,train/learning_rate,124928,0.0003000000142492354
PPO_12,train/learning_rate,126976,0.0003000000142492354
PPO_12,train/learning_rate,129024,0.0003000000142492354
PPO_12,train/learning_rate,131072,0.0003000000142492354
PPO_12,train/learning_rate,133120,0.0003000000142492354
PPO_12,train/learning_rate,135168,0.0003000000142492354
PPO_12,train/learning_rate,137216,0.0003000000142492354
PPO_12,train/learning_rate,139264,0.0003000000142492354
PPO_12,train/learning_rate,141312,0.0003000000142492354
PPO_12,train/learning_rate,143360,0.0003000000142492354
PPO_12,train/learning_rate,145408,0.0003000000142492354
PPO_12,train/learning_rate,147456,0.0003000000142492354
PPO_12,train/learning_rate,149504,0.0003000000142492354
PPO_12,train/learning_rate,151552,0.0003000000142492354
PPO_12,train/learning_rate,153600,0.0003000000142492354
PPO_12,train/learning_rate,155648,0.0003000000142492354
PPO_12,train/learning_rate,157696,0.0003000000142492354
PPO_12,train/learning_rate,159744,0.0003000000142492354
PPO_12,train/learning_rate,161792,0.0003000000142492354
PPO_12,train/learning_rate,163840,0.0003000000142492354
PPO_12,train/learning_rate,165888,0.0003000000142492354
PPO_12,train/learning_rate,167936,0.0003000000142492354
PPO_12,train/learning_rate,169984,0.0003000000142492354
PPO_12,train/learning_rate,172032,0.0003000000142492354
PPO_12,train/learning_rate,174080,0.0003000000142492354
PPO_12,train/learning_rate,176128,0.0003000000142492354
PPO_12,train/learning_rate,178176,0.0003000000142492354
PPO_12,train/learning_rate,180224,0.0003000000142492354
PPO_12,train/learning_rate,182272,0.0003000000142492354
PPO_12,train/learning_rate,184320,0.0003000000142492354
PPO_12,train/learning_rate,186368,0.0003000000142492354
PPO_12,train/learning_rate,188416,0.0003000000142492354
PPO_12,train/learning_rate,190464,0.0003000000142492354
PPO_12,train/learning_rate,192512,0.0003000000142492354
PPO_12,train/learning_rate,194560,0.0003000000142492354
PPO_12,train/learning_rate,196608,0.0003000000142492354
PPO_12,train/learning_rate,198656,0.0003000000142492354
PPO_12,train/learning_rate,200704,0.0003000000142492354
PPO_12,train/learning_rate,202752,0.0003000000142492354
PPO_12,train/learning_rate,204800,0.0003000000142492354
PPO_12,train/learning_rate,206848,0.0003000000142492354
PPO_12,train/learning_rate,208896,0.0003000000142492354
PPO_12,train/learning_rate,210944,0.0003000000142492354
PPO_12,train/learning_rate,212992,0.0003000000142492354
PPO_12,train/learning_rate,215040,0.0003000000142492354
PPO_12,train/learning_rate,217088,0.0003000000142492354
PPO_12,train/learning_rate,219136,0.0003000000142492354
PPO_12,train/learning_rate,221184,0.0003000000142492354
PPO_12,train/learning_rate,223232,0.0003000000142492354
PPO_12,train/learning_rate,225280,0.0003000000142492354
PPO_12,train/learning_rate,227328,0.0003000000142492354
PPO_12,train/learning_rate,229376,0.0003000000142492354
PPO_12,train/learning_rate,231424,0.0003000000142492354
PPO_12,train/learning_rate,233472,0.0003000000142492354
PPO_12,train/learning_rate,235520,0.0003000000142492354
PPO_12,train/learning_rate,237568,0.0003000000142492354
PPO_12,train/learning_rate,239616,0.0003000000142492354
PPO_12,train/learning_rate,241664,0.0003000000142492354
PPO_12,train/learning_rate,243712,0.0003000000142492354
PPO_12,train/learning_rate,245760,0.0003000000142492354
PPO_12,train/learning_rate,247808,0.0003000000142492354
PPO_12,train/learning_rate,249856,0.0003000000142492354
PPO_12,train/learning_rate,251904,0.0003000000142492354
PPO_12,train/learning_rate,253952,0.0003000000142492354
PPO_12,train/learning_rate,256000,0.0003000000142492354
PPO_12,train/learning_rate,258048,0.0003000000142492354
PPO_12,train/learning_rate,260096,0.0003000000142492354
PPO_12,train/learning_rate,262144,0.0003000000142492354
PPO_12,train/learning_rate,264192,0.0003000000142492354
PPO_12,train/learning_rate,266240,0.0003000000142492354
PPO_12,train/learning_rate,268288,0.0003000000142492354
PPO_12,train/learning_rate,270336,0.0003000000142492354
PPO_12,train/learning_rate,272384,0.0003000000142492354
PPO_12,train/learning_rate,274432,0.0003000000142492354
PPO_12,train/learning_rate,276480,0.0003000000142492354
PPO_12,train/learning_rate,278528,0.0003000000142492354
PPO_12,train/learning_rate,280576,0.0003000000142492354
PPO_12,train/learning_rate,282624,0.0003000000142492354
PPO_12,train/learning_rate,284672,0.0003000000142492354
PPO_12,train/learning_rate,286720,0.0003000000142492354
PPO_12,train/learning_rate,288768,0.0003000000142492354
PPO_12,train/learning_rate,290816,0.0003000000142492354
PPO_12,train/learning_rate,292864,0.0003000000142492354
PPO_12,train/learning_rate,294912,0.0003000000142492354
PPO_12,train/learning_rate,296960,0.0003000000142492354
PPO_12,train/learning_rate,299008,0.0003000000142492354
PPO_12,train/learning_rate,301056,0.0003000000142492354
PPO_12,train/loss,4096,-0.2531946897506714
PPO_12,train/loss,6144,-0.27961474657058716
PPO_12,train/loss,8192,-0.28002747893333435
PPO_12,train/loss,10240,-0.2805040776729584
PPO_12,train/loss,12288,-0.27210167050361633
PPO_12,train/loss,14336,-0.2706620395183563
PPO_12,train/loss,16384,-0.28695148229599
PPO_12,train/loss,18432,-0.27879828214645386
PPO_12,train/loss,20480,-0.2736286222934723
PPO_12,train/loss,22528,-0.28787991404533386
PPO_12,train/loss,24576,-0.27795547246932983
PPO_12,train/loss,26624,-0.2866349220275879
PPO_12,train/loss,28672,-0.2847471535205841
PPO_12,train/loss,30720,-0.29119184613227844
PPO_12,train/loss,32768,-0.2948758900165558
PPO_12,train/loss,34816,-0.29115527868270874
PPO_12,train/loss,36864,-0.29379332065582275
PPO_12,train/loss,38912,-0.2942991554737091
PPO_12,train/loss,40960,-0.30021578073501587
PPO_12,train/loss,43008,-0.28837087750434875
PPO_12,train/loss,45056,-0.2988879382610321
PPO_12,train/loss,47104,-0.2854868769645691
PPO_12,train/loss,49152,-0.27568891644477844
PPO_12,train/loss,51200,-0.2985633313655853
PPO_12,train/loss,53248,-0.30693498253822327
PPO_12,train/loss,55296,-0.30765479803085327
PPO_12,train/loss,57344,-0.30391252040863037
PPO_12,train/loss,59392,-0.29735466837882996
PPO_12,train/loss,61440,-0.2874145209789276
PPO_12,train/loss,63488,-0.29320773482322693
PPO_12,train/loss,65536,-0.2940506935119629
PPO_12,train/loss,67584,-0.3037385642528534
PPO_12,train/loss,69632,-0.3014858067035675
PPO_12,train/loss,71680,-0.3076600730419159
PPO_12,train/loss,73728,-0.2957509160041809
PPO_12,train/loss,75776,-0.2987569570541382
PPO_12,train/loss,77824,-0.29051274061203003
PPO_12,train/loss,79872,-0.2940351665019989
PPO_12,train/loss,81920,-0.31434378027915955
PPO_12,train/loss,83968,-0.3064437210559845
PPO_12,train/loss,86016,-0.3174491822719574
PPO_12,train/loss,88064,-0.3122762143611908
PPO_12,train/loss,90112,-0.2954651713371277
PPO_12,train/loss,92160,-0.306148886680603
PPO_12,train/loss,94208,-0.31054356694221497
PPO_12,train/loss,96256,-0.29524266719818115
PPO_12,train/loss,98304,-0.31131482124328613
PPO_12,train/loss,100352,-0.31182369589805603
PPO_12,train/loss,102400,-0.30776533484458923
PPO_12,train/loss,104448,-0.3105769455432892
PPO_12,train/loss,106496,-0.3179931044578552
PPO_12,train/loss,108544,-0.3200244903564453
PPO_12,train/loss,110592,-0.3148476183414459
PPO_12,train/loss,112640,-0.3100355267524719
PPO_12,train/loss,114688,-0.3130020797252655
PPO_12,train/loss,116736,-0.30842939019203186
PPO_12,train/loss,118784,-0.30738288164138794
PPO_12,train/loss,120832,-0.3097999393939972
PPO_12,train/loss,122880,-0.3002607524394989
PPO_12,train/loss,124928,-0.31644123792648315
PPO_12,train/loss,126976,-0.30754730105400085
PPO_12,train/loss,129024,-0.30931389331817627
PPO_12,train/loss,131072,-0.30516791343688965
PPO_12,train/loss,133120,-0.3126056492328644
PPO_12,train/loss,135168,-0.3213288486003876
PPO_12,train/loss,137216,-0.3262043297290802
PPO_12,train/loss,139264,-0.32091957330703735
PPO_12,train/loss,141312,-0.30757251381874084
PPO_12,train/loss,143360,-0.3054388463497162
PPO_12,train/loss,145408,-0.3187412917613983
PPO_12,train/loss,147456,-0.31615906953811646
PPO_12,train/loss,149504,-0.30392447113990784
PPO_12,train/loss,151552,-0.30254483222961426
PPO_12,train/loss,153600,-0.29639187455177307
PPO_12,train/loss,155648,-0.31383246183395386
PPO_12,train/loss,157696,-0.31291434168815613
PPO_12,train/loss,159744,-0.31753021478652954
PPO_12,train/loss,161792,-0.3067164123058319
PPO_12,train/loss,163840,-0.3266281187534332
PPO_12,train/loss,165888,-0.31472060084342957
PPO_12,train/loss,167936,-0.30636051297187805
PPO_12,train/loss,169984,-0.29900452494621277
PPO_12,train/loss,172032,-0.31370237469673157
PPO_12,train/loss,174080,-0.31675615906715393
PPO_12,train/loss,176128,-0.32311150431632996
PPO_12,train/loss,178176,-0.31325045228004456
PPO_12,train/loss,180224,-0.30883505940437317
PPO_12,train/loss,182272,-0.3062889277935028
PPO_12,train/loss,184320,-0.3097588121891022
PPO_12,train/loss,186368,-0.33201396465301514
PPO_12,train/loss,188416,-0.3188542127609253
PPO_12,train/loss,190464,-0.307264506816864
PPO_12,train/loss,192512,-0.3184061646461487
PPO_12,train/loss,194560,-0.3183077275753021
PPO_12,train/loss,196608,-0.3073985278606415
PPO_12,train/loss,198656,-0.28928110003471375
PPO_12,train/loss,200704,-0.31948545575141907
PPO_12,train/loss,202752,-0.3248504400253296
PPO_12,train/loss,204800,-0.3060514032840729
PPO_12,train/loss,206848,-0.3226785957813263
PPO_12,train/loss,208896,-0.3164913058280945
PPO_12,train/loss,210944,-0.329760879278183
PPO_12,train/loss,212992,-0.3182966113090515
PPO_12,train/loss,215040,-0.3195807933807373
PPO_12,train/loss,217088,-0.325992614030838
PPO_12,train/loss,219136,-0.30218684673309326
PPO_12,train/loss,221184,-0.3146669864654541
PPO_12,train/loss,223232,-0.3237476944923401
PPO_12,train/loss,225280,-0.3166957497596741
PPO_12,train/loss,227328,-0.3167133629322052
PPO_12,train/loss,229376,-0.32215216755867004
PPO_12,train/loss,231424,-0.3239299952983856
PPO_12,train/loss,233472,-0.310848593711853
PPO_12,train/loss,235520,-0.32326802611351013
PPO_12,train/loss,237568,-0.3029852509498596
PPO_12,train/loss,239616,-0.31857162714004517
PPO_12,train/loss,241664,-0.32764139771461487
PPO_12,train/loss,243712,-0.30852821469306946
PPO_12,train/loss,245760,-0.3228343427181244
PPO_12,train/loss,247808,-0.3239312767982483
PPO_12,train/loss,249856,-0.3236800730228424
PPO_12,train/loss,251904,-0.32062435150146484
PPO_12,train/loss,253952,-0.32810911536216736
PPO_12,train/loss,256000,-0.3204386234283447
PPO_12,train/loss,258048,-0.3280785381793976
PPO_12,train/loss,260096,-0.314531534910202
PPO_12,train/loss,262144,-0.31442469358444214
PPO_12,train/loss,264192,-0.33729004859924316
PPO_12,train/loss,266240,-0.33056092262268066
PPO_12,train/loss,268288,-0.3098751902580261
PPO_12,train/loss,270336,-0.3288278877735138
PPO_12,train/loss,272384,-0.31444334983825684
PPO_12,train/loss,274432,-0.3127705752849579
PPO_12,train/loss,276480,-0.3165544867515564
PPO_12,train/loss,278528,-0.330871045589447
PPO_12,train/loss,280576,-0.3390588164329529
PPO_12,train/loss,282624,-0.31531232595443726
PPO_12,train/loss,284672,-0.3222928047180176
PPO_12,train/loss,286720,-0.3253868818283081
PPO_12,train/loss,288768,-0.3283666968345642
PPO_12,train/loss,290816,-0.3187706768512726
PPO_12,train/loss,292864,-0.33699190616607666
PPO_12,train/loss,294912,-0.3258722424507141
PPO_12,train/loss,296960,-0.3052854835987091
PPO_12,train/loss,299008,-0.3399896025657654
PPO_12,train/loss,301056,-0.3384431004524231
PPO_12,train/policy_gradient_loss,4096,-0.0329393669962883
PPO_12,train/policy_gradient_loss,6144,-0.03560199961066246
PPO_12,train/policy_gradient_loss,8192,-0.03635251522064209
PPO_12,train/policy_gradient_loss,10240,-0.036025431007146835
PPO_12,train/policy_gradient_loss,12288,-0.03365074470639229
PPO_12,train/policy_gradient_loss,14336,-0.03329592943191528
PPO_12,train/policy_gradient_loss,16384,-0.03929006680846214
PPO_12,train/policy_gradient_loss,18432,-0.032866865396499634
PPO_12,train/policy_gradient_loss,20480,-0.03625733032822609
PPO_12,train/policy_gradient_loss,22528,-0.03868936002254486
PPO_12,train/policy_gradient_loss,24576,-0.04071830213069916
PPO_12,train/policy_gradient_loss,26624,-0.039370086044073105
PPO_12,train/policy_gradient_loss,28672,-0.04454649239778519
PPO_12,train/policy_gradient_loss,30720,-0.039297960698604584
PPO_12,train/policy_gradient_loss,32768,-0.042339831590652466
PPO_12,train/policy_gradient_loss,34816,-0.04067777842283249
PPO_12,train/policy_gradient_loss,36864,-0.03917459398508072
PPO_12,train/policy_gradient_loss,38912,-0.0380740724503994
PPO_12,train/policy_gradient_loss,40960,-0.04182999208569527
PPO_12,train/policy_gradient_loss,43008,-0.042644962668418884
PPO_12,train/policy_gradient_loss,45056,-0.04215320572257042
PPO_12,train/policy_gradient_loss,47104,-0.03573928400874138
PPO_12,train/policy_gradient_loss,49152,-0.03830282762646675
PPO_12,train/policy_gradient_loss,51200,-0.04246522858738899
PPO_12,train/policy_gradient_loss,53248,-0.042155057191848755
PPO_12,train/policy_gradient_loss,55296,-0.0412120521068573
PPO_12,train/policy_gradient_loss,57344,-0.04276604205369949
PPO_12,train/policy_gradient_loss,59392,-0.041350800544023514
PPO_12,train/policy_gradient_loss,61440,-0.03744400665163994
PPO_12,train/policy_gradient_loss,63488,-0.03763948008418083
PPO_12,train/policy_gradient_loss,65536,-0.04395710304379463
PPO_12,train/policy_gradient_loss,67584,-0.04320228844881058
PPO_12,train/policy_gradient_loss,69632,-0.039114855229854584
PPO_12,train/policy_gradient_loss,71680,-0.046057265251874924
PPO_12,train/policy_gradient_loss,73728,-0.042654041200876236
PPO_12,train/policy_gradient_loss,75776,-0.04374951869249344
PPO_12,train/policy_gradient_loss,77824,-0.028667481616139412
PPO_12,train/policy_gradient_loss,79872,-0.041625916957855225
PPO_12,train/policy_gradient_loss,81920,-0.04002460837364197
PPO_12,train/policy_gradient_loss,83968,-0.044478148221969604
PPO_12,train/policy_gradient_loss,86016,-0.03930055722594261
PPO_12,train/policy_gradient_loss,88064,-0.04013184830546379
PPO_12,train/policy_gradient_loss,90112,-0.043177008628845215
PPO_12,train/policy_gradient_loss,92160,-0.04541715234518051
PPO_12,train/policy_gradient_loss,94208,-0.04247758537530899
PPO_12,train/policy_gradient_loss,96256,-0.04034709557890892
PPO_12,train/policy_gradient_loss,98304,-0.04405752941966057
PPO_12,train/policy_gradient_loss,100352,-0.042264558374881744
PPO_12,train/policy_gradient_loss,102400,-0.045170195400714874
PPO_12,train/policy_gradient_loss,104448,-0.041500963270664215
PPO_12,train/policy_gradient_loss,106496,-0.04786332696676254
PPO_12,train/policy_gradient_loss,108544,-0.043873149901628494
PPO_12,train/policy_gradient_loss,110592,-0.04217556491494179
PPO_12,train/policy_gradient_loss,112640,-0.04425044357776642
PPO_12,train/policy_gradient_loss,114688,-0.043200939893722534
PPO_12,train/policy_gradient_loss,116736,-0.03819653019309044
PPO_12,train/policy_gradient_loss,118784,-0.03806784376502037
PPO_12,train/policy_gradient_loss,120832,-0.04529793933033943
PPO_12,train/policy_gradient_loss,122880,-0.039970941841602325
PPO_12,train/policy_gradient_loss,124928,-0.03748645260930061
PPO_12,train/policy_gradient_loss,126976,-0.04250217601656914
PPO_12,train/policy_gradient_loss,129024,-0.04291727766394615
PPO_12,train/policy_gradient_loss,131072,-0.03572893887758255
PPO_12,train/policy_gradient_loss,133120,-0.04114127159118652
PPO_12,train/policy_gradient_loss,135168,-0.043013010174036026
PPO_12,train/policy_gradient_loss,137216,-0.04223114624619484
PPO_12,train/policy_gradient_loss,139264,-0.03979136049747467
PPO_12,train/policy_gradient_loss,141312,-0.038485851138830185
PPO_12,train/policy_gradient_loss,143360,-0.03870333358645439
PPO_12,train/policy_gradient_loss,145408,-0.03913996368646622
PPO_12,train/policy_gradient_loss,147456,-0.04067179933190346
PPO_12,train/policy_gradient_loss,149504,-0.04120749980211258
PPO_12,train/policy_gradient_loss,151552,-0.0251130573451519
PPO_12,train/policy_gradient_loss,153600,-0.034637995064258575
PPO_12,train/policy_gradient_loss,155648,-0.040579311549663544
PPO_12,train/policy_gradient_loss,157696,-0.04106184467673302
PPO_12,train/policy_gradient_loss,159744,-0.04125970974564552
PPO_12,train/policy_gradient_loss,161792,-0.03917529806494713
PPO_12,train/policy_gradient_loss,163840,-0.04058932512998581
PPO_12,train/policy_gradient_loss,165888,-0.04177745804190636
PPO_12,train/policy_gradient_loss,167936,-0.038315657526254654
PPO_12,train/policy_gradient_loss,169984,-0.036834802478551865
PPO_12,train/policy_gradient_loss,172032,-0.043907530605793
PPO_12,train/policy_gradient_loss,174080,-0.04189886152744293
PPO_12,train/policy_gradient_loss,176128,-0.04230714216828346
PPO_12,train/policy_gradient_loss,178176,-0.03881620243191719
PPO_12,train/policy_gradient_loss,180224,-0.036703865975141525
PPO_12,train/policy_gradient_loss,182272,-0.035799771547317505
PPO_12,train/policy_gradient_loss,184320,-0.038495440036058426
PPO_12,train/policy_gradient_loss,186368,-0.04407641291618347
PPO_12,train/policy_gradient_loss,188416,-0.035147085785865784
PPO_12,train/policy_gradient_loss,190464,-0.0385996550321579
PPO_12,train/policy_gradient_loss,192512,-0.03395715355873108
PPO_12,train/policy_gradient_loss,194560,-0.04260474443435669
PPO_12,train/policy_gradient_loss,196608,-0.036284640431404114
PPO_12,train/policy_gradient_loss,198656,-0.030380094423890114
PPO_12,train/policy_gradient_loss,200704,-0.039750006049871445
PPO_12,train/policy_gradient_loss,202752,-0.04176342859864235
PPO_12,train/policy_gradient_loss,204800,-0.036520835012197495
PPO_12,train/policy_gradient_loss,206848,-0.04189238324761391
PPO_12,train/policy_gradient_loss,208896,-0.04034457355737686
PPO_12,train/policy_gradient_loss,210944,-0.04053432121872902
PPO_12,train/policy_gradient_loss,212992,-0.03602379932999611
PPO_12,train/policy_gradient_loss,215040,-0.040598686784505844
PPO_12,train/policy_gradient_loss,217088,-0.043657686561346054
PPO_12,train/policy_gradient_loss,219136,-0.03423619642853737
PPO_12,train/policy_gradient_loss,221184,-0.03163239732384682
PPO_12,train/policy_gradient_loss,223232,-0.04382577911019325
PPO_12,train/policy_gradient_loss,225280,-0.034777771681547165
PPO_12,train/policy_gradient_loss,227328,-0.0404050350189209
PPO_12,train/policy_gradient_loss,229376,-0.04301510006189346
PPO_12,train/policy_gradient_loss,231424,-0.03592989593744278
PPO_12,train/policy_gradient_loss,233472,-0.039029981940984726
PPO_12,train/policy_gradient_loss,235520,-0.03842020779848099
PPO_12,train/policy_gradient_loss,237568,-0.03134326636791229
PPO_12,train/policy_gradient_loss,239616,-0.034170228987932205
PPO_12,train/policy_gradient_loss,241664,-0.04361205920577049
PPO_12,train/policy_gradient_loss,243712,-0.0376880057156086
PPO_12,train/policy_gradient_loss,245760,-0.03536318242549896
PPO_12,train/policy_gradient_loss,247808,-0.03930477425456047
PPO_12,train/policy_gradient_loss,249856,-0.03524905815720558
PPO_12,train/policy_gradient_loss,251904,-0.04067286476492882
PPO_12,train/policy_gradient_loss,253952,-0.04416459798812866
PPO_12,train/policy_gradient_loss,256000,-0.036680590361356735
PPO_12,train/policy_gradient_loss,258048,-0.04134117066860199
PPO_12,train/policy_gradient_loss,260096,-0.031758736819028854
PPO_12,train/policy_gradient_loss,262144,-0.034242212772369385
PPO_12,train/policy_gradient_loss,264192,-0.044822726398706436
PPO_12,train/policy_gradient_loss,266240,-0.03998641297221184
PPO_12,train/policy_gradient_loss,268288,-0.03868453577160835
PPO_12,train/policy_gradient_loss,270336,-0.03642250597476959
PPO_12,train/policy_gradient_loss,272384,-0.030927006155252457
PPO_12,train/policy_gradient_loss,274432,-0.03401469439268112
PPO_12,train/policy_gradient_loss,276480,-0.035695988684892654
PPO_12,train/policy_gradient_loss,278528,-0.042280830442905426
PPO_12,train/policy_gradient_loss,280576,-0.04494625702500343
PPO_12,train/policy_gradient_loss,282624,-0.03683234751224518
PPO_12,train/policy_gradient_loss,284672,-0.03633488342165947
PPO_12,train/policy_gradient_loss,286720,-0.041998881846666336
PPO_12,train/policy_gradient_loss,288768,-0.037927545607089996
PPO_12,train/policy_gradient_loss,290816,-0.03843199461698532
PPO_12,train/policy_gradient_loss,292864,-0.04223116859793663
PPO_12,train/policy_gradient_loss,294912,-0.03976111486554146
PPO_12,train/policy_gradient_loss,296960,-0.02645167149603367
PPO_12,train/policy_gradient_loss,299008,-0.04623142257332802
PPO_12,train/policy_gradient_loss,301056,-0.04534389078617096
PPO_12,train/std,4096,1.0061978101730347
PPO_12,train/std,6144,1.009661316871643
PPO_12,train/std,8192,1.01168954372406
PPO_12,train/std,10240,1.0125954151153564
PPO_12,train/std,12288,1.0143229961395264
PPO_12,train/std,14336,1.0154495239257812
PPO_12,train/std,16384,1.019775390625
PPO_12,train/std,18432,1.0199559926986694
PPO_12,train/std,20480,1.0230916738510132
PPO_12,train/std,22528,1.0274181365966797
PPO_12,train/std,24576,1.028580665588379
PPO_12,train/std,26624,1.030582070350647
PPO_12,train/std,28672,1.0303963422775269
PPO_12,train/std,30720,1.0334492921829224
PPO_12,train/std,32768,1.0372401475906372
PPO_12,train/std,34816,1.0407284498214722
PPO_12,train/std,36864,1.0412240028381348
PPO_12,train/std,38912,1.044965147972107
PPO_12,train/std,40960,1.0485846996307373
PPO_12,train/std,43008,1.0518609285354614
PPO_12,train/std,45056,1.0532970428466797
PPO_12,train/std,47104,1.0571109056472778
PPO_12,train/std,49152,1.0587515830993652
PPO_12,train/std,51200,1.0594805479049683
PPO_12,train/std,53248,1.0594956874847412
PPO_12,train/std,55296,1.0600472688674927
PPO_12,train/std,57344,1.060612678527832
PPO_12,train/std,59392,1.0630364418029785
PPO_12,train/std,61440,1.0631365776062012
PPO_12,train/std,63488,1.0639779567718506
PPO_12,train/std,65536,1.064589262008667
PPO_12,train/std,67584,1.067774772644043
PPO_12,train/std,69632,1.0714335441589355
PPO_12,train/std,71680,1.0733919143676758
PPO_12,train/std,73728,1.074777364730835
PPO_12,train/std,75776,1.0775542259216309
PPO_12,train/std,77824,1.0815861225128174
PPO_12,train/std,79872,1.082267165184021
PPO_12,train/std,81920,1.0835857391357422
PPO_12,train/std,83968,1.0866284370422363
PPO_12,train/std,86016,1.0900819301605225
PPO_12,train/std,88064,1.0952008962631226
PPO_12,train/std,90112,1.0941821336746216
PPO_12,train/std,92160,1.0991482734680176
PPO_12,train/std,94208,1.100462794303894
PPO_12,train/std,96256,1.1043407917022705
PPO_12,train/std,98304,1.1075867414474487
PPO_12,train/std,100352,1.1105870008468628
PPO_12,train/std,102400,1.1121644973754883
PPO_12,train/std,104448,1.1163363456726074
PPO_12,train/std,106496,1.1189403533935547
PPO_12,train/std,108544,1.1203079223632812
PPO_12,train/std,110592,1.123022437095642
PPO_12,train/std,112640,1.1240795850753784
PPO_12,train/std,114688,1.1259814500808716
PPO_12,train/std,116736,1.126292109489441
PPO_12,train/std,118784,1.1299426555633545
PPO_12,train/std,120832,1.1324418783187866
PPO_12,train/std,122880,1.1344094276428223
PPO_12,train/std,124928,1.1361298561096191
PPO_12,train/std,126976,1.134710431098938
PPO_12,train/std,129024,1.1351747512817383
PPO_12,train/std,131072,1.137195348739624
PPO_12,train/std,133120,1.1388763189315796
PPO_12,train/std,135168,1.1406968832015991
PPO_12,train/std,137216,1.1464247703552246
PPO_12,train/std,139264,1.1459630727767944
PPO_12,train/std,141312,1.1465773582458496
PPO_12,train/std,143360,1.1482943296432495
PPO_12,train/std,145408,1.15059494972229
PPO_12,train/std,147456,1.153199315071106
PPO_12,train/std,149504,1.1583991050720215
PPO_12,train/std,151552,1.1621744632720947
PPO_12,train/std,153600,1.1636693477630615
PPO_12,train/std,155648,1.1634407043457031
PPO_12,train/std,157696,1.1625311374664307
PPO_12,train/std,159744,1.1631138324737549
PPO_12,train/std,161792,1.1641966104507446
PPO_12,train/std,163840,1.1675302982330322
PPO_12,train/std,165888,1.1699156761169434
PPO_12,train/std,167936,1.1707260608673096
PPO_12,train/std,169984,1.173301100730896
PPO_12,train/std,172032,1.1763345003128052
PPO_12,train/std,174080,1.1766259670257568
PPO_12,train/std,176128,1.1776008605957031
PPO_12,train/std,178176,1.178141713142395
PPO_12,train/std,180224,1.181593418121338
PPO_12,train/std,182272,1.1848835945129395
PPO_12,train/std,184320,1.1875377893447876
PPO_12,train/std,186368,1.1894252300262451
PPO_12,train/std,188416,1.1907265186309814
PPO_12,train/std,190464,1.1904027462005615
PPO_12,train/std,192512,1.1923775672912598
PPO_12,train/std,194560,1.192718267440796
PPO_12,train/std,196608,1.1929210424423218
PPO_12,train/std,198656,1.195135235786438
PPO_12,train/std,200704,1.1979491710662842
PPO_12,train/std,202752,1.2047245502471924
PPO_12,train/std,204800,1.2047677040100098
PPO_12,train/std,206848,1.2043964862823486
PPO_12,train/std,208896,1.2077556848526
PPO_12,train/std,210944,1.2093719244003296
PPO_12,train/std,212992,1.2139405012130737
PPO_12,train/std,215040,1.2137246131896973
PPO_12,train/std,217088,1.2130169868469238
PPO_12,train/std,219136,1.2149779796600342
PPO_12,train/std,221184,1.2185156345367432
PPO_12,train/std,223232,1.2219204902648926
PPO_12,train/std,225280,1.2269816398620605
PPO_12,train/std,227328,1.2301840782165527
PPO_12,train/std,229376,1.2330613136291504
PPO_12,train/std,231424,1.234129548072815
PPO_12,train/std,233472,1.2351529598236084
PPO_12,train/std,235520,1.2369441986083984
PPO_12,train/std,237568,1.2425825595855713
PPO_12,train/std,239616,1.2415388822555542
PPO_12,train/std,241664,1.2473561763763428
PPO_12,train/std,243712,1.2499892711639404
PPO_12,train/std,245760,1.2519962787628174
PPO_12,train/std,247808,1.2561885118484497
PPO_12,train/std,249856,1.2598283290863037
PPO_12,train/std,251904,1.2643091678619385
PPO_12,train/std,253952,1.2666887044906616
PPO_12,train/std,256000,1.2674955129623413
PPO_12,train/std,258048,1.271803617477417
PPO_12,train/std,260096,1.27597177028656
PPO_12,train/std,262144,1.2773540019989014
PPO_12,train/std,264192,1.2796767950057983
PPO_12,train/std,266240,1.2813514471054077
PPO_12,train/std,268288,1.286029577255249
PPO_12,train/std,270336,1.2922470569610596
PPO_12,train/std,272384,1.295293927192688
PPO_12,train/std,274432,1.2957066297531128
PPO_12,train/std,276480,1.2949855327606201
PPO_12,train/std,278528,1.2987375259399414
PPO_12,train/std,280576,1.3005073070526123
PPO_12,train/std,282624,1.304626226425171
PPO_12,train/std,284672,1.309726357460022
PPO_12,train/std,286720,1.311124324798584
PPO_12,train/std,288768,1.3142935037612915
PPO_12,train/std,290816,1.3173041343688965
PPO_12,train/std,292864,1.3194100856781006
PPO_12,train/std,294912,1.321349859237671
PPO_12,train/std,296960,1.32365083694458
PPO_12,train/std,299008,1.3263769149780273
PPO_12,train/std,301056,1.3277935981750488
PPO_12,train/value_loss,4096,0.291397362947464
PPO_12,train/value_loss,6144,0.06256448477506638
PPO_12,train/value_loss,8192,0.041174810379743576
PPO_12,train/value_loss,10240,0.038881223648786545
PPO_12,train/value_loss,12288,0.042743757367134094
PPO_12,train/value_loss,14336,0.054825421422719955
PPO_12,train/value_loss,16384,0.03965383395552635
PPO_12,train/value_loss,18432,0.033897534012794495
PPO_12,train/value_loss,20480,0.03768642246723175
PPO_12,train/value_loss,22528,0.029893338680267334
PPO_12,train/value_loss,24576,0.027072014287114143
PPO_12,train/value_loss,26624,0.023740965873003006
PPO_12,train/value_loss,28672,0.02252279408276081
PPO_12,train/value_loss,30720,0.01595873385667801
PPO_12,train/value_loss,32768,0.012237342074513435
PPO_12,train/value_loss,34816,0.016449565067887306
PPO_12,train/value_loss,36864,0.015399058349430561
PPO_12,train/value_loss,38912,0.01151497196406126
PPO_12,train/value_loss,40960,0.015272091142833233
PPO_12,train/value_loss,43008,0.01568436808884144
PPO_12,train/value_loss,45056,0.013120671734213829
PPO_12,train/value_loss,47104,0.014742746017873287
PPO_12,train/value_loss,49152,0.023125549778342247
PPO_12,train/value_loss,51200,0.010551705956459045
PPO_12,train/value_loss,53248,0.00963125005364418
PPO_12,train/value_loss,55296,0.006438715849071741
PPO_12,train/value_loss,57344,0.008535752072930336
PPO_12,train/value_loss,59392,0.005683870520442724
PPO_12,train/value_loss,61440,0.014257553964853287
PPO_12,train/value_loss,63488,0.005348379723727703
PPO_12,train/value_loss,65536,0.014368999749422073
PPO_12,train/value_loss,67584,0.008556433022022247
PPO_12,train/value_loss,69632,0.006544564384967089
PPO_12,train/value_loss,71680,0.00583803653717041
PPO_12,train/value_loss,73728,0.004584459122270346
PPO_12,train/value_loss,75776,0.0059642791748046875
PPO_12,train/value_loss,77824,0.011279330588877201
PPO_12,train/value_loss,79872,0.007493342738598585
PPO_12,train/value_loss,81920,0.004534977953881025
PPO_12,train/value_loss,83968,0.004798464942723513
PPO_12,train/value_loss,86016,0.004915972705930471
PPO_12,train/value_loss,88064,0.006811570376157761
PPO_12,train/value_loss,90112,0.004199212417006493
PPO_12,train/value_loss,92160,0.006955093238502741
PPO_12,train/value_loss,94208,0.005066699348390102
PPO_12,train/value_loss,96256,0.006698118057101965
PPO_12,train/value_loss,98304,0.0034715805668383837
PPO_12,train/value_loss,100352,0.005352164153009653
PPO_12,train/value_loss,102400,0.003820348996669054
PPO_12,train/value_loss,104448,0.004457463510334492
PPO_12,train/value_loss,106496,0.003237783443182707
PPO_12,train/value_loss,108544,0.002355776960030198
PPO_12,train/value_loss,110592,0.003011322347447276
PPO_12,train/value_loss,112640,0.002297641709446907
PPO_12,train/value_loss,114688,0.0037685020361095667
PPO_12,train/value_loss,116736,0.002269620541483164
PPO_12,train/value_loss,118784,0.005199717823415995
PPO_12,train/value_loss,120832,0.0029051087331026793
PPO_12,train/value_loss,122880,0.0026367432437837124
PPO_12,train/value_loss,124928,0.002848357195034623
PPO_12,train/value_loss,126976,0.0030925674363970757
PPO_12,train/value_loss,129024,0.002602720633149147
PPO_12,train/value_loss,131072,0.0027676313184201717
PPO_12,train/value_loss,133120,0.0023191391956061125
PPO_12,train/value_loss,135168,0.0016076613683253527
PPO_12,train/value_loss,137216,0.0019183505792170763
PPO_12,train/value_loss,139264,0.0033241561613976955
PPO_12,train/value_loss,141312,0.002144112018868327
PPO_12,train/value_loss,143360,0.004167585633695126
PPO_12,train/value_loss,145408,0.004819989670068026
PPO_12,train/value_loss,147456,0.0029760412871837616
PPO_12,train/value_loss,149504,0.006264686584472656
PPO_12,train/value_loss,151552,0.0044548301957547665
PPO_12,train/value_loss,153600,0.0017175565008074045
PPO_12,train/value_loss,155648,0.0022534814197570086
PPO_12,train/value_loss,157696,0.002933581592515111
PPO_12,train/value_loss,159744,0.002601093612611294
PPO_12,train/value_loss,161792,0.001635524327866733
PPO_12,train/value_loss,163840,0.0018896694527938962
PPO_12,train/value_loss,165888,0.0012662757653743029
PPO_12,train/value_loss,167936,0.0012621339410543442
PPO_12,train/value_loss,169984,0.0022760978899896145
PPO_12,train/value_loss,172032,0.0017446487909182906
PPO_12,train/value_loss,174080,0.002403600374236703
PPO_12,train/value_loss,176128,0.0023025989066809416
PPO_12,train/value_loss,178176,0.0014136736281216145
PPO_12,train/value_loss,180224,0.0019419086165726185
PPO_12,train/value_loss,182272,0.0016776707489043474
PPO_12,train/value_loss,184320,0.0022339969873428345
PPO_12,train/value_loss,186368,0.0013406464131549
PPO_12,train/value_loss,188416,0.002434435300529003
PPO_12,train/value_loss,190464,0.0035079114604741335
PPO_12,train/value_loss,192512,0.0013503251830115914
PPO_12,train/value_loss,194560,0.0010580035159364343
PPO_12,train/value_loss,196608,0.0019361324375495315
PPO_12,train/value_loss,198656,0.003701226320117712
PPO_12,train/value_loss,200704,0.0014700962929055095
PPO_12,train/value_loss,202752,0.0022139819338917732
PPO_12,train/value_loss,204800,0.003410899080336094
PPO_12,train/value_loss,206848,0.001593089895322919
PPO_12,train/value_loss,208896,0.003439949359744787
PPO_12,train/value_loss,210944,0.001590790576301515
PPO_12,train/value_loss,212992,0.0019214237108826637
PPO_12,train/value_loss,215040,0.002100564306601882
PPO_12,train/value_loss,217088,0.001051814411766827
PPO_12,train/value_loss,219136,0.005315085873007774
PPO_12,train/value_loss,221184,0.004934738855808973
PPO_12,train/value_loss,223232,0.002199335489422083
PPO_12,train/value_loss,225280,0.0035360222682356834
PPO_12,train/value_loss,227328,0.0012013985542580485
PPO_12,train/value_loss,229376,0.0009438318083994091
PPO_12,train/value_loss,231424,0.0006462742458097637
PPO_12,train/value_loss,233472,0.0015817623352631927
PPO_12,train/value_loss,235520,0.000956672360189259
PPO_12,train/value_loss,237568,0.0029752524569630623
PPO_12,train/value_loss,239616,0.0007193537894636393
PPO_12,train/value_loss,241664,0.0014351140707731247
PPO_12,train/value_loss,243712,0.0011140955612063408
PPO_12,train/value_loss,245760,0.0006343085551634431
PPO_12,train/value_loss,247808,0.0012523990590125322
PPO_12,train/value_loss,249856,0.0013818824663758278
PPO_12,train/value_loss,251904,0.0012581553310155869
PPO_12,train/value_loss,253952,0.0007174579077400267
PPO_12,train/value_loss,256000,0.0016988023417070508
PPO_12,train/value_loss,258048,0.001858844538219273
PPO_12,train/value_loss,260096,0.001444215071387589
PPO_12,train/value_loss,262144,0.0005425916169770062
PPO_12,train/value_loss,264192,0.001600673538632691
PPO_12,train/value_loss,266240,0.0007679809932596982
PPO_12,train/value_loss,268288,0.0013535015750676394
PPO_12,train/value_loss,270336,0.0014109571930021048
PPO_12,train/value_loss,272384,0.002321199979633093
PPO_12,train/value_loss,274432,0.003180866129696369
PPO_12,train/value_loss,276480,0.0008350658463314176
PPO_12,train/value_loss,278528,0.0008454815833829343
PPO_12,train/value_loss,280576,0.0009316567447967827
PPO_12,train/value_loss,282624,0.0013581975363194942
PPO_12,train/value_loss,284672,0.0030487182084470987
PPO_12,train/value_loss,286720,0.0013472674181684852
PPO_12,train/value_loss,288768,0.0007046011160127819
PPO_12,train/value_loss,290816,0.0010348603827878833
PPO_12,train/value_loss,292864,0.004776788875460625
PPO_12,train/value_loss,294912,0.0012130290269851685
PPO_12,train/value_loss,296960,0.005604196805506945
PPO_12,train/value_loss,299008,0.0031828356441110373
PPO_12,train/value_loss,301056,0.00174500432331115
PPO_13,time/fps,2048,1505.0
PPO_13,time/fps,4096,1383.0
PPO_13,time/fps,6144,1362.0
PPO_13,time/fps,8192,1346.0
PPO_13,time/fps,10240,1339.0
PPO_13,time/fps,12288,1331.0
PPO_13,time/fps,14336,1326.0
PPO_13,time/fps,16384,1319.0
PPO_13,time/fps,18432,1316.0
PPO_13,time/fps,20480,1315.0
PPO_13,time/fps,22528,1311.0
PPO_13,time/fps,24576,1299.0
PPO_13,time/fps,26624,1295.0
PPO_13,time/fps,28672,1295.0
PPO_13,time/fps,30720,1296.0
PPO_13,time/fps,32768,1294.0
PPO_13,time/fps,34816,1282.0
PPO_13,time/fps,36864,1280.0
PPO_13,time/fps,38912,1282.0
PPO_13,time/fps,40960,1283.0
PPO_13,time/fps,43008,1283.0
PPO_13,time/fps,45056,1284.0
PPO_13,time/fps,47104,1280.0
PPO_13,time/fps,49152,1278.0
PPO_13,time/fps,51200,1279.0
PPO_13,time/fps,53248,1278.0
PPO_13,time/fps,55296,1279.0
PPO_13,time/fps,57344,1276.0
PPO_13,time/fps,59392,1276.0
PPO_13,time/fps,61440,1277.0
PPO_13,time/fps,63488,1279.0
PPO_13,time/fps,65536,1279.0
PPO_13,time/fps,67584,1281.0
PPO_13,time/fps,69632,1282.0
PPO_13,time/fps,71680,1283.0
PPO_13,time/fps,73728,1283.0
PPO_13,time/fps,75776,1283.0
PPO_13,time/fps,77824,1284.0
PPO_13,time/fps,79872,1284.0
PPO_13,time/fps,81920,1284.0
PPO_13,time/fps,83968,1285.0
PPO_13,time/fps,86016,1285.0
PPO_13,time/fps,88064,1285.0
PPO_13,time/fps,90112,1285.0
PPO_13,time/fps,92160,1285.0
PPO_13,time/fps,94208,1286.0
PPO_13,time/fps,96256,1287.0
PPO_13,time/fps,98304,1285.0
PPO_13,time/fps,100352,1283.0
PPO_13,time/fps,102400,1281.0
PPO_13,time/fps,104448,1281.0
PPO_13,time/fps,106496,1281.0
PPO_13,time/fps,108544,1281.0
PPO_13,time/fps,110592,1281.0
PPO_13,time/fps,112640,1281.0
PPO_13,time/fps,114688,1280.0
PPO_13,time/fps,116736,1278.0
PPO_13,time/fps,118784,1276.0
PPO_13,time/fps,120832,1275.0
PPO_13,time/fps,122880,1272.0
PPO_13,time/fps,124928,1271.0
PPO_13,time/fps,126976,1269.0
PPO_13,time/fps,129024,1268.0
PPO_13,time/fps,131072,1267.0
PPO_13,time/fps,133120,1266.0
PPO_13,time/fps,135168,1264.0
PPO_13,time/fps,137216,1263.0
PPO_13,time/fps,139264,1262.0
PPO_13,time/fps,141312,1261.0
PPO_13,time/fps,143360,1260.0
PPO_13,time/fps,145408,1260.0
PPO_13,time/fps,147456,1261.0
PPO_13,time/fps,149504,1260.0
PPO_13,time/fps,151552,1261.0
PPO_13,time/fps,153600,1261.0
PPO_13,time/fps,155648,1262.0
PPO_13,time/fps,157696,1260.0
PPO_13,time/fps,159744,1259.0
PPO_13,time/fps,161792,1258.0
PPO_13,time/fps,163840,1257.0
PPO_13,time/fps,165888,1256.0
PPO_13,time/fps,167936,1255.0
PPO_13,time/fps,169984,1255.0
PPO_13,time/fps,172032,1255.0
PPO_13,time/fps,174080,1256.0
PPO_13,time/fps,176128,1256.0
PPO_13,time/fps,178176,1257.0
PPO_13,time/fps,180224,1258.0
PPO_13,time/fps,182272,1258.0
PPO_13,time/fps,184320,1258.0
PPO_13,time/fps,186368,1258.0
PPO_13,time/fps,188416,1259.0
PPO_13,time/fps,190464,1259.0
PPO_13,time/fps,192512,1259.0
PPO_13,time/fps,194560,1260.0
PPO_13,time/fps,196608,1260.0
PPO_13,time/fps,198656,1261.0
PPO_13,time/fps,200704,1261.0
PPO_13,time/fps,202752,1261.0
PPO_13,time/fps,204800,1261.0
PPO_13,time/fps,206848,1261.0
PPO_13,time/fps,208896,1261.0
PPO_13,time/fps,210944,1262.0
PPO_13,time/fps,212992,1261.0
PPO_13,time/fps,215040,1261.0
PPO_13,time/fps,217088,1262.0
PPO_13,time/fps,219136,1262.0
PPO_13,time/fps,221184,1262.0
PPO_13,time/fps,223232,1262.0
PPO_13,time/fps,225280,1263.0
PPO_13,time/fps,227328,1263.0
PPO_13,time/fps,229376,1264.0
PPO_13,time/fps,231424,1264.0
PPO_13,time/fps,233472,1264.0
PPO_13,time/fps,235520,1264.0
PPO_13,time/fps,237568,1264.0
PPO_13,time/fps,239616,1264.0
PPO_13,time/fps,241664,1264.0
PPO_13,time/fps,243712,1264.0
PPO_13,time/fps,245760,1265.0
PPO_13,time/fps,247808,1265.0
PPO_13,time/fps,249856,1265.0
PPO_13,time/fps,251904,1265.0
PPO_13,time/fps,253952,1266.0
PPO_13,time/fps,256000,1265.0
PPO_13,time/fps,258048,1266.0
PPO_13,time/fps,260096,1266.0
PPO_13,time/fps,262144,1266.0
PPO_13,time/fps,264192,1266.0
PPO_13,time/fps,266240,1266.0
PPO_13,time/fps,268288,1267.0
PPO_13,time/fps,270336,1267.0
PPO_13,time/fps,272384,1267.0
PPO_13,time/fps,274432,1267.0
PPO_13,time/fps,276480,1267.0
PPO_13,time/fps,278528,1267.0
PPO_13,time/fps,280576,1267.0
PPO_13,time/fps,282624,1267.0
PPO_13,time/fps,284672,1267.0
PPO_13,time/fps,286720,1266.0
PPO_13,time/fps,288768,1264.0
PPO_13,time/fps,290816,1264.0
PPO_13,time/fps,292864,1264.0
PPO_13,time/fps,294912,1263.0
PPO_13,time/fps,296960,1262.0
PPO_13,time/fps,299008,1262.0
PPO_13,time/fps,301056,1261.0
PPO_13,train/approx_kl,4096,0.011729646474123001
PPO_13,train/approx_kl,6144,0.012587199918925762
PPO_13,train/approx_kl,8192,0.012797221541404724
PPO_13,train/approx_kl,10240,0.012085461989045143
PPO_13,train/approx_kl,12288,0.015526439994573593
PPO_13,train/approx_kl,14336,0.014915205538272858
PPO_13,train/approx_kl,16384,0.014173442497849464
PPO_13,train/approx_kl,18432,0.015551420859992504
PPO_13,train/approx_kl,20480,0.014729879796504974
PPO_13,train/approx_kl,22528,0.014249958097934723
PPO_13,train/approx_kl,24576,0.01354234293103218
PPO_13,train/approx_kl,26624,0.01368797104805708
PPO_13,train/approx_kl,28672,0.013499559834599495
PPO_13,train/approx_kl,30720,0.013906262814998627
PPO_13,train/approx_kl,32768,0.01573975197970867
PPO_13,train/approx_kl,34816,0.016941778361797333
PPO_13,train/approx_kl,36864,0.013757189735770226
PPO_13,train/approx_kl,38912,0.0145953930914402
PPO_13,train/approx_kl,40960,0.012959127314388752
PPO_13,train/approx_kl,43008,0.016342077404260635
PPO_13,train/approx_kl,45056,0.015682058408856392
PPO_13,train/approx_kl,47104,0.014951040968298912
PPO_13,train/approx_kl,49152,0.017313752323389053
PPO_13,train/approx_kl,51200,0.01566912978887558
PPO_13,train/approx_kl,53248,0.014994150027632713
PPO_13,train/approx_kl,55296,0.014739662408828735
PPO_13,train/approx_kl,57344,0.01659655012190342
PPO_13,train/approx_kl,59392,0.014798211865127087
PPO_13,train/approx_kl,61440,0.0176028273999691
PPO_13,train/approx_kl,63488,0.014862000942230225
PPO_13,train/approx_kl,65536,0.01491517759859562
PPO_13,train/approx_kl,67584,0.015149635262787342
PPO_13,train/approx_kl,69632,0.015179997310042381
PPO_13,train/approx_kl,71680,0.015137137845158577
PPO_13,train/approx_kl,73728,0.016938796266913414
PPO_13,train/approx_kl,75776,0.013947047293186188
PPO_13,train/approx_kl,77824,0.012700621038675308
PPO_13,train/approx_kl,79872,0.01751749776303768
PPO_13,train/approx_kl,81920,0.017111919820308685
PPO_13,train/approx_kl,83968,0.014515710063278675
PPO_13,train/approx_kl,86016,0.015499481931328773
PPO_13,train/approx_kl,88064,0.014083200134336948
PPO_13,train/approx_kl,90112,0.01611058972775936
PPO_13,train/approx_kl,92160,0.014308972284197807
PPO_13,train/approx_kl,94208,0.016789764165878296
PPO_13,train/approx_kl,96256,0.015357978641986847
PPO_13,train/approx_kl,98304,0.012366811744868755
PPO_13,train/approx_kl,100352,0.015187578275799751
PPO_13,train/approx_kl,102400,0.019542478024959564
PPO_13,train/approx_kl,104448,0.017232026904821396
PPO_13,train/approx_kl,106496,0.016893817111849785
PPO_13,train/approx_kl,108544,0.014638591557741165
PPO_13,train/approx_kl,110592,0.015384752303361893
PPO_13,train/approx_kl,112640,0.014638293534517288
PPO_13,train/approx_kl,114688,0.015978049486875534
PPO_13,train/approx_kl,116736,0.018670182675123215
PPO_13,train/approx_kl,118784,0.017026053741574287
PPO_13,train/approx_kl,120832,0.016466049477458
PPO_13,train/approx_kl,122880,0.01671653985977173
PPO_13,train/approx_kl,124928,0.01602158509194851
PPO_13,train/approx_kl,126976,0.012835544534027576
PPO_13,train/approx_kl,129024,0.013239969499409199
PPO_13,train/approx_kl,131072,0.016511747613549232
PPO_13,train/approx_kl,133120,0.01665327325463295
PPO_13,train/approx_kl,135168,0.01618250086903572
PPO_13,train/approx_kl,137216,0.01651027426123619
PPO_13,train/approx_kl,139264,0.01596696302294731
PPO_13,train/approx_kl,141312,0.014653868041932583
PPO_13,train/approx_kl,143360,0.01617143116891384
PPO_13,train/approx_kl,145408,0.015766283497214317
PPO_13,train/approx_kl,147456,0.016893263906240463
PPO_13,train/approx_kl,149504,0.013963254168629646
PPO_13,train/approx_kl,151552,0.01712767221033573
PPO_13,train/approx_kl,153600,0.018402375280857086
PPO_13,train/approx_kl,155648,0.017657456919550896
PPO_13,train/approx_kl,157696,0.016270533204078674
PPO_13,train/approx_kl,159744,0.01652122288942337
PPO_13,train/approx_kl,161792,0.015775708481669426
PPO_13,train/approx_kl,163840,0.014930970035493374
PPO_13,train/approx_kl,165888,0.01653967797756195
PPO_13,train/approx_kl,167936,0.017064856365323067
PPO_13,train/approx_kl,169984,0.017278343439102173
PPO_13,train/approx_kl,172032,0.01801377907395363
PPO_13,train/approx_kl,174080,0.01803075149655342
PPO_13,train/approx_kl,176128,0.01503344438970089
PPO_13,train/approx_kl,178176,0.01616697572171688
PPO_13,train/approx_kl,180224,0.01687847077846527
PPO_13,train/approx_kl,182272,0.019105587154626846
PPO_13,train/approx_kl,184320,0.017589936032891273
PPO_13,train/approx_kl,186368,0.01722528226673603
PPO_13,train/approx_kl,188416,0.01657751202583313
PPO_13,train/approx_kl,190464,0.012803962454199791
PPO_13,train/approx_kl,192512,0.01729905605316162
PPO_13,train/approx_kl,194560,0.017112556844949722
PPO_13,train/approx_kl,196608,0.0162903293967247
PPO_13,train/approx_kl,198656,0.017814572900533676
PPO_13,train/approx_kl,200704,0.018284624442458153
PPO_13,train/approx_kl,202752,0.016462810337543488
PPO_13,train/approx_kl,204800,0.018236134201288223
PPO_13,train/approx_kl,206848,0.01646718569099903
PPO_13,train/approx_kl,208896,0.018374625593423843
PPO_13,train/approx_kl,210944,0.017371736466884613
PPO_13,train/approx_kl,212992,0.017121748998761177
PPO_13,train/approx_kl,215040,0.01661062240600586
PPO_13,train/approx_kl,217088,0.01587594673037529
PPO_13,train/approx_kl,219136,0.016818465664982796
PPO_13,train/approx_kl,221184,0.016504276543855667
PPO_13,train/approx_kl,223232,0.018079210072755814
PPO_13,train/approx_kl,225280,0.013575196266174316
PPO_13,train/approx_kl,227328,0.01806158386170864
PPO_13,train/approx_kl,229376,0.017291991040110588
PPO_13,train/approx_kl,231424,0.01708485558629036
PPO_13,train/approx_kl,233472,0.017279330641031265
PPO_13,train/approx_kl,235520,0.018446244299411774
PPO_13,train/approx_kl,237568,0.017192138358950615
PPO_13,train/approx_kl,239616,0.018086208030581474
PPO_13,train/approx_kl,241664,0.016427386552095413
PPO_13,train/approx_kl,243712,0.015195831656455994
PPO_13,train/approx_kl,245760,0.016589920967817307
PPO_13,train/approx_kl,247808,0.026606164872646332
PPO_13,train/approx_kl,249856,0.012095184996724129
PPO_13,train/approx_kl,251904,0.019551757723093033
PPO_13,train/approx_kl,253952,0.015527439303696156
PPO_13,train/approx_kl,256000,0.014630921185016632
PPO_13,train/approx_kl,258048,0.015761971473693848
PPO_13,train/approx_kl,260096,0.016559714451432228
PPO_13,train/approx_kl,262144,0.019362499937415123
PPO_13,train/approx_kl,264192,0.0147142568603158
PPO_13,train/approx_kl,266240,0.01606723666191101
PPO_13,train/approx_kl,268288,0.017902251332998276
PPO_13,train/approx_kl,270336,0.015945712104439735
PPO_13,train/approx_kl,272384,0.015513761900365353
PPO_13,train/approx_kl,274432,0.016031309962272644
PPO_13,train/approx_kl,276480,0.015261524356901646
PPO_13,train/approx_kl,278528,0.015991557389497757
PPO_13,train/approx_kl,280576,0.015134010463953018
PPO_13,train/approx_kl,282624,0.019801242277026176
PPO_13,train/approx_kl,284672,0.01912056654691696
PPO_13,train/approx_kl,286720,0.01626449078321457
PPO_13,train/approx_kl,288768,0.015665024518966675
PPO_13,train/approx_kl,290816,0.017744172364473343
PPO_13,train/approx_kl,292864,0.01734732836484909
PPO_13,train/approx_kl,294912,0.014560099691152573
PPO_13,train/approx_kl,296960,0.017740093171596527
PPO_13,train/approx_kl,299008,0.02087913267314434
PPO_13,train/approx_kl,301056,0.01809079945087433
PPO_13,train/clip_fraction,4096,0.10214843600988388
PPO_13,train/clip_fraction,6144,0.11958007514476776
PPO_13,train/clip_fraction,8192,0.10478515923023224
PPO_13,train/clip_fraction,10240,0.10527344048023224
PPO_13,train/clip_fraction,12288,0.15273436903953552
PPO_13,train/clip_fraction,14336,0.14589843153953552
PPO_13,train/clip_fraction,16384,0.12661132216453552
PPO_13,train/clip_fraction,18432,0.13271483778953552
PPO_13,train/clip_fraction,20480,0.14121094346046448
PPO_13,train/clip_fraction,22528,0.133056640625
PPO_13,train/clip_fraction,24576,0.13447265326976776
PPO_13,train/clip_fraction,26624,0.13251952826976776
PPO_13,train/clip_fraction,28672,0.14111328125
PPO_13,train/clip_fraction,30720,0.14399413764476776
PPO_13,train/clip_fraction,32768,0.146240234375
PPO_13,train/clip_fraction,34816,0.166259765625
PPO_13,train/clip_fraction,36864,0.13789062201976776
PPO_13,train/clip_fraction,38912,0.14663085341453552
PPO_13,train/clip_fraction,40960,0.12431640923023224
PPO_13,train/clip_fraction,43008,0.14995117485523224
PPO_13,train/clip_fraction,45056,0.15292969346046448
PPO_13,train/clip_fraction,47104,0.142578125
PPO_13,train/clip_fraction,49152,0.158935546875
PPO_13,train/clip_fraction,51200,0.16323241591453552
PPO_13,train/clip_fraction,53248,0.15537109971046448
PPO_13,train/clip_fraction,55296,0.14042969048023224
PPO_13,train/clip_fraction,57344,0.15087890625
PPO_13,train/clip_fraction,59392,0.14165039360523224
PPO_13,train/clip_fraction,61440,0.16811522841453552
PPO_13,train/clip_fraction,63488,0.153564453125
PPO_13,train/clip_fraction,65536,0.15400390326976776
PPO_13,train/clip_fraction,67584,0.14116211235523224
PPO_13,train/clip_fraction,69632,0.14702148735523224
PPO_13,train/clip_fraction,71680,0.14155273139476776
PPO_13,train/clip_fraction,73728,0.17177733778953552
PPO_13,train/clip_fraction,75776,0.14057616889476776
PPO_13,train/clip_fraction,77824,0.11215820163488388
PPO_13,train/clip_fraction,79872,0.19965820014476776
PPO_13,train/clip_fraction,81920,0.1787109375
PPO_13,train/clip_fraction,83968,0.152099609375
PPO_13,train/clip_fraction,86016,0.167724609375
PPO_13,train/clip_fraction,88064,0.14643554389476776
PPO_13,train/clip_fraction,90112,0.15976563096046448
PPO_13,train/clip_fraction,92160,0.150634765625
PPO_13,train/clip_fraction,94208,0.15981444716453552
PPO_13,train/clip_fraction,96256,0.15239258110523224
PPO_13,train/clip_fraction,98304,0.1259765625
PPO_13,train/clip_fraction,100352,0.14829102158546448
PPO_13,train/clip_fraction,102400,0.20390625298023224
PPO_13,train/clip_fraction,104448,0.17958983778953552
PPO_13,train/clip_fraction,106496,0.18417969346046448
PPO_13,train/clip_fraction,108544,0.14497070014476776
PPO_13,train/clip_fraction,110592,0.17592772841453552
PPO_13,train/clip_fraction,112640,0.14179687201976776
PPO_13,train/clip_fraction,114688,0.16816405951976776
PPO_13,train/clip_fraction,116736,0.19716796278953552
PPO_13,train/clip_fraction,118784,0.16865234076976776
PPO_13,train/clip_fraction,120832,0.17543944716453552
PPO_13,train/clip_fraction,122880,0.15878906846046448
PPO_13,train/clip_fraction,124928,0.15830078721046448
PPO_13,train/clip_fraction,126976,0.12338867038488388
PPO_13,train/clip_fraction,129024,0.12753906846046448
PPO_13,train/clip_fraction,131072,0.18442383408546448
PPO_13,train/clip_fraction,133120,0.171630859375
PPO_13,train/clip_fraction,135168,0.17421874403953552
PPO_13,train/clip_fraction,137216,0.14150390028953552
PPO_13,train/clip_fraction,139264,0.16972656548023224
PPO_13,train/clip_fraction,141312,0.16416016221046448
PPO_13,train/clip_fraction,143360,0.15864257514476776
PPO_13,train/clip_fraction,145408,0.16953125596046448
PPO_13,train/clip_fraction,147456,0.171875
PPO_13,train/clip_fraction,149504,0.14003905653953552
PPO_13,train/clip_fraction,151552,0.178466796875
PPO_13,train/clip_fraction,153600,0.18745116889476776
PPO_13,train/clip_fraction,155648,0.18647460639476776
PPO_13,train/clip_fraction,157696,0.15708008408546448
PPO_13,train/clip_fraction,159744,0.15737304091453552
PPO_13,train/clip_fraction,161792,0.16860350966453552
PPO_13,train/clip_fraction,163840,0.15087890625
PPO_13,train/clip_fraction,165888,0.18642577528953552
PPO_13,train/clip_fraction,167936,0.17416992783546448
PPO_13,train/clip_fraction,169984,0.15517577528953552
PPO_13,train/clip_fraction,172032,0.17099609971046448
PPO_13,train/clip_fraction,174080,0.16206054389476776
PPO_13,train/clip_fraction,176128,0.15341797471046448
PPO_13,train/clip_fraction,178176,0.16123047471046448
PPO_13,train/clip_fraction,180224,0.15688475966453552
PPO_13,train/clip_fraction,182272,0.18559570610523224
PPO_13,train/clip_fraction,184320,0.18422850966453552
PPO_13,train/clip_fraction,186368,0.19082030653953552
PPO_13,train/clip_fraction,188416,0.18271484971046448
PPO_13,train/clip_fraction,190464,0.11796875298023224
PPO_13,train/clip_fraction,192512,0.17934569716453552
PPO_13,train/clip_fraction,194560,0.18549804389476776
PPO_13,train/clip_fraction,196608,0.179931640625
PPO_13,train/clip_fraction,198656,0.18227538466453552
PPO_13,train/clip_fraction,200704,0.20561523735523224
PPO_13,train/clip_fraction,202752,0.17485351860523224
PPO_13,train/clip_fraction,204800,0.166748046875
PPO_13,train/clip_fraction,206848,0.18417969346046448
PPO_13,train/clip_fraction,208896,0.19916991889476776
PPO_13,train/clip_fraction,210944,0.17617186903953552
PPO_13,train/clip_fraction,212992,0.16015625
PPO_13,train/clip_fraction,215040,0.17465820908546448
PPO_13,train/clip_fraction,217088,0.16484375298023224
PPO_13,train/clip_fraction,219136,0.1611328125
PPO_13,train/clip_fraction,221184,0.15654297173023224
PPO_13,train/clip_fraction,223232,0.16958007216453552
PPO_13,train/clip_fraction,225280,0.14873047173023224
PPO_13,train/clip_fraction,227328,0.16899414360523224
PPO_13,train/clip_fraction,229376,0.18671874701976776
PPO_13,train/clip_fraction,231424,0.181396484375
PPO_13,train/clip_fraction,233472,0.17182616889476776
PPO_13,train/clip_fraction,235520,0.17817382514476776
PPO_13,train/clip_fraction,237568,0.156494140625
PPO_13,train/clip_fraction,239616,0.18608398735523224
PPO_13,train/clip_fraction,241664,0.16855469346046448
PPO_13,train/clip_fraction,243712,0.15107421576976776
PPO_13,train/clip_fraction,245760,0.15732422471046448
PPO_13,train/clip_fraction,247808,0.14907225966453552
PPO_13,train/clip_fraction,249856,0.08974609524011612
PPO_13,train/clip_fraction,251904,0.18500976264476776
PPO_13,train/clip_fraction,253952,0.15761718153953552
PPO_13,train/clip_fraction,256000,0.12343750149011612
PPO_13,train/clip_fraction,258048,0.14619140326976776
PPO_13,train/clip_fraction,260096,0.17290039360523224
PPO_13,train/clip_fraction,262144,0.18657226860523224
PPO_13,train/clip_fraction,264192,0.13725586235523224
PPO_13,train/clip_fraction,266240,0.16367188096046448
PPO_13,train/clip_fraction,268288,0.1728515625
PPO_13,train/clip_fraction,270336,0.15385742485523224
PPO_13,train/clip_fraction,272384,0.16489258408546448
PPO_13,train/clip_fraction,274432,0.156494140625
PPO_13,train/clip_fraction,276480,0.14731445908546448
PPO_13,train/clip_fraction,278528,0.13164062798023224
PPO_13,train/clip_fraction,280576,0.152587890625
PPO_13,train/clip_fraction,282624,0.20034179091453552
PPO_13,train/clip_fraction,284672,0.17807617783546448
PPO_13,train/clip_fraction,286720,0.16777344048023224
PPO_13,train/clip_fraction,288768,0.13383789360523224
PPO_13,train/clip_fraction,290816,0.17783203721046448
PPO_13,train/clip_fraction,292864,0.17158202826976776
PPO_13,train/clip_fraction,294912,0.13247069716453552
PPO_13,train/clip_fraction,296960,0.18623046576976776
PPO_13,train/clip_fraction,299008,0.20698241889476776
PPO_13,train/clip_fraction,301056,0.172607421875
PPO_13,train/clip_range,4096,0.20000000298023224
PPO_13,train/clip_range,6144,0.20000000298023224
PPO_13,train/clip_range,8192,0.20000000298023224
PPO_13,train/clip_range,10240,0.20000000298023224
PPO_13,train/clip_range,12288,0.20000000298023224
PPO_13,train/clip_range,14336,0.20000000298023224
PPO_13,train/clip_range,16384,0.20000000298023224
PPO_13,train/clip_range,18432,0.20000000298023224
PPO_13,train/clip_range,20480,0.20000000298023224
PPO_13,train/clip_range,22528,0.20000000298023224
PPO_13,train/clip_range,24576,0.20000000298023224
PPO_13,train/clip_range,26624,0.20000000298023224
PPO_13,train/clip_range,28672,0.20000000298023224
PPO_13,train/clip_range,30720,0.20000000298023224
PPO_13,train/clip_range,32768,0.20000000298023224
PPO_13,train/clip_range,34816,0.20000000298023224
PPO_13,train/clip_range,36864,0.20000000298023224
PPO_13,train/clip_range,38912,0.20000000298023224
PPO_13,train/clip_range,40960,0.20000000298023224
PPO_13,train/clip_range,43008,0.20000000298023224
PPO_13,train/clip_range,45056,0.20000000298023224
PPO_13,train/clip_range,47104,0.20000000298023224
PPO_13,train/clip_range,49152,0.20000000298023224
PPO_13,train/clip_range,51200,0.20000000298023224
PPO_13,train/clip_range,53248,0.20000000298023224
PPO_13,train/clip_range,55296,0.20000000298023224
PPO_13,train/clip_range,57344,0.20000000298023224
PPO_13,train/clip_range,59392,0.20000000298023224
PPO_13,train/clip_range,61440,0.20000000298023224
PPO_13,train/clip_range,63488,0.20000000298023224
PPO_13,train/clip_range,65536,0.20000000298023224
PPO_13,train/clip_range,67584,0.20000000298023224
PPO_13,train/clip_range,69632,0.20000000298023224
PPO_13,train/clip_range,71680,0.20000000298023224
PPO_13,train/clip_range,73728,0.20000000298023224
PPO_13,train/clip_range,75776,0.20000000298023224
PPO_13,train/clip_range,77824,0.20000000298023224
PPO_13,train/clip_range,79872,0.20000000298023224
PPO_13,train/clip_range,81920,0.20000000298023224
PPO_13,train/clip_range,83968,0.20000000298023224
PPO_13,train/clip_range,86016,0.20000000298023224
PPO_13,train/clip_range,88064,0.20000000298023224
PPO_13,train/clip_range,90112,0.20000000298023224
PPO_13,train/clip_range,92160,0.20000000298023224
PPO_13,train/clip_range,94208,0.20000000298023224
PPO_13,train/clip_range,96256,0.20000000298023224
PPO_13,train/clip_range,98304,0.20000000298023224
PPO_13,train/clip_range,100352,0.20000000298023224
PPO_13,train/clip_range,102400,0.20000000298023224
PPO_13,train/clip_range,104448,0.20000000298023224
PPO_13,train/clip_range,106496,0.20000000298023224
PPO_13,train/clip_range,108544,0.20000000298023224
PPO_13,train/clip_range,110592,0.20000000298023224
PPO_13,train/clip_range,112640,0.20000000298023224
PPO_13,train/clip_range,114688,0.20000000298023224
PPO_13,train/clip_range,116736,0.20000000298023224
PPO_13,train/clip_range,118784,0.20000000298023224
PPO_13,train/clip_range,120832,0.20000000298023224
PPO_13,train/clip_range,122880,0.20000000298023224
PPO_13,train/clip_range,124928,0.20000000298023224
PPO_13,train/clip_range,126976,0.20000000298023224
PPO_13,train/clip_range,129024,0.20000000298023224
PPO_13,train/clip_range,131072,0.20000000298023224
PPO_13,train/clip_range,133120,0.20000000298023224
PPO_13,train/clip_range,135168,0.20000000298023224
PPO_13,train/clip_range,137216,0.20000000298023224
PPO_13,train/clip_range,139264,0.20000000298023224
PPO_13,train/clip_range,141312,0.20000000298023224
PPO_13,train/clip_range,143360,0.20000000298023224
PPO_13,train/clip_range,145408,0.20000000298023224
PPO_13,train/clip_range,147456,0.20000000298023224
PPO_13,train/clip_range,149504,0.20000000298023224
PPO_13,train/clip_range,151552,0.20000000298023224
PPO_13,train/clip_range,153600,0.20000000298023224
PPO_13,train/clip_range,155648,0.20000000298023224
PPO_13,train/clip_range,157696,0.20000000298023224
PPO_13,train/clip_range,159744,0.20000000298023224
PPO_13,train/clip_range,161792,0.20000000298023224
PPO_13,train/clip_range,163840,0.20000000298023224
PPO_13,train/clip_range,165888,0.20000000298023224
PPO_13,train/clip_range,167936,0.20000000298023224
PPO_13,train/clip_range,169984,0.20000000298023224
PPO_13,train/clip_range,172032,0.20000000298023224
PPO_13,train/clip_range,174080,0.20000000298023224
PPO_13,train/clip_range,176128,0.20000000298023224
PPO_13,train/clip_range,178176,0.20000000298023224
PPO_13,train/clip_range,180224,0.20000000298023224
PPO_13,train/clip_range,182272,0.20000000298023224
PPO_13,train/clip_range,184320,0.20000000298023224
PPO_13,train/clip_range,186368,0.20000000298023224
PPO_13,train/clip_range,188416,0.20000000298023224
PPO_13,train/clip_range,190464,0.20000000298023224
PPO_13,train/clip_range,192512,0.20000000298023224
PPO_13,train/clip_range,194560,0.20000000298023224
PPO_13,train/clip_range,196608,0.20000000298023224
PPO_13,train/clip_range,198656,0.20000000298023224
PPO_13,train/clip_range,200704,0.20000000298023224
PPO_13,train/clip_range,202752,0.20000000298023224
PPO_13,train/clip_range,204800,0.20000000298023224
PPO_13,train/clip_range,206848,0.20000000298023224
PPO_13,train/clip_range,208896,0.20000000298023224
PPO_13,train/clip_range,210944,0.20000000298023224
PPO_13,train/clip_range,212992,0.20000000298023224
PPO_13,train/clip_range,215040,0.20000000298023224
PPO_13,train/clip_range,217088,0.20000000298023224
PPO_13,train/clip_range,219136,0.20000000298023224
PPO_13,train/clip_range,221184,0.20000000298023224
PPO_13,train/clip_range,223232,0.20000000298023224
PPO_13,train/clip_range,225280,0.20000000298023224
PPO_13,train/clip_range,227328,0.20000000298023224
PPO_13,train/clip_range,229376,0.20000000298023224
PPO_13,train/clip_range,231424,0.20000000298023224
PPO_13,train/clip_range,233472,0.20000000298023224
PPO_13,train/clip_range,235520,0.20000000298023224
PPO_13,train/clip_range,237568,0.20000000298023224
PPO_13,train/clip_range,239616,0.20000000298023224
PPO_13,train/clip_range,241664,0.20000000298023224
PPO_13,train/clip_range,243712,0.20000000298023224
PPO_13,train/clip_range,245760,0.20000000298023224
PPO_13,train/clip_range,247808,0.20000000298023224
PPO_13,train/clip_range,249856,0.20000000298023224
PPO_13,train/clip_range,251904,0.20000000298023224
PPO_13,train/clip_range,253952,0.20000000298023224
PPO_13,train/clip_range,256000,0.20000000298023224
PPO_13,train/clip_range,258048,0.20000000298023224
PPO_13,train/clip_range,260096,0.20000000298023224
PPO_13,train/clip_range,262144,0.20000000298023224
PPO_13,train/clip_range,264192,0.20000000298023224
PPO_13,train/clip_range,266240,0.20000000298023224
PPO_13,train/clip_range,268288,0.20000000298023224
PPO_13,train/clip_range,270336,0.20000000298023224
PPO_13,train/clip_range,272384,0.20000000298023224
PPO_13,train/clip_range,274432,0.20000000298023224
PPO_13,train/clip_range,276480,0.20000000298023224
PPO_13,train/clip_range,278528,0.20000000298023224
PPO_13,train/clip_range,280576,0.20000000298023224
PPO_13,train/clip_range,282624,0.20000000298023224
PPO_13,train/clip_range,284672,0.20000000298023224
PPO_13,train/clip_range,286720,0.20000000298023224
PPO_13,train/clip_range,288768,0.20000000298023224
PPO_13,train/clip_range,290816,0.20000000298023224
PPO_13,train/clip_range,292864,0.20000000298023224
PPO_13,train/clip_range,294912,0.20000000298023224
PPO_13,train/clip_range,296960,0.20000000298023224
PPO_13,train/clip_range,299008,0.20000000298023224
PPO_13,train/clip_range,301056,0.20000000298023224
PPO_13,train/entropy_loss,4096,-22.71116065979004
PPO_13,train/entropy_loss,6144,-22.724220275878906
PPO_13,train/entropy_loss,8192,-22.7381534576416
PPO_13,train/entropy_loss,10240,-22.749393463134766
PPO_13,train/entropy_loss,12288,-22.750938415527344
PPO_13,train/entropy_loss,14336,-22.7493839263916
PPO_13,train/entropy_loss,16384,-22.770751953125
PPO_13,train/entropy_loss,18432,-22.80323028564453
PPO_13,train/entropy_loss,20480,-22.82469367980957
PPO_13,train/entropy_loss,22528,-22.838586807250977
PPO_13,train/entropy_loss,24576,-22.85737419128418
PPO_13,train/entropy_loss,26624,-22.869800567626953
PPO_13,train/entropy_loss,28672,-22.895801544189453
PPO_13,train/entropy_loss,30720,-22.906639099121094
PPO_13,train/entropy_loss,32768,-22.915002822875977
PPO_13,train/entropy_loss,34816,-22.96360969543457
PPO_13,train/entropy_loss,36864,-22.981182098388672
PPO_13,train/entropy_loss,38912,-22.98149299621582
PPO_13,train/entropy_loss,40960,-22.996374130249023
PPO_13,train/entropy_loss,43008,-23.031810760498047
PPO_13,train/entropy_loss,45056,-23.065107345581055
PPO_13,train/entropy_loss,47104,-23.088638305664062
PPO_13,train/entropy_loss,49152,-23.128376007080078
PPO_13,train/entropy_loss,51200,-23.164331436157227
PPO_13,train/entropy_loss,53248,-23.198869705200195
PPO_13,train/entropy_loss,55296,-23.24629783630371
PPO_13,train/entropy_loss,57344,-23.265628814697266
PPO_13,train/entropy_loss,59392,-23.280649185180664
PPO_13,train/entropy_loss,61440,-23.310617446899414
PPO_13,train/entropy_loss,63488,-23.33648109436035
PPO_13,train/entropy_loss,65536,-23.372262954711914
PPO_13,train/entropy_loss,67584,-23.392127990722656
PPO_13,train/entropy_loss,69632,-23.408302307128906
PPO_13,train/entropy_loss,71680,-23.42530059814453
PPO_13,train/entropy_loss,73728,-23.4368839263916
PPO_13,train/entropy_loss,75776,-23.454349517822266
PPO_13,train/entropy_loss,77824,-23.46479034423828
PPO_13,train/entropy_loss,79872,-23.467754364013672
PPO_13,train/entropy_loss,81920,-23.460359573364258
PPO_13,train/entropy_loss,83968,-23.458362579345703
PPO_13,train/entropy_loss,86016,-23.5040283203125
PPO_13,train/entropy_loss,88064,-23.53190040588379
PPO_13,train/entropy_loss,90112,-23.53547477722168
PPO_13,train/entropy_loss,92160,-23.551618576049805
PPO_13,train/entropy_loss,94208,-23.57322883605957
PPO_13,train/entropy_loss,96256,-23.605287551879883
PPO_13,train/entropy_loss,98304,-23.628131866455078
PPO_13,train/entropy_loss,100352,-23.635908126831055
PPO_13,train/entropy_loss,102400,-23.659805297851562
PPO_13,train/entropy_loss,104448,-23.670961380004883
PPO_13,train/entropy_loss,106496,-23.706541061401367
PPO_13,train/entropy_loss,108544,-23.749614715576172
PPO_13,train/entropy_loss,110592,-23.771747589111328
PPO_13,train/entropy_loss,112640,-23.779186248779297
PPO_13,train/entropy_loss,114688,-23.82294273376465
PPO_13,train/entropy_loss,116736,-23.8529052734375
PPO_13,train/entropy_loss,118784,-23.875640869140625
PPO_13,train/entropy_loss,120832,-23.89199447631836
PPO_13,train/entropy_loss,122880,-23.91222381591797
PPO_13,train/entropy_loss,124928,-23.93145751953125
PPO_13,train/entropy_loss,126976,-23.98100471496582
PPO_13,train/entropy_loss,129024,-24.038066864013672
PPO_13,train/entropy_loss,131072,-24.057479858398438
PPO_13,train/entropy_loss,133120,-24.0782527923584
PPO_13,train/entropy_loss,135168,-24.082748413085938
PPO_13,train/entropy_loss,137216,-24.112590789794922
PPO_13,train/entropy_loss,139264,-24.162715911865234
PPO_13,train/entropy_loss,141312,-24.18901824951172
PPO_13,train/entropy_loss,143360,-24.221328735351562
PPO_13,train/entropy_loss,145408,-24.253982543945312
PPO_13,train/entropy_loss,147456,-24.256284713745117
PPO_13,train/entropy_loss,149504,-24.263200759887695
PPO_13,train/entropy_loss,151552,-24.290624618530273
PPO_13,train/entropy_loss,153600,-24.33330535888672
PPO_13,train/entropy_loss,155648,-24.384981155395508
PPO_13,train/entropy_loss,157696,-24.419076919555664
PPO_13,train/entropy_loss,159744,-24.440113067626953
PPO_13,train/entropy_loss,161792,-24.46406364440918
PPO_13,train/entropy_loss,163840,-24.504240036010742
PPO_13,train/entropy_loss,165888,-24.54465675354004
PPO_13,train/entropy_loss,167936,-24.559612274169922
PPO_13,train/entropy_loss,169984,-24.554113388061523
PPO_13,train/entropy_loss,172032,-24.544050216674805
PPO_13,train/entropy_loss,174080,-24.590438842773438
PPO_13,train/entropy_loss,176128,-24.616477966308594
PPO_13,train/entropy_loss,178176,-24.616132736206055
PPO_13,train/entropy_loss,180224,-24.64353370666504
PPO_13,train/entropy_loss,182272,-24.708465576171875
PPO_13,train/entropy_loss,184320,-24.751344680786133
PPO_13,train/entropy_loss,186368,-24.766712188720703
PPO_13,train/entropy_loss,188416,-24.816789627075195
PPO_13,train/entropy_loss,190464,-24.884021759033203
PPO_13,train/entropy_loss,192512,-24.916410446166992
PPO_13,train/entropy_loss,194560,-24.961990356445312
PPO_13,train/entropy_loss,196608,-24.99325942993164
PPO_13,train/entropy_loss,198656,-25.01073455810547
PPO_13,train/entropy_loss,200704,-25.032032012939453
PPO_13,train/entropy_loss,202752,-25.052335739135742
PPO_13,train/entropy_loss,204800,-25.09455680847168
PPO_13,train/entropy_loss,206848,-25.12097930908203
PPO_13,train/entropy_loss,208896,-25.13043975830078
PPO_13,train/entropy_loss,210944,-25.16169548034668
PPO_13,train/entropy_loss,212992,-25.179935455322266
PPO_13,train/entropy_loss,215040,-25.185617446899414
PPO_13,train/entropy_loss,217088,-25.182527542114258
PPO_13,train/entropy_loss,219136,-25.214712142944336
PPO_13,train/entropy_loss,221184,-25.234243392944336
PPO_13,train/entropy_loss,223232,-25.280284881591797
PPO_13,train/entropy_loss,225280,-25.302629470825195
PPO_13,train/entropy_loss,227328,-25.291406631469727
PPO_13,train/entropy_loss,229376,-25.309114456176758
PPO_13,train/entropy_loss,231424,-25.32000732421875
PPO_13,train/entropy_loss,233472,-25.3170108795166
PPO_13,train/entropy_loss,235520,-25.336942672729492
PPO_13,train/entropy_loss,237568,-25.383731842041016
PPO_13,train/entropy_loss,239616,-25.418310165405273
PPO_13,train/entropy_loss,241664,-25.44252586364746
PPO_13,train/entropy_loss,243712,-25.482898712158203
PPO_13,train/entropy_loss,245760,-25.512487411499023
PPO_13,train/entropy_loss,247808,-25.560922622680664
PPO_13,train/entropy_loss,249856,-25.596717834472656
PPO_13,train/entropy_loss,251904,-25.63544464111328
PPO_13,train/entropy_loss,253952,-25.670379638671875
PPO_13,train/entropy_loss,256000,-25.69083595275879
PPO_13,train/entropy_loss,258048,-25.7048397064209
PPO_13,train/entropy_loss,260096,-25.740575790405273
PPO_13,train/entropy_loss,262144,-25.774208068847656
PPO_13,train/entropy_loss,264192,-25.78724479675293
PPO_13,train/entropy_loss,266240,-25.82198715209961
PPO_13,train/entropy_loss,268288,-25.83983612060547
PPO_13,train/entropy_loss,270336,-25.84959602355957
PPO_13,train/entropy_loss,272384,-25.859098434448242
PPO_13,train/entropy_loss,274432,-25.886913299560547
PPO_13,train/entropy_loss,276480,-25.929275512695312
PPO_13,train/entropy_loss,278528,-25.980039596557617
PPO_13,train/entropy_loss,280576,-26.07832145690918
PPO_13,train/entropy_loss,282624,-26.120676040649414
PPO_13,train/entropy_loss,284672,-26.135671615600586
PPO_13,train/entropy_loss,286720,-26.15837287902832
PPO_13,train/entropy_loss,288768,-26.190174102783203
PPO_13,train/entropy_loss,290816,-26.229759216308594
PPO_13,train/entropy_loss,292864,-26.27031707763672
PPO_13,train/entropy_loss,294912,-26.3106746673584
PPO_13,train/entropy_loss,296960,-26.33095359802246
PPO_13,train/entropy_loss,299008,-26.342533111572266
PPO_13,train/entropy_loss,301056,-26.379432678222656
PPO_13,train/explained_variance,4096,0.07435852289199829
PPO_13,train/explained_variance,6144,0.13804298639297485
PPO_13,train/explained_variance,8192,0.44045138359069824
PPO_13,train/explained_variance,10240,0.42481714487075806
PPO_13,train/explained_variance,12288,0.7826091051101685
PPO_13,train/explained_variance,14336,0.6137180328369141
PPO_13,train/explained_variance,16384,0.8750436902046204
PPO_13,train/explained_variance,18432,0.8854564428329468
PPO_13,train/explained_variance,20480,0.45647263526916504
PPO_13,train/explained_variance,22528,0.6003279685974121
PPO_13,train/explained_variance,24576,0.913038969039917
PPO_13,train/explained_variance,26624,0.9299565553665161
PPO_13,train/explained_variance,28672,0.8350691795349121
PPO_13,train/explained_variance,30720,0.8925102353096008
PPO_13,train/explained_variance,32768,0.8264950513839722
PPO_13,train/explained_variance,34816,0.9190211892127991
PPO_13,train/explained_variance,36864,0.9273999929428101
PPO_13,train/explained_variance,38912,0.7426060438156128
PPO_13,train/explained_variance,40960,0.9242656230926514
PPO_13,train/explained_variance,43008,0.9183125495910645
PPO_13,train/explained_variance,45056,0.9227932691574097
PPO_13,train/explained_variance,47104,0.9363170862197876
PPO_13,train/explained_variance,49152,0.902882993221283
PPO_13,train/explained_variance,51200,0.9093269109725952
PPO_13,train/explained_variance,53248,0.9415822625160217
PPO_13,train/explained_variance,55296,0.9324764609336853
PPO_13,train/explained_variance,57344,0.9086294174194336
PPO_13,train/explained_variance,59392,0.7684354186058044
PPO_13,train/explained_variance,61440,0.8514875173568726
PPO_13,train/explained_variance,63488,0.8356133699417114
PPO_13,train/explained_variance,65536,0.9138306379318237
PPO_13,train/explained_variance,67584,0.8035225868225098
PPO_13,train/explained_variance,69632,0.7906843423843384
PPO_13,train/explained_variance,71680,0.8697342276573181
PPO_13,train/explained_variance,73728,0.9050218462944031
PPO_13,train/explained_variance,75776,0.8963070511817932
PPO_13,train/explained_variance,77824,0.9514902830123901
PPO_13,train/explained_variance,79872,0.9398806095123291
PPO_13,train/explained_variance,81920,0.8200430274009705
PPO_13,train/explained_variance,83968,0.9420535564422607
PPO_13,train/explained_variance,86016,0.8057723641395569
PPO_13,train/explained_variance,88064,0.9392553567886353
PPO_13,train/explained_variance,90112,0.7717106938362122
PPO_13,train/explained_variance,92160,0.9329253435134888
PPO_13,train/explained_variance,94208,0.8643714189529419
PPO_13,train/explained_variance,96256,0.9402691125869751
PPO_13,train/explained_variance,98304,0.800065815448761
PPO_13,train/explained_variance,100352,0.792891263961792
PPO_13,train/explained_variance,102400,0.8798845410346985
PPO_13,train/explained_variance,104448,0.8076382875442505
PPO_13,train/explained_variance,106496,0.9072595238685608
PPO_13,train/explained_variance,108544,0.7917518019676208
PPO_13,train/explained_variance,110592,0.8609046339988708
PPO_13,train/explained_variance,112640,0.9060283303260803
PPO_13,train/explained_variance,114688,0.9531280398368835
PPO_13,train/explained_variance,116736,0.8708003163337708
PPO_13,train/explained_variance,118784,0.9066315293312073
PPO_13,train/explained_variance,120832,0.8786678314208984
PPO_13,train/explained_variance,122880,0.9148293733596802
PPO_13,train/explained_variance,124928,0.9330078959465027
PPO_13,train/explained_variance,126976,0.7368411421775818
PPO_13,train/explained_variance,129024,0.9282866716384888
PPO_13,train/explained_variance,131072,0.9273979663848877
PPO_13,train/explained_variance,133120,0.8932127356529236
PPO_13,train/explained_variance,135168,0.8931615948677063
PPO_13,train/explained_variance,137216,0.9316527843475342
PPO_13,train/explained_variance,139264,0.8698488473892212
PPO_13,train/explained_variance,141312,0.8951981067657471
PPO_13,train/explained_variance,143360,0.9430125951766968
PPO_13,train/explained_variance,145408,0.9266417026519775
PPO_13,train/explained_variance,147456,0.8882114887237549
PPO_13,train/explained_variance,149504,0.9279972910881042
PPO_13,train/explained_variance,151552,0.9029008746147156
PPO_13,train/explained_variance,153600,0.9207706451416016
PPO_13,train/explained_variance,155648,0.908713698387146
PPO_13,train/explained_variance,157696,0.9214191436767578
PPO_13,train/explained_variance,159744,0.959610104560852
PPO_13,train/explained_variance,161792,0.9495397210121155
PPO_13,train/explained_variance,163840,0.9148224592208862
PPO_13,train/explained_variance,165888,0.9012473821640015
PPO_13,train/explained_variance,167936,0.9332237243652344
PPO_13,train/explained_variance,169984,0.9011492729187012
PPO_13,train/explained_variance,172032,0.9498732686042786
PPO_13,train/explained_variance,174080,0.9379007816314697
PPO_13,train/explained_variance,176128,0.9500142335891724
PPO_13,train/explained_variance,178176,0.8360585570335388
PPO_13,train/explained_variance,180224,0.8990470767021179
PPO_13,train/explained_variance,182272,0.9270898699760437
PPO_13,train/explained_variance,184320,0.9404379725456238
PPO_13,train/explained_variance,186368,0.9513901472091675
PPO_13,train/explained_variance,188416,0.9284968972206116
PPO_13,train/explained_variance,190464,0.6001227498054504
PPO_13,train/explained_variance,192512,0.9559917449951172
PPO_13,train/explained_variance,194560,0.9496350288391113
PPO_13,train/explained_variance,196608,0.9586277604103088
PPO_13,train/explained_variance,198656,0.9594479203224182
PPO_13,train/explained_variance,200704,0.9614592790603638
PPO_13,train/explained_variance,202752,0.9651477932929993
PPO_13,train/explained_variance,204800,0.9354758858680725
PPO_13,train/explained_variance,206848,0.9793931245803833
PPO_13,train/explained_variance,208896,0.8836450576782227
PPO_13,train/explained_variance,210944,0.9523820281028748
PPO_13,train/explained_variance,212992,0.922040581703186
PPO_13,train/explained_variance,215040,0.9278998374938965
PPO_13,train/explained_variance,217088,0.9386926889419556
PPO_13,train/explained_variance,219136,0.9210261702537537
PPO_13,train/explained_variance,221184,0.9150288105010986
PPO_13,train/explained_variance,223232,0.9504843354225159
PPO_13,train/explained_variance,225280,0.9578163027763367
PPO_13,train/explained_variance,227328,0.9614095091819763
PPO_13,train/explained_variance,229376,0.9135201573371887
PPO_13,train/explained_variance,231424,0.9603902101516724
PPO_13,train/explained_variance,233472,0.9532599449157715
PPO_13,train/explained_variance,235520,0.9632782936096191
PPO_13,train/explained_variance,237568,0.9605960845947266
PPO_13,train/explained_variance,239616,0.9528761506080627
PPO_13,train/explained_variance,241664,0.931219756603241
PPO_13,train/explained_variance,243712,0.9590996503829956
PPO_13,train/explained_variance,245760,0.932644248008728
PPO_13,train/explained_variance,247808,0.726279616355896
PPO_13,train/explained_variance,249856,0.8177180886268616
PPO_13,train/explained_variance,251904,0.9186320304870605
PPO_13,train/explained_variance,253952,0.9448435306549072
PPO_13,train/explained_variance,256000,0.9350455403327942
PPO_13,train/explained_variance,258048,0.9198523163795471
PPO_13,train/explained_variance,260096,0.9538787007331848
PPO_13,train/explained_variance,262144,0.9219542145729065
PPO_13,train/explained_variance,264192,0.935880720615387
PPO_13,train/explained_variance,266240,0.9614625573158264
PPO_13,train/explained_variance,268288,0.9701809287071228
PPO_13,train/explained_variance,270336,0.9320913553237915
PPO_13,train/explained_variance,272384,0.9364969730377197
PPO_13,train/explained_variance,274432,0.9377890825271606
PPO_13,train/explained_variance,276480,0.9188034534454346
PPO_13,train/explained_variance,278528,0.687124490737915
PPO_13,train/explained_variance,280576,0.9083733558654785
PPO_13,train/explained_variance,282624,0.9417586326599121
PPO_13,train/explained_variance,284672,0.9394217133522034
PPO_13,train/explained_variance,286720,0.9672678709030151
PPO_13,train/explained_variance,288768,0.9484047889709473
PPO_13,train/explained_variance,290816,0.9534743428230286
PPO_13,train/explained_variance,292864,0.963969886302948
PPO_13,train/explained_variance,294912,0.8909635543823242
PPO_13,train/explained_variance,296960,0.9370017051696777
PPO_13,train/explained_variance,299008,0.9430725574493408
PPO_13,train/explained_variance,301056,0.9409011006355286
PPO_13,train/learning_rate,4096,0.0003000000142492354
PPO_13,train/learning_rate,6144,0.0003000000142492354
PPO_13,train/learning_rate,8192,0.0003000000142492354
PPO_13,train/learning_rate,10240,0.0003000000142492354
PPO_13,train/learning_rate,12288,0.0003000000142492354
PPO_13,train/learning_rate,14336,0.0003000000142492354
PPO_13,train/learning_rate,16384,0.0003000000142492354
PPO_13,train/learning_rate,18432,0.0003000000142492354
PPO_13,train/learning_rate,20480,0.0003000000142492354
PPO_13,train/learning_rate,22528,0.0003000000142492354
PPO_13,train/learning_rate,24576,0.0003000000142492354
PPO_13,train/learning_rate,26624,0.0003000000142492354
PPO_13,train/learning_rate,28672,0.0003000000142492354
PPO_13,train/learning_rate,30720,0.0003000000142492354
PPO_13,train/learning_rate,32768,0.0003000000142492354
PPO_13,train/learning_rate,34816,0.0003000000142492354
PPO_13,train/learning_rate,36864,0.0003000000142492354
PPO_13,train/learning_rate,38912,0.0003000000142492354
PPO_13,train/learning_rate,40960,0.0003000000142492354
PPO_13,train/learning_rate,43008,0.0003000000142492354
PPO_13,train/learning_rate,45056,0.0003000000142492354
PPO_13,train/learning_rate,47104,0.0003000000142492354
PPO_13,train/learning_rate,49152,0.0003000000142492354
PPO_13,train/learning_rate,51200,0.0003000000142492354
PPO_13,train/learning_rate,53248,0.0003000000142492354
PPO_13,train/learning_rate,55296,0.0003000000142492354
PPO_13,train/learning_rate,57344,0.0003000000142492354
PPO_13,train/learning_rate,59392,0.0003000000142492354
PPO_13,train/learning_rate,61440,0.0003000000142492354
PPO_13,train/learning_rate,63488,0.0003000000142492354
PPO_13,train/learning_rate,65536,0.0003000000142492354
PPO_13,train/learning_rate,67584,0.0003000000142492354
PPO_13,train/learning_rate,69632,0.0003000000142492354
PPO_13,train/learning_rate,71680,0.0003000000142492354
PPO_13,train/learning_rate,73728,0.0003000000142492354
PPO_13,train/learning_rate,75776,0.0003000000142492354
PPO_13,train/learning_rate,77824,0.0003000000142492354
PPO_13,train/learning_rate,79872,0.0003000000142492354
PPO_13,train/learning_rate,81920,0.0003000000142492354
PPO_13,train/learning_rate,83968,0.0003000000142492354
PPO_13,train/learning_rate,86016,0.0003000000142492354
PPO_13,train/learning_rate,88064,0.0003000000142492354
PPO_13,train/learning_rate,90112,0.0003000000142492354
PPO_13,train/learning_rate,92160,0.0003000000142492354
PPO_13,train/learning_rate,94208,0.0003000000142492354
PPO_13,train/learning_rate,96256,0.0003000000142492354
PPO_13,train/learning_rate,98304,0.0003000000142492354
PPO_13,train/learning_rate,100352,0.0003000000142492354
PPO_13,train/learning_rate,102400,0.0003000000142492354
PPO_13,train/learning_rate,104448,0.0003000000142492354
PPO_13,train/learning_rate,106496,0.0003000000142492354
PPO_13,train/learning_rate,108544,0.0003000000142492354
PPO_13,train/learning_rate,110592,0.0003000000142492354
PPO_13,train/learning_rate,112640,0.0003000000142492354
PPO_13,train/learning_rate,114688,0.0003000000142492354
PPO_13,train/learning_rate,116736,0.0003000000142492354
PPO_13,train/learning_rate,118784,0.0003000000142492354
PPO_13,train/learning_rate,120832,0.0003000000142492354
PPO_13,train/learning_rate,122880,0.0003000000142492354
PPO_13,train/learning_rate,124928,0.0003000000142492354
PPO_13,train/learning_rate,126976,0.0003000000142492354
PPO_13,train/learning_rate,129024,0.0003000000142492354
PPO_13,train/learning_rate,131072,0.0003000000142492354
PPO_13,train/learning_rate,133120,0.0003000000142492354
PPO_13,train/learning_rate,135168,0.0003000000142492354
PPO_13,train/learning_rate,137216,0.0003000000142492354
PPO_13,train/learning_rate,139264,0.0003000000142492354
PPO_13,train/learning_rate,141312,0.0003000000142492354
PPO_13,train/learning_rate,143360,0.0003000000142492354
PPO_13,train/learning_rate,145408,0.0003000000142492354
PPO_13,train/learning_rate,147456,0.0003000000142492354
PPO_13,train/learning_rate,149504,0.0003000000142492354
PPO_13,train/learning_rate,151552,0.0003000000142492354
PPO_13,train/learning_rate,153600,0.0003000000142492354
PPO_13,train/learning_rate,155648,0.0003000000142492354
PPO_13,train/learning_rate,157696,0.0003000000142492354
PPO_13,train/learning_rate,159744,0.0003000000142492354
PPO_13,train/learning_rate,161792,0.0003000000142492354
PPO_13,train/learning_rate,163840,0.0003000000142492354
PPO_13,train/learning_rate,165888,0.0003000000142492354
PPO_13,train/learning_rate,167936,0.0003000000142492354
PPO_13,train/learning_rate,169984,0.0003000000142492354
PPO_13,train/learning_rate,172032,0.0003000000142492354
PPO_13,train/learning_rate,174080,0.0003000000142492354
PPO_13,train/learning_rate,176128,0.0003000000142492354
PPO_13,train/learning_rate,178176,0.0003000000142492354
PPO_13,train/learning_rate,180224,0.0003000000142492354
PPO_13,train/learning_rate,182272,0.0003000000142492354
PPO_13,train/learning_rate,184320,0.0003000000142492354
PPO_13,train/learning_rate,186368,0.0003000000142492354
PPO_13,train/learning_rate,188416,0.0003000000142492354
PPO_13,train/learning_rate,190464,0.0003000000142492354
PPO_13,train/learning_rate,192512,0.0003000000142492354
PPO_13,train/learning_rate,194560,0.0003000000142492354
PPO_13,train/learning_rate,196608,0.0003000000142492354
PPO_13,train/learning_rate,198656,0.0003000000142492354
PPO_13,train/learning_rate,200704,0.0003000000142492354
PPO_13,train/learning_rate,202752,0.0003000000142492354
PPO_13,train/learning_rate,204800,0.0003000000142492354
PPO_13,train/learning_rate,206848,0.0003000000142492354
PPO_13,train/learning_rate,208896,0.0003000000142492354
PPO_13,train/learning_rate,210944,0.0003000000142492354
PPO_13,train/learning_rate,212992,0.0003000000142492354
PPO_13,train/learning_rate,215040,0.0003000000142492354
PPO_13,train/learning_rate,217088,0.0003000000142492354
PPO_13,train/learning_rate,219136,0.0003000000142492354
PPO_13,train/learning_rate,221184,0.0003000000142492354
PPO_13,train/learning_rate,223232,0.0003000000142492354
PPO_13,train/learning_rate,225280,0.0003000000142492354
PPO_13,train/learning_rate,227328,0.0003000000142492354
PPO_13,train/learning_rate,229376,0.0003000000142492354
PPO_13,train/learning_rate,231424,0.0003000000142492354
PPO_13,train/learning_rate,233472,0.0003000000142492354
PPO_13,train/learning_rate,235520,0.0003000000142492354
PPO_13,train/learning_rate,237568,0.0003000000142492354
PPO_13,train/learning_rate,239616,0.0003000000142492354
PPO_13,train/learning_rate,241664,0.0003000000142492354
PPO_13,train/learning_rate,243712,0.0003000000142492354
PPO_13,train/learning_rate,245760,0.0003000000142492354
PPO_13,train/learning_rate,247808,0.0003000000142492354
PPO_13,train/learning_rate,249856,0.0003000000142492354
PPO_13,train/learning_rate,251904,0.0003000000142492354
PPO_13,train/learning_rate,253952,0.0003000000142492354
PPO_13,train/learning_rate,256000,0.0003000000142492354
PPO_13,train/learning_rate,258048,0.0003000000142492354
PPO_13,train/learning_rate,260096,0.0003000000142492354
PPO_13,train/learning_rate,262144,0.0003000000142492354
PPO_13,train/learning_rate,264192,0.0003000000142492354
PPO_13,train/learning_rate,266240,0.0003000000142492354
PPO_13,train/learning_rate,268288,0.0003000000142492354
PPO_13,train/learning_rate,270336,0.0003000000142492354
PPO_13,train/learning_rate,272384,0.0003000000142492354
PPO_13,train/learning_rate,274432,0.0003000000142492354
PPO_13,train/learning_rate,276480,0.0003000000142492354
PPO_13,train/learning_rate,278528,0.0003000000142492354
PPO_13,train/learning_rate,280576,0.0003000000142492354
PPO_13,train/learning_rate,282624,0.0003000000142492354
PPO_13,train/learning_rate,284672,0.0003000000142492354
PPO_13,train/learning_rate,286720,0.0003000000142492354
PPO_13,train/learning_rate,288768,0.0003000000142492354
PPO_13,train/learning_rate,290816,0.0003000000142492354
PPO_13,train/learning_rate,292864,0.0003000000142492354
PPO_13,train/learning_rate,294912,0.0003000000142492354
PPO_13,train/learning_rate,296960,0.0003000000142492354
PPO_13,train/learning_rate,299008,0.0003000000142492354
PPO_13,train/learning_rate,301056,0.0003000000142492354
PPO_13,train/loss,4096,-0.020722568035125732
PPO_13,train/loss,6144,-0.26931232213974
PPO_13,train/loss,8192,-0.27344730496406555
PPO_13,train/loss,10240,-0.26814597845077515
PPO_13,train/loss,12288,-0.2875913977622986
PPO_13,train/loss,14336,-0.2790510952472687
PPO_13,train/loss,16384,-0.2861640453338623
PPO_13,train/loss,18432,-0.28303614258766174
PPO_13,train/loss,20480,-0.29023075103759766
PPO_13,train/loss,22528,-0.2815132141113281
PPO_13,train/loss,24576,-0.2687385082244873
PPO_13,train/loss,26624,-0.2812998592853546
PPO_13,train/loss,28672,-0.2843230962753296
PPO_13,train/loss,30720,-0.2890673279762268
PPO_13,train/loss,32768,-0.29363346099853516
PPO_13,train/loss,34816,-0.28467562794685364
PPO_13,train/loss,36864,-0.288534939289093
PPO_13,train/loss,38912,-0.28255996108055115
PPO_13,train/loss,40960,-0.2876570522785187
PPO_13,train/loss,43008,-0.29065752029418945
PPO_13,train/loss,45056,-0.2899072766304016
PPO_13,train/loss,47104,-0.2806752622127533
PPO_13,train/loss,49152,-0.2844732701778412
PPO_13,train/loss,51200,-0.29476991295814514
PPO_13,train/loss,53248,-0.27737629413604736
PPO_13,train/loss,55296,-0.2911633253097534
PPO_13,train/loss,57344,-0.29979413747787476
PPO_13,train/loss,59392,-0.30268603563308716
PPO_13,train/loss,61440,-0.30528658628463745
PPO_13,train/loss,63488,-0.29491835832595825
PPO_13,train/loss,65536,-0.2847464680671692
PPO_13,train/loss,67584,-0.2882169485092163
PPO_13,train/loss,69632,-0.28962233662605286
PPO_13,train/loss,71680,-0.29676562547683716
PPO_13,train/loss,73728,-0.2968437373638153
PPO_13,train/loss,75776,-0.2955765724182129
PPO_13,train/loss,77824,-0.27864307165145874
PPO_13,train/loss,79872,-0.31788256764411926
PPO_13,train/loss,81920,-0.3021172881126404
PPO_13,train/loss,83968,-0.29844802618026733
PPO_13,train/loss,86016,-0.2934894561767578
PPO_13,train/loss,88064,-0.29289939999580383
PPO_13,train/loss,90112,-0.3086981475353241
PPO_13,train/loss,92160,-0.28577110171318054
PPO_13,train/loss,94208,-0.30504167079925537
PPO_13,train/loss,96256,-0.31831493973731995
PPO_13,train/loss,98304,-0.27402588725090027
PPO_13,train/loss,100352,-0.28814953565597534
PPO_13,train/loss,102400,-0.31376025080680847
PPO_13,train/loss,104448,-0.3036549985408783
PPO_13,train/loss,106496,-0.3083594739437103
PPO_13,train/loss,108544,-0.302681565284729
PPO_13,train/loss,110592,-0.30737829208374023
PPO_13,train/loss,112640,-0.3018936514854431
PPO_13,train/loss,114688,-0.30911439657211304
PPO_13,train/loss,116736,-0.3050597012042999
PPO_13,train/loss,118784,-0.3083706796169281
PPO_13,train/loss,120832,-0.3148685097694397
PPO_13,train/loss,122880,-0.3005525469779968
PPO_13,train/loss,124928,-0.31293410062789917
PPO_13,train/loss,126976,-0.2831342816352844
PPO_13,train/loss,129024,-0.2946586012840271
PPO_13,train/loss,131072,-0.3106527030467987
PPO_13,train/loss,133120,-0.3181709051132202
PPO_13,train/loss,135168,-0.3117777407169342
PPO_13,train/loss,137216,-0.2941846549510956
PPO_13,train/loss,139264,-0.2973763346672058
PPO_13,train/loss,141312,-0.30417537689208984
PPO_13,train/loss,143360,-0.31266137957572937
PPO_13,train/loss,145408,-0.3113729953765869
PPO_13,train/loss,147456,-0.2962284982204437
PPO_13,train/loss,149504,-0.3107870817184448
PPO_13,train/loss,151552,-0.30026593804359436
PPO_13,train/loss,153600,-0.3172505497932434
PPO_13,train/loss,155648,-0.3045116066932678
PPO_13,train/loss,157696,-0.3232448995113373
PPO_13,train/loss,159744,-0.31171637773513794
PPO_13,train/loss,161792,-0.30621376633644104
PPO_13,train/loss,163840,-0.3041428327560425
PPO_13,train/loss,165888,-0.2974773049354553
PPO_13,train/loss,167936,-0.31246697902679443
PPO_13,train/loss,169984,-0.29576489329338074
PPO_13,train/loss,172032,-0.3151867985725403
PPO_13,train/loss,174080,-0.30581772327423096
PPO_13,train/loss,176128,-0.30587005615234375
PPO_13,train/loss,178176,-0.302524596452713
PPO_13,train/loss,180224,-0.2891424596309662
PPO_13,train/loss,182272,-0.3191086947917938
PPO_13,train/loss,184320,-0.32069966197013855
PPO_13,train/loss,186368,-0.31668761372566223
PPO_13,train/loss,188416,-0.31601110100746155
PPO_13,train/loss,190464,-0.2971504032611847
PPO_13,train/loss,192512,-0.3154143691062927
PPO_13,train/loss,194560,-0.32718968391418457
PPO_13,train/loss,196608,-0.31908565759658813
PPO_13,train/loss,198656,-0.314525842666626
PPO_13,train/loss,200704,-0.32801201939582825
PPO_13,train/loss,202752,-0.322679728269577
PPO_13,train/loss,204800,-0.3147050738334656
PPO_13,train/loss,206848,-0.3244679570198059
PPO_13,train/loss,208896,-0.30819132924079895
PPO_13,train/loss,210944,-0.3293699026107788
PPO_13,train/loss,212992,-0.3154928982257843
PPO_13,train/loss,215040,-0.3198663592338562
PPO_13,train/loss,217088,-0.30933189392089844
PPO_13,train/loss,219136,-0.31774961948394775
PPO_13,train/loss,221184,-0.30553025007247925
PPO_13,train/loss,223232,-0.32237064838409424
PPO_13,train/loss,225280,-0.32686254382133484
PPO_13,train/loss,227328,-0.3174102008342743
PPO_13,train/loss,229376,-0.3185874819755554
PPO_13,train/loss,231424,-0.32323136925697327
PPO_13,train/loss,233472,-0.32051682472229004
PPO_13,train/loss,235520,-0.3237934708595276
PPO_13,train/loss,237568,-0.31504979729652405
PPO_13,train/loss,239616,-0.324576735496521
PPO_13,train/loss,241664,-0.3185998499393463
PPO_13,train/loss,243712,-0.31964394450187683
PPO_13,train/loss,245760,-0.3176104426383972
PPO_13,train/loss,247808,-0.3284214735031128
PPO_13,train/loss,249856,-0.29627445340156555
PPO_13,train/loss,251904,-0.32527434825897217
PPO_13,train/loss,253952,-0.30200889706611633
PPO_13,train/loss,256000,-0.3183945119380951
PPO_13,train/loss,258048,-0.3169700503349304
PPO_13,train/loss,260096,-0.33138003945350647
PPO_13,train/loss,262144,-0.3136962950229645
PPO_13,train/loss,264192,-0.31243082880973816
PPO_13,train/loss,266240,-0.31298211216926575
PPO_13,train/loss,268288,-0.321391761302948
PPO_13,train/loss,270336,-0.33482712507247925
PPO_13,train/loss,272384,-0.3197508454322815
PPO_13,train/loss,274432,-0.32055243849754333
PPO_13,train/loss,276480,-0.30606967210769653
PPO_13,train/loss,278528,-0.28382086753845215
PPO_13,train/loss,280576,-0.30995288491249084
PPO_13,train/loss,282624,-0.3223707377910614
PPO_13,train/loss,284672,-0.3279384970664978
PPO_13,train/loss,286720,-0.32169854640960693
PPO_13,train/loss,288768,-0.3165779411792755
PPO_13,train/loss,290816,-0.3215683102607727
PPO_13,train/loss,292864,-0.321453332901001
PPO_13,train/loss,294912,-0.30702465772628784
PPO_13,train/loss,296960,-0.3263639509677887
PPO_13,train/loss,299008,-0.3342842757701874
PPO_13,train/loss,301056,-0.33461999893188477
PPO_13,train/policy_gradient_loss,4096,-0.02803822048008442
PPO_13,train/policy_gradient_loss,6144,-0.033911921083927155
PPO_13,train/policy_gradient_loss,8192,-0.03455421328544617
PPO_13,train/policy_gradient_loss,10240,-0.03334508091211319
PPO_13,train/policy_gradient_loss,12288,-0.04090031608939171
PPO_13,train/policy_gradient_loss,14336,-0.041004229336977005
PPO_13,train/policy_gradient_loss,16384,-0.035869285464286804
PPO_13,train/policy_gradient_loss,18432,-0.041298482567071915
PPO_13,train/policy_gradient_loss,20480,-0.040597643703222275
PPO_13,train/policy_gradient_loss,22528,-0.03851922228932381
PPO_13,train/policy_gradient_loss,24576,-0.03587481752038002
PPO_13,train/policy_gradient_loss,26624,-0.03732622414827347
PPO_13,train/policy_gradient_loss,28672,-0.0383380725979805
PPO_13,train/policy_gradient_loss,30720,-0.038360655307769775
PPO_13,train/policy_gradient_loss,32768,-0.042157117277383804
PPO_13,train/policy_gradient_loss,34816,-0.0420960932970047
PPO_13,train/policy_gradient_loss,36864,-0.03903082758188248
PPO_13,train/policy_gradient_loss,38912,-0.040256205946207047
PPO_13,train/policy_gradient_loss,40960,-0.03889371082186699
PPO_13,train/policy_gradient_loss,43008,-0.043995000422000885
PPO_13,train/policy_gradient_loss,45056,-0.04317522048950195
PPO_13,train/policy_gradient_loss,47104,-0.04019533470273018
PPO_13,train/policy_gradient_loss,49152,-0.042418982833623886
PPO_13,train/policy_gradient_loss,51200,-0.043568260967731476
PPO_13,train/policy_gradient_loss,53248,-0.039313845336437225
PPO_13,train/policy_gradient_loss,55296,-0.04005458205938339
PPO_13,train/policy_gradient_loss,57344,-0.044454075396060944
PPO_13,train/policy_gradient_loss,59392,-0.04040404409170151
PPO_13,train/policy_gradient_loss,61440,-0.043421193957328796
PPO_13,train/policy_gradient_loss,63488,-0.04207071661949158
PPO_13,train/policy_gradient_loss,65536,-0.03893100097775459
PPO_13,train/policy_gradient_loss,67584,-0.04170282930135727
PPO_13,train/policy_gradient_loss,69632,-0.04135371744632721
PPO_13,train/policy_gradient_loss,71680,-0.03693440183997154
PPO_13,train/policy_gradient_loss,73728,-0.04315346106886864
PPO_13,train/policy_gradient_loss,75776,-0.03890109807252884
PPO_13,train/policy_gradient_loss,77824,-0.034422293305397034
PPO_13,train/policy_gradient_loss,79872,-0.04947325214743614
PPO_13,train/policy_gradient_loss,81920,-0.045263536274433136
PPO_13,train/policy_gradient_loss,83968,-0.0414096973836422
PPO_13,train/policy_gradient_loss,86016,-0.04357049986720085
PPO_13,train/policy_gradient_loss,88064,-0.039165496826171875
PPO_13,train/policy_gradient_loss,90112,-0.045666325837373734
PPO_13,train/policy_gradient_loss,92160,-0.040436871349811554
PPO_13,train/policy_gradient_loss,94208,-0.04338517412543297
PPO_13,train/policy_gradient_loss,96256,-0.045791495591402054
PPO_13,train/policy_gradient_loss,98304,-0.027443917468190193
PPO_13,train/policy_gradient_loss,100352,-0.036393988877534866
PPO_13,train/policy_gradient_loss,102400,-0.049666475504636765
PPO_13,train/policy_gradient_loss,104448,-0.04569381847977638
PPO_13,train/policy_gradient_loss,106496,-0.047751232981681824
PPO_13,train/policy_gradient_loss,108544,-0.041922036558389664
PPO_13,train/policy_gradient_loss,110592,-0.044903505593538284
PPO_13,train/policy_gradient_loss,112640,-0.04324527084827423
PPO_13,train/policy_gradient_loss,114688,-0.04433213919401169
PPO_13,train/policy_gradient_loss,116736,-0.0485813170671463
PPO_13,train/policy_gradient_loss,118784,-0.04614746570587158
PPO_13,train/policy_gradient_loss,120832,-0.04461105540394783
PPO_13,train/policy_gradient_loss,122880,-0.04285093769431114
PPO_13,train/policy_gradient_loss,124928,-0.04492909088730812
PPO_13,train/policy_gradient_loss,126976,-0.028033683076500893
PPO_13,train/policy_gradient_loss,129024,-0.03879259526729584
PPO_13,train/policy_gradient_loss,131072,-0.04641350358724594
PPO_13,train/policy_gradient_loss,133120,-0.04447469115257263
PPO_13,train/policy_gradient_loss,135168,-0.04238428547978401
PPO_13,train/policy_gradient_loss,137216,-0.036396075040102005
PPO_13,train/policy_gradient_loss,139264,-0.04254637286067009
PPO_13,train/policy_gradient_loss,141312,-0.04156254976987839
PPO_13,train/policy_gradient_loss,143360,-0.0456395298242569
PPO_13,train/policy_gradient_loss,145408,-0.04294770583510399
PPO_13,train/policy_gradient_loss,147456,-0.042040009051561356
PPO_13,train/policy_gradient_loss,149504,-0.038959939032793045
PPO_13,train/policy_gradient_loss,151552,-0.04405155032873154
PPO_13,train/policy_gradient_loss,153600,-0.045113448053598404
PPO_13,train/policy_gradient_loss,155648,-0.042939193546772
PPO_13,train/policy_gradient_loss,157696,-0.04228324815630913
PPO_13,train/policy_gradient_loss,159744,-0.04365277290344238
PPO_13,train/policy_gradient_loss,161792,-0.041704922914505005
PPO_13,train/policy_gradient_loss,163840,-0.04086822271347046
PPO_13,train/policy_gradient_loss,165888,-0.03714350238442421
PPO_13,train/policy_gradient_loss,167936,-0.044663771986961365
PPO_13,train/policy_gradient_loss,169984,-0.038741596043109894
PPO_13,train/policy_gradient_loss,172032,-0.041818130761384964
PPO_13,train/policy_gradient_loss,174080,-0.041955381631851196
PPO_13,train/policy_gradient_loss,176128,-0.03628747537732124
PPO_13,train/policy_gradient_loss,178176,-0.03780556842684746
PPO_13,train/policy_gradient_loss,180224,-0.0349222756922245
PPO_13,train/policy_gradient_loss,182272,-0.04526485502719879
PPO_13,train/policy_gradient_loss,184320,-0.04472364857792854
PPO_13,train/policy_gradient_loss,186368,-0.04399813339114189
PPO_13,train/policy_gradient_loss,188416,-0.04367838427424431
PPO_13,train/policy_gradient_loss,190464,-0.028512272983789444
PPO_13,train/policy_gradient_loss,192512,-0.0456816665828228
PPO_13,train/policy_gradient_loss,194560,-0.04514622315764427
PPO_13,train/policy_gradient_loss,196608,-0.046725351363420486
PPO_13,train/policy_gradient_loss,198656,-0.04647163301706314
PPO_13,train/policy_gradient_loss,200704,-0.049632877111434937
PPO_13,train/policy_gradient_loss,202752,-0.040437839925289154
PPO_13,train/policy_gradient_loss,204800,-0.04463581740856171
PPO_13,train/policy_gradient_loss,206848,-0.042257748544216156
PPO_13,train/policy_gradient_loss,208896,-0.04268503189086914
PPO_13,train/policy_gradient_loss,210944,-0.04885159805417061
PPO_13,train/policy_gradient_loss,212992,-0.04191233590245247
PPO_13,train/policy_gradient_loss,215040,-0.04515555500984192
PPO_13,train/policy_gradient_loss,217088,-0.03469225764274597
PPO_13,train/policy_gradient_loss,219136,-0.04034067690372467
PPO_13,train/policy_gradient_loss,221184,-0.036584436893463135
PPO_13,train/policy_gradient_loss,223232,-0.044307950884103775
PPO_13,train/policy_gradient_loss,225280,-0.04161049798130989
PPO_13,train/policy_gradient_loss,227328,-0.04308127984404564
PPO_13,train/policy_gradient_loss,229376,-0.04339390993118286
PPO_13,train/policy_gradient_loss,231424,-0.042703401297330856
PPO_13,train/policy_gradient_loss,233472,-0.04298782721161842
PPO_13,train/policy_gradient_loss,235520,-0.04421057179570198
PPO_13,train/policy_gradient_loss,237568,-0.03778673708438873
PPO_13,train/policy_gradient_loss,239616,-0.04254181683063507
PPO_13,train/policy_gradient_loss,241664,-0.041722435504198074
PPO_13,train/policy_gradient_loss,243712,-0.04080065339803696
PPO_13,train/policy_gradient_loss,245760,-0.04430912435054779
PPO_13,train/policy_gradient_loss,247808,-0.040563516318798065
PPO_13,train/policy_gradient_loss,249856,-0.023292480036616325
PPO_13,train/policy_gradient_loss,251904,-0.04610425606369972
PPO_13,train/policy_gradient_loss,253952,-0.03764750808477402
PPO_13,train/policy_gradient_loss,256000,-0.03269762918353081
PPO_13,train/policy_gradient_loss,258048,-0.0351041741669178
PPO_13,train/policy_gradient_loss,260096,-0.044045012444257736
PPO_13,train/policy_gradient_loss,262144,-0.04312566667795181
PPO_13,train/policy_gradient_loss,264192,-0.0313546247780323
PPO_13,train/policy_gradient_loss,266240,-0.038357216864824295
PPO_13,train/policy_gradient_loss,268288,-0.04288917034864426
PPO_13,train/policy_gradient_loss,270336,-0.04530445858836174
PPO_13,train/policy_gradient_loss,272384,-0.039642058312892914
PPO_13,train/policy_gradient_loss,274432,-0.03649168089032173
PPO_13,train/policy_gradient_loss,276480,-0.03427909314632416
PPO_13,train/policy_gradient_loss,278528,-0.025347083806991577
PPO_13,train/policy_gradient_loss,280576,-0.03371760621666908
PPO_13,train/policy_gradient_loss,282624,-0.04435925930738449
PPO_13,train/policy_gradient_loss,284672,-0.042372480034828186
PPO_13,train/policy_gradient_loss,286720,-0.040048323571681976
PPO_13,train/policy_gradient_loss,288768,-0.0374629870057106
PPO_13,train/policy_gradient_loss,290816,-0.0420130155980587
PPO_13,train/policy_gradient_loss,292864,-0.04349089786410332
PPO_13,train/policy_gradient_loss,294912,-0.031206227838993073
PPO_13,train/policy_gradient_loss,296960,-0.037377774715423584
PPO_13,train/policy_gradient_loss,299008,-0.04862453043460846
PPO_13,train/policy_gradient_loss,301056,-0.04432974010705948
PPO_13,train/std,4096,1.0005632638931274
PPO_13,train/std,6144,1.0017235279083252
PPO_13,train/std,8192,1.0023880004882812
PPO_13,train/std,10240,1.0031054019927979
PPO_13,train/std,12288,1.0027964115142822
PPO_13,train/std,14336,1.0032544136047363
PPO_13,train/std,16384,1.005279302597046
PPO_13,train/std,18432,1.0074732303619385
PPO_13,train/std,20480,1.0080554485321045
PPO_13,train/std,22528,1.0092549324035645
PPO_13,train/std,24576,1.0099581480026245
PPO_13,train/std,26624,1.011507272720337
PPO_13,train/std,28672,1.0130656957626343
PPO_13,train/std,30720,1.0123047828674316
PPO_13,train/std,32768,1.0146650075912476
PPO_13,train/std,34816,1.0183122158050537
PPO_13,train/std,36864,1.0172981023788452
PPO_13,train/std,38912,1.0180295705795288
PPO_13,train/std,40960,1.0197384357452393
PPO_13,train/std,43008,1.0220215320587158
PPO_13,train/std,45056,1.0240060091018677
PPO_13,train/std,47104,1.0253357887268066
PPO_13,train/std,49152,1.0288673639297485
PPO_13,train/std,51200,1.030340552330017
PPO_13,train/std,53248,1.0331251621246338
PPO_13,train/std,55296,1.035856008529663
PPO_13,train/std,57344,1.036344289779663
PPO_13,train/std,59392,1.0381897687911987
PPO_13,train/std,61440,1.039639949798584
PPO_13,train/std,63488,1.0420926809310913
PPO_13,train/std,65536,1.043815016746521
PPO_13,train/std,67584,1.0447466373443604
PPO_13,train/std,69632,1.0460230112075806
PPO_13,train/std,71680,1.0467455387115479
PPO_13,train/std,73728,1.0480784177780151
PPO_13,train/std,75776,1.0488728284835815
PPO_13,train/std,77824,1.0492866039276123
PPO_13,train/std,79872,1.0497256517410278
PPO_13,train/std,81920,1.048494815826416
PPO_13,train/std,83968,1.0494827032089233
PPO_13,train/std,86016,1.054135799407959
PPO_13,train/std,88064,1.0535584688186646
PPO_13,train/std,90112,1.0547845363616943
PPO_13,train/std,92160,1.0555403232574463
PPO_13,train/std,94208,1.057623028755188
PPO_13,train/std,96256,1.0594899654388428
PPO_13,train/std,98304,1.060306429862976
PPO_13,train/std,100352,1.0615627765655518
PPO_13,train/std,102400,1.062455177307129
PPO_13,train/std,104448,1.0638288259506226
PPO_13,train/std,106496,1.0670185089111328
PPO_13,train/std,108544,1.0697853565216064
PPO_13,train/std,110592,1.0697009563446045
PPO_13,train/std,112640,1.071804404258728
PPO_13,train/std,114688,1.0744518041610718
PPO_13,train/std,116736,1.0762596130371094
PPO_13,train/std,118784,1.077593207359314
PPO_13,train/std,120832,1.0789694786071777
PPO_13,train/std,122880,1.0799304246902466
PPO_13,train/std,124928,1.0812690258026123
PPO_13,train/std,126976,1.0867520570755005
PPO_13,train/std,129024,1.0889780521392822
PPO_13,train/std,131072,1.0899548530578613
PPO_13,train/std,133120,1.0910882949829102
PPO_13,train/std,135168,1.0913410186767578
PPO_13,train/std,137216,1.09493088722229
PPO_13,train/std,139264,1.0976898670196533
PPO_13,train/std,141312,1.0990062952041626
PPO_13,train/std,143360,1.1016820669174194
PPO_13,train/std,145408,1.103528380393982
PPO_13,train/std,147456,1.1027590036392212
PPO_13,train/std,149504,1.1035183668136597
PPO_13,train/std,151552,1.1062055826187134
PPO_13,train/std,153600,1.109843134880066
PPO_13,train/std,155648,1.11345374584198
PPO_13,train/std,157696,1.1150057315826416
PPO_13,train/std,159744,1.1170814037322998
PPO_13,train/std,161792,1.1177394390106201
PPO_13,train/std,163840,1.1226636171340942
PPO_13,train/std,165888,1.1237150430679321
PPO_13,train/std,167936,1.1250094175338745
PPO_13,train/std,169984,1.1223371028900146
PPO_13,train/std,172032,1.1244592666625977
PPO_13,train/std,174080,1.1280747652053833
PPO_13,train/std,176128,1.1280839443206787
PPO_13,train/std,178176,1.1281511783599854
PPO_13,train/std,180224,1.1326982975006104
PPO_13,train/std,182272,1.136923909187317
PPO_13,train/std,184320,1.1390643119812012
PPO_13,train/std,186368,1.1396563053131104
PPO_13,train/std,188416,1.1453735828399658
PPO_13,train/std,190464,1.1493268013000488
PPO_13,train/std,192512,1.150956630706787
PPO_13,train/std,194560,1.1552352905273438
PPO_13,train/std,196608,1.1554749011993408
PPO_13,train/std,198656,1.15791916847229
PPO_13,train/std,200704,1.1584287881851196
PPO_13,train/std,202752,1.1607192754745483
PPO_13,train/std,204800,1.1650274991989136
PPO_13,train/std,206848,1.1643707752227783
PPO_13,train/std,208896,1.1666823625564575
PPO_13,train/std,210944,1.1683108806610107
PPO_13,train/std,212992,1.1700040102005005
PPO_13,train/std,215040,1.168984293937683
PPO_13,train/std,217088,1.1707597970962524
PPO_13,train/std,219136,1.1720354557037354
PPO_13,train/std,221184,1.1749963760375977
PPO_13,train/std,223232,1.1783678531646729
PPO_13,train/std,225280,1.178240180015564
PPO_13,train/std,227328,1.1773196458816528
PPO_13,train/std,229376,1.1798827648162842
PPO_13,train/std,231424,1.1792099475860596
PPO_13,train/std,233472,1.1789995431900024
PPO_13,train/std,235520,1.1820911169052124
PPO_13,train/std,237568,1.1855698823928833
PPO_13,train/std,239616,1.1873087882995605
PPO_13,train/std,241664,1.1899244785308838
PPO_13,train/std,243712,1.192716121673584
PPO_13,train/std,245760,1.1948542594909668
PPO_13,train/std,247808,1.1995054483413696
PPO_13,train/std,249856,1.2004190683364868
PPO_13,train/std,251904,1.204969882965088
PPO_13,train/std,253952,1.2060738801956177
PPO_13,train/std,256000,1.208467960357666
PPO_13,train/std,258048,1.2096177339553833
PPO_13,train/std,260096,1.212971806526184
PPO_13,train/std,262144,1.213914155960083
PPO_13,train/std,264192,1.216523289680481
PPO_13,train/std,266240,1.218387246131897
PPO_13,train/std,268288,1.2195087671279907
PPO_13,train/std,270336,1.2195872068405151
PPO_13,train/std,272384,1.221786379814148
PPO_13,train/std,274432,1.2243454456329346
PPO_13,train/std,276480,1.226959228515625
PPO_13,train/std,278528,1.2344621419906616
PPO_13,train/std,280576,1.2392592430114746
PPO_13,train/std,282624,1.2414450645446777
PPO_13,train/std,284672,1.2426328659057617
PPO_13,train/std,286720,1.24456787109375
PPO_13,train/std,288768,1.247168779373169
PPO_13,train/std,290816,1.251183271408081
PPO_13,train/std,292864,1.2537227869033813
PPO_13,train/std,294912,1.2570489645004272
PPO_13,train/std,296960,1.256839632987976
PPO_13,train/std,299008,1.2594072818756104
PPO_13,train/std,301056,1.2621920108795166
PPO_13,train/value_loss,4096,0.5477180480957031
PPO_13,train/value_loss,6144,0.0798163041472435
PPO_13,train/value_loss,8192,0.07268818467855453
PPO_13,train/value_loss,10240,0.03972506523132324
PPO_13,train/value_loss,12288,0.05121352896094322
PPO_13,train/value_loss,14336,0.038978151977062225
PPO_13,train/value_loss,16384,0.044891808182001114
PPO_13,train/value_loss,18432,0.037175241857767105
PPO_13,train/value_loss,20480,0.02971848100423813
PPO_13,train/value_loss,22528,0.02248986065387726
PPO_13,train/value_loss,24576,0.03350894898176193
PPO_13,train/value_loss,26624,0.03918835520744324
PPO_13,train/value_loss,28672,0.01992492564022541
PPO_13,train/value_loss,30720,0.019578460603952408
PPO_13,train/value_loss,32768,0.01738160103559494
PPO_13,train/value_loss,34816,0.020670166239142418
PPO_13,train/value_loss,36864,0.01827925071120262
PPO_13,train/value_loss,38912,0.013676036149263382
PPO_13,train/value_loss,40960,0.01985851489007473
PPO_13,train/value_loss,43008,0.02531660720705986
PPO_13,train/value_loss,45056,0.019252274185419083
PPO_13,train/value_loss,47104,0.018190255388617516
PPO_13,train/value_loss,49152,0.01722988300025463
PPO_13,train/value_loss,51200,0.009942014701664448
PPO_13,train/value_loss,53248,0.012362631969153881
PPO_13,train/value_loss,55296,0.013282773084938526
PPO_13,train/value_loss,57344,0.013716824352741241
PPO_13,train/value_loss,59392,0.007649203762412071
PPO_13,train/value_loss,61440,0.00840259250253439
PPO_13,train/value_loss,63488,0.00852159783244133
PPO_13,train/value_loss,65536,0.008049189113080502
PPO_13,train/value_loss,67584,0.006472588051110506
PPO_13,train/value_loss,69632,0.007304233033210039
PPO_13,train/value_loss,71680,0.01844620332121849
PPO_13,train/value_loss,73728,0.006447476800531149
PPO_13,train/value_loss,75776,0.005451919045299292
PPO_13,train/value_loss,77824,0.0103352852165699
PPO_13,train/value_loss,79872,0.009394314140081406
PPO_13,train/value_loss,81920,0.005088300909847021
PPO_13,train/value_loss,83968,0.010713567025959492
PPO_13,train/value_loss,86016,0.004561511799693108
PPO_13,train/value_loss,88064,0.004935404285788536
PPO_13,train/value_loss,90112,0.0052698515355587006
PPO_13,train/value_loss,92160,0.005953623913228512
PPO_13,train/value_loss,94208,0.005227880552411079
PPO_13,train/value_loss,96256,0.005129105411469936
PPO_13,train/value_loss,98304,0.010249895974993706
PPO_13,train/value_loss,100352,0.013194164261221886
PPO_13,train/value_loss,102400,0.0039692651480436325
PPO_13,train/value_loss,104448,0.005253254901617765
PPO_13,train/value_loss,106496,0.005746126174926758
PPO_13,train/value_loss,108544,0.004352806136012077
PPO_13,train/value_loss,110592,0.00380272907204926
PPO_13,train/value_loss,112640,0.0038201839197427034
PPO_13,train/value_loss,114688,0.003180035389959812
PPO_13,train/value_loss,116736,0.003657412016764283
PPO_13,train/value_loss,118784,0.002354356925934553
PPO_13,train/value_loss,120832,0.0030450387857854366
PPO_13,train/value_loss,122880,0.002448644954711199
PPO_13,train/value_loss,124928,0.003684990108013153
PPO_13,train/value_loss,126976,0.007600523065775633
PPO_13,train/value_loss,129024,0.002939772792160511
PPO_13,train/value_loss,131072,0.00355346011929214
PPO_13,train/value_loss,133120,0.0026781782507896423
PPO_13,train/value_loss,135168,0.0018748496659100056
PPO_13,train/value_loss,137216,0.005948654841631651
PPO_13,train/value_loss,139264,0.0030501338187605143
PPO_13,train/value_loss,141312,0.004969446454197168
PPO_13,train/value_loss,143360,0.0033726601395756006
PPO_13,train/value_loss,145408,0.002413714537397027
PPO_13,train/value_loss,147456,0.002807888900861144
PPO_13,train/value_loss,149504,0.002107134787365794
PPO_13,train/value_loss,151552,0.0024921386502683163
PPO_13,train/value_loss,153600,0.002270979341119528
PPO_13,train/value_loss,155648,0.0024418856482952833
PPO_13,train/value_loss,157696,0.0018383546266704798
PPO_13,train/value_loss,159744,0.0038588610477745533
PPO_13,train/value_loss,161792,0.001832240610383451
PPO_13,train/value_loss,163840,0.002173057058826089
PPO_13,train/value_loss,165888,0.0025521889328956604
PPO_13,train/value_loss,167936,0.001756480778567493
PPO_13,train/value_loss,169984,0.002941837767139077
PPO_13,train/value_loss,172032,0.0012912305537611246
PPO_13,train/value_loss,174080,0.0016462095081806183
PPO_13,train/value_loss,176128,0.0014858259819447994
PPO_13,train/value_loss,178176,0.013116218149662018
PPO_13,train/value_loss,180224,0.005601012613624334
PPO_13,train/value_loss,182272,0.003144604153931141
PPO_13,train/value_loss,184320,0.0018641446949914098
PPO_13,train/value_loss,186368,0.0013741166330873966
PPO_13,train/value_loss,188416,0.002247136551886797
PPO_13,train/value_loss,190464,0.004415608011186123
PPO_13,train/value_loss,192512,0.0013803178444504738
PPO_13,train/value_loss,194560,0.0017994454829022288
PPO_13,train/value_loss,196608,0.0012354045175015926
PPO_13,train/value_loss,198656,0.0009812602074816823
PPO_13,train/value_loss,200704,0.0011575613170862198
PPO_13,train/value_loss,202752,0.0013672525528818369
PPO_13,train/value_loss,204800,0.0014052290935069323
PPO_13,train/value_loss,206848,0.0024427883327007294
PPO_13,train/value_loss,208896,0.0018349969759583473
PPO_13,train/value_loss,210944,0.001067279721610248
PPO_13,train/value_loss,212992,0.0016452244017273188
PPO_13,train/value_loss,215040,0.0013798692962154746
PPO_13,train/value_loss,217088,0.001975682098418474
PPO_13,train/value_loss,219136,0.0014398618368431926
PPO_13,train/value_loss,221184,0.00956137664616108
PPO_13,train/value_loss,223232,0.0015653595328330994
PPO_13,train/value_loss,225280,0.0016329424688592553
PPO_13,train/value_loss,227328,0.003343496937304735
PPO_13,train/value_loss,229376,0.001469014910981059
PPO_13,train/value_loss,231424,0.0048388466238975525
PPO_13,train/value_loss,233472,0.0010151381138712168
PPO_13,train/value_loss,235520,0.002468900987878442
PPO_13,train/value_loss,237568,0.0015687376726418734
PPO_13,train/value_loss,239616,0.0009142303606495261
PPO_13,train/value_loss,241664,0.0011440673843026161
PPO_13,train/value_loss,243712,0.0018473891541361809
PPO_13,train/value_loss,245760,0.0011075848015025258
PPO_13,train/value_loss,247808,0.004017584957182407
PPO_13,train/value_loss,249856,0.0026806509122252464
PPO_13,train/value_loss,251904,0.001385285286232829
PPO_13,train/value_loss,253952,0.0009781817207112908
PPO_13,train/value_loss,256000,0.0013307298067957163
PPO_13,train/value_loss,258048,0.0012724659172818065
PPO_13,train/value_loss,260096,0.0009705458651296794
PPO_13,train/value_loss,262144,0.0020519192330539227
PPO_13,train/value_loss,264192,0.0014227315550670028
PPO_13,train/value_loss,266240,0.0006975128781050444
PPO_13,train/value_loss,268288,0.002603552071377635
PPO_13,train/value_loss,270336,0.0011917105875909328
PPO_13,train/value_loss,272384,0.0013699647970497608
PPO_13,train/value_loss,274432,0.0008461290271952748
PPO_13,train/value_loss,276480,0.0012184458319097757
PPO_13,train/value_loss,278528,0.006789700128138065
PPO_13,train/value_loss,280576,0.00433763861656189
PPO_13,train/value_loss,282624,0.0007399217574857175
PPO_13,train/value_loss,284672,0.0013907206011936069
PPO_13,train/value_loss,286720,0.001208632835187018
PPO_13,train/value_loss,288768,0.0010626409202814102
PPO_13,train/value_loss,290816,0.0010422086343169212
PPO_13,train/value_loss,292864,0.0013102280208840966
PPO_13,train/value_loss,294912,0.0022209996823221445
PPO_13,train/value_loss,296960,0.0011170648504048586
PPO_13,train/value_loss,299008,0.0011750975390896201
PPO_13,train/value_loss,301056,0.0013641903642565012
PPO_2,time/fps,2048,1493.0
PPO_2,time/fps,4096,1401.0
PPO_2,time/fps,6144,1376.0
PPO_2,time/fps,8192,1365.0
PPO_2,time/fps,10240,1351.0
PPO_2,time/fps,12288,1351.0
PPO_2,time/fps,14336,1349.0
PPO_2,time/fps,16384,1349.0
PPO_2,time/fps,18432,1348.0
PPO_2,time/fps,20480,1335.0
PPO_2,time/fps,22528,1321.0
PPO_2,time/fps,24576,1310.0
PPO_2,time/fps,26624,1309.0
PPO_2,time/fps,28672,1307.0
PPO_2,time/fps,30720,1306.0
PPO_2,time/fps,32768,1304.0
PPO_2,time/fps,34816,1305.0
PPO_2,time/fps,36864,1300.0
PPO_2,time/fps,38912,1300.0
PPO_2,time/fps,40960,1300.0
PPO_2,time/fps,43008,1300.0
PPO_2,time/fps,45056,1302.0
PPO_2,time/fps,47104,1302.0
PPO_2,time/fps,49152,1302.0
PPO_2,time/fps,51200,1304.0
PPO_2,time/fps,53248,1304.0
PPO_2,time/fps,55296,1305.0
PPO_2,time/fps,57344,1306.0
PPO_2,time/fps,59392,1306.0
PPO_2,time/fps,61440,1306.0
PPO_2,time/fps,63488,1307.0
PPO_2,time/fps,65536,1307.0
PPO_2,time/fps,67584,1307.0
PPO_2,time/fps,69632,1308.0
PPO_2,time/fps,71680,1308.0
PPO_2,time/fps,73728,1307.0
PPO_2,time/fps,75776,1307.0
PPO_2,time/fps,77824,1308.0
PPO_2,time/fps,79872,1308.0
PPO_2,time/fps,81920,1309.0
PPO_2,time/fps,83968,1307.0
PPO_2,time/fps,86016,1302.0
PPO_2,time/fps,88064,1298.0
PPO_2,time/fps,90112,1298.0
PPO_2,time/fps,92160,1298.0
PPO_2,time/fps,94208,1298.0
PPO_2,time/fps,96256,1294.0
PPO_2,time/fps,98304,1294.0
PPO_2,time/fps,100352,1293.0
PPO_2,time/fps,102400,1293.0
PPO_2,time/fps,104448,1293.0
PPO_2,time/fps,106496,1293.0
PPO_2,time/fps,108544,1293.0
PPO_2,time/fps,110592,1293.0
PPO_2,time/fps,112640,1294.0
PPO_2,time/fps,114688,1294.0
PPO_2,time/fps,116736,1293.0
PPO_2,time/fps,118784,1294.0
PPO_2,time/fps,120832,1295.0
PPO_2,time/fps,122880,1295.0
PPO_2,time/fps,124928,1295.0
PPO_2,time/fps,126976,1295.0
PPO_2,time/fps,129024,1295.0
PPO_2,time/fps,131072,1295.0
PPO_2,time/fps,133120,1295.0
PPO_2,time/fps,135168,1296.0
PPO_2,time/fps,137216,1295.0
PPO_2,time/fps,139264,1293.0
PPO_2,time/fps,141312,1292.0
PPO_2,time/fps,143360,1293.0
PPO_2,time/fps,145408,1293.0
PPO_2,time/fps,147456,1293.0
PPO_2,time/fps,149504,1293.0
PPO_2,time/fps,151552,1294.0
PPO_2,time/fps,153600,1292.0
PPO_2,time/fps,155648,1293.0
PPO_2,time/fps,157696,1293.0
PPO_2,time/fps,159744,1293.0
PPO_2,time/fps,161792,1293.0
PPO_2,time/fps,163840,1293.0
PPO_2,time/fps,165888,1294.0
PPO_2,time/fps,167936,1294.0
PPO_2,time/fps,169984,1293.0
PPO_2,time/fps,172032,1291.0
PPO_2,time/fps,174080,1290.0
PPO_2,time/fps,176128,1289.0
PPO_2,time/fps,178176,1287.0
PPO_2,time/fps,180224,1287.0
PPO_2,time/fps,182272,1286.0
PPO_2,time/fps,184320,1284.0
PPO_2,time/fps,186368,1283.0
PPO_2,time/fps,188416,1282.0
PPO_2,time/fps,190464,1281.0
PPO_2,time/fps,192512,1282.0
PPO_2,time/fps,194560,1280.0
PPO_2,time/fps,196608,1280.0
PPO_2,time/fps,198656,1279.0
PPO_2,time/fps,200704,1278.0
PPO_2,time/fps,202752,1277.0
PPO_2,time/fps,204800,1276.0
PPO_2,time/fps,206848,1275.0
PPO_2,time/fps,208896,1274.0
PPO_2,time/fps,210944,1273.0
PPO_2,time/fps,212992,1272.0
PPO_2,time/fps,215040,1271.0
PPO_2,time/fps,217088,1272.0
PPO_2,time/fps,219136,1271.0
PPO_2,time/fps,221184,1270.0
PPO_2,time/fps,223232,1270.0
PPO_2,time/fps,225280,1270.0
PPO_2,time/fps,227328,1271.0
PPO_2,time/fps,229376,1271.0
PPO_2,time/fps,231424,1271.0
PPO_2,time/fps,233472,1271.0
PPO_2,time/fps,235520,1271.0
PPO_2,time/fps,237568,1271.0
PPO_2,time/fps,239616,1272.0
PPO_2,time/fps,241664,1272.0
PPO_2,time/fps,243712,1271.0
PPO_2,time/fps,245760,1270.0
PPO_2,time/fps,247808,1270.0
PPO_2,time/fps,249856,1270.0
PPO_2,time/fps,251904,1271.0
PPO_2,time/fps,253952,1271.0
PPO_2,time/fps,256000,1271.0
PPO_2,time/fps,258048,1271.0
PPO_2,time/fps,260096,1272.0
PPO_2,time/fps,262144,1272.0
PPO_2,time/fps,264192,1272.0
PPO_2,time/fps,266240,1272.0
PPO_2,time/fps,268288,1273.0
PPO_2,time/fps,270336,1273.0
PPO_2,time/fps,272384,1273.0
PPO_2,time/fps,274432,1272.0
PPO_2,time/fps,276480,1272.0
PPO_2,time/fps,278528,1272.0
PPO_2,time/fps,280576,1270.0
PPO_2,time/fps,282624,1270.0
PPO_2,time/fps,284672,1271.0
PPO_2,time/fps,286720,1271.0
PPO_2,time/fps,288768,1271.0
PPO_2,time/fps,290816,1272.0
PPO_2,time/fps,292864,1272.0
PPO_2,time/fps,294912,1272.0
PPO_2,time/fps,296960,1272.0
PPO_2,time/fps,299008,1272.0
PPO_2,time/fps,301056,1272.0
PPO_2,train/approx_kl,4096,0.012684577144682407
PPO_2,train/approx_kl,6144,0.013147642835974693
PPO_2,train/approx_kl,8192,0.015257902443408966
PPO_2,train/approx_kl,10240,0.013452084735035896
PPO_2,train/approx_kl,12288,0.012884851545095444
PPO_2,train/approx_kl,14336,0.014717109501361847
PPO_2,train/approx_kl,16384,0.015906592831015587
PPO_2,train/approx_kl,18432,0.013542791828513145
PPO_2,train/approx_kl,20480,0.013621157966554165
PPO_2,train/approx_kl,22528,0.01565556786954403
PPO_2,train/approx_kl,24576,0.016047758981585503
PPO_2,train/approx_kl,26624,0.01446000300347805
PPO_2,train/approx_kl,28672,0.015430836006999016
PPO_2,train/approx_kl,30720,0.0138938520103693
PPO_2,train/approx_kl,32768,0.014779927209019661
PPO_2,train/approx_kl,34816,0.015313168987631798
PPO_2,train/approx_kl,36864,0.013958724215626717
PPO_2,train/approx_kl,38912,0.014193607494235039
PPO_2,train/approx_kl,40960,0.014202069491147995
PPO_2,train/approx_kl,43008,0.01536171417683363
PPO_2,train/approx_kl,45056,0.01576705276966095
PPO_2,train/approx_kl,47104,0.011942797340452671
PPO_2,train/approx_kl,49152,0.01486140862107277
PPO_2,train/approx_kl,51200,0.01420739945024252
PPO_2,train/approx_kl,53248,0.01419004611670971
PPO_2,train/approx_kl,55296,0.014033474028110504
PPO_2,train/approx_kl,57344,0.01560838334262371
PPO_2,train/approx_kl,59392,0.014607690274715424
PPO_2,train/approx_kl,61440,0.01411011628806591
PPO_2,train/approx_kl,63488,0.01679423451423645
PPO_2,train/approx_kl,65536,0.015751134604215622
PPO_2,train/approx_kl,67584,0.01696307212114334
PPO_2,train/approx_kl,69632,0.014509671367704868
PPO_2,train/approx_kl,71680,0.016880109906196594
PPO_2,train/approx_kl,73728,0.012373341247439384
PPO_2,train/approx_kl,75776,0.01699940860271454
PPO_2,train/approx_kl,77824,0.014135276898741722
PPO_2,train/approx_kl,79872,0.015509698539972305
PPO_2,train/approx_kl,81920,0.014891566708683968
PPO_2,train/approx_kl,83968,0.014604002237319946
PPO_2,train/approx_kl,86016,0.01628953590989113
PPO_2,train/approx_kl,88064,0.017155271023511887
PPO_2,train/approx_kl,90112,0.018313884735107422
PPO_2,train/approx_kl,92160,0.015745703130960464
PPO_2,train/approx_kl,94208,0.016893230378627777
PPO_2,train/approx_kl,96256,0.01647477224469185
PPO_2,train/approx_kl,98304,0.016133977100253105
PPO_2,train/approx_kl,100352,0.01745196245610714
PPO_2,train/approx_kl,102400,0.0160093754529953
PPO_2,train/approx_kl,104448,0.016079235821962357
PPO_2,train/approx_kl,106496,0.01525998767465353
PPO_2,train/approx_kl,108544,0.01678364723920822
PPO_2,train/approx_kl,110592,0.015645761042833328
PPO_2,train/approx_kl,112640,0.015736926347017288
PPO_2,train/approx_kl,114688,0.016370117664337158
PPO_2,train/approx_kl,116736,0.016232851892709732
PPO_2,train/approx_kl,118784,0.016577141359448433
PPO_2,train/approx_kl,120832,0.014696396887302399
PPO_2,train/approx_kl,122880,0.016223788261413574
PPO_2,train/approx_kl,124928,0.015368539839982986
PPO_2,train/approx_kl,126976,0.01801907643675804
PPO_2,train/approx_kl,129024,0.017233818769454956
PPO_2,train/approx_kl,131072,0.01778034307062626
PPO_2,train/approx_kl,133120,0.014101067557930946
PPO_2,train/approx_kl,135168,0.016186412423849106
PPO_2,train/approx_kl,137216,0.016672231256961823
PPO_2,train/approx_kl,139264,0.017783725634217262
PPO_2,train/approx_kl,141312,0.015785034745931625
PPO_2,train/approx_kl,143360,0.015218517743051052
PPO_2,train/approx_kl,145408,0.014239255338907242
PPO_2,train/approx_kl,147456,0.017659155651926994
PPO_2,train/approx_kl,149504,0.014073574915528297
PPO_2,train/approx_kl,151552,0.018239742144942284
PPO_2,train/approx_kl,153600,0.016786320134997368
PPO_2,train/approx_kl,155648,0.014652477577328682
PPO_2,train/approx_kl,157696,0.017588019371032715
PPO_2,train/approx_kl,159744,0.015091156587004662
PPO_2,train/approx_kl,161792,0.014577323570847511
PPO_2,train/approx_kl,163840,0.015922948718070984
PPO_2,train/approx_kl,165888,0.015221082605421543
PPO_2,train/approx_kl,167936,0.013333188369870186
PPO_2,train/approx_kl,169984,0.016782300546765327
PPO_2,train/approx_kl,172032,0.018052686005830765
PPO_2,train/approx_kl,174080,0.016940362751483917
PPO_2,train/approx_kl,176128,0.016583280637860298
PPO_2,train/approx_kl,178176,0.017165251076221466
PPO_2,train/approx_kl,180224,0.0174881499260664
PPO_2,train/approx_kl,182272,0.01743675023317337
PPO_2,train/approx_kl,184320,0.017168162390589714
PPO_2,train/approx_kl,186368,0.018324799835681915
PPO_2,train/approx_kl,188416,0.015717076137661934
PPO_2,train/approx_kl,190464,0.01565975323319435
PPO_2,train/approx_kl,192512,0.016577422618865967
PPO_2,train/approx_kl,194560,0.01666964776813984
PPO_2,train/approx_kl,196608,0.020740579813718796
PPO_2,train/approx_kl,198656,0.018263522535562515
PPO_2,train/approx_kl,200704,0.016616318374872208
PPO_2,train/approx_kl,202752,0.015936708077788353
PPO_2,train/approx_kl,204800,0.016644224524497986
PPO_2,train/approx_kl,206848,0.01679665967822075
PPO_2,train/approx_kl,208896,0.017086844891309738
PPO_2,train/approx_kl,210944,0.0188828706741333
PPO_2,train/approx_kl,212992,0.01790323108434677
PPO_2,train/approx_kl,215040,0.01658078096807003
PPO_2,train/approx_kl,217088,0.02069278620183468
PPO_2,train/approx_kl,219136,0.015871768817305565
PPO_2,train/approx_kl,221184,0.018799860030412674
PPO_2,train/approx_kl,223232,0.018253665417432785
PPO_2,train/approx_kl,225280,0.015734318643808365
PPO_2,train/approx_kl,227328,0.017528805881738663
PPO_2,train/approx_kl,229376,0.015908513218164444
PPO_2,train/approx_kl,231424,0.019129253923892975
PPO_2,train/approx_kl,233472,0.017147133126854897
PPO_2,train/approx_kl,235520,0.01507699117064476
PPO_2,train/approx_kl,237568,0.015494800172746181
PPO_2,train/approx_kl,239616,0.020899206399917603
PPO_2,train/approx_kl,241664,0.016200169920921326
PPO_2,train/approx_kl,243712,0.018572857603430748
PPO_2,train/approx_kl,245760,0.018656982108950615
PPO_2,train/approx_kl,247808,0.019668156281113625
PPO_2,train/approx_kl,249856,0.0201382115483284
PPO_2,train/approx_kl,251904,0.015870213508605957
PPO_2,train/approx_kl,253952,0.0201120525598526
PPO_2,train/approx_kl,256000,0.017078524455428123
PPO_2,train/approx_kl,258048,0.01737144961953163
PPO_2,train/approx_kl,260096,0.018196627497673035
PPO_2,train/approx_kl,262144,0.016860079020261765
PPO_2,train/approx_kl,264192,0.017499485984444618
PPO_2,train/approx_kl,266240,0.017381243407726288
PPO_2,train/approx_kl,268288,0.018113117665052414
PPO_2,train/approx_kl,270336,0.01657094806432724
PPO_2,train/approx_kl,272384,0.016422461718320847
PPO_2,train/approx_kl,274432,0.018106428906321526
PPO_2,train/approx_kl,276480,0.017847497016191483
PPO_2,train/approx_kl,278528,0.018002402037382126
PPO_2,train/approx_kl,280576,0.01781511679291725
PPO_2,train/approx_kl,282624,0.018815919756889343
PPO_2,train/approx_kl,284672,0.01630084589123726
PPO_2,train/approx_kl,286720,0.020022917538881302
PPO_2,train/approx_kl,288768,0.01698274537920952
PPO_2,train/approx_kl,290816,0.01631004363298416
PPO_2,train/approx_kl,292864,0.019520021975040436
PPO_2,train/approx_kl,294912,0.017579011619091034
PPO_2,train/approx_kl,296960,0.016649413853883743
PPO_2,train/approx_kl,299008,0.018052320927381516
PPO_2,train/approx_kl,301056,0.01681821048259735
PPO_2,train/clip_fraction,4096,0.11586914211511612
PPO_2,train/clip_fraction,6144,0.10825195163488388
PPO_2,train/clip_fraction,8192,0.14521484076976776
PPO_2,train/clip_fraction,10240,0.11064453423023224
PPO_2,train/clip_fraction,12288,0.11152343451976776
PPO_2,train/clip_fraction,14336,0.13461914658546448
PPO_2,train/clip_fraction,16384,0.13911132514476776
PPO_2,train/clip_fraction,18432,0.11943359673023224
PPO_2,train/clip_fraction,20480,0.12841796875
PPO_2,train/clip_fraction,22528,0.16494140028953552
PPO_2,train/clip_fraction,24576,0.16757813096046448
PPO_2,train/clip_fraction,26624,0.13984374701976776
PPO_2,train/clip_fraction,28672,0.14199218153953552
PPO_2,train/clip_fraction,30720,0.13134765625
PPO_2,train/clip_fraction,32768,0.13168945908546448
PPO_2,train/clip_fraction,34816,0.13027343153953552
PPO_2,train/clip_fraction,36864,0.12910155951976776
PPO_2,train/clip_fraction,38912,0.13364258408546448
PPO_2,train/clip_fraction,40960,0.12905272841453552
PPO_2,train/clip_fraction,43008,0.14482422173023224
PPO_2,train/clip_fraction,45056,0.13984374701976776
PPO_2,train/clip_fraction,47104,0.10971679538488388
PPO_2,train/clip_fraction,49152,0.14663085341453552
PPO_2,train/clip_fraction,51200,0.12929686903953552
PPO_2,train/clip_fraction,53248,0.11982421576976776
PPO_2,train/clip_fraction,55296,0.115966796875
PPO_2,train/clip_fraction,57344,0.14887695014476776
PPO_2,train/clip_fraction,59392,0.13422851264476776
PPO_2,train/clip_fraction,61440,0.13637694716453552
PPO_2,train/clip_fraction,63488,0.14023438096046448
PPO_2,train/clip_fraction,65536,0.14785155653953552
PPO_2,train/clip_fraction,67584,0.17509765923023224
PPO_2,train/clip_fraction,69632,0.123046875
PPO_2,train/clip_fraction,71680,0.154541015625
PPO_2,train/clip_fraction,73728,0.10537109524011612
PPO_2,train/clip_fraction,75776,0.16748046875
PPO_2,train/clip_fraction,77824,0.15468749403953552
PPO_2,train/clip_fraction,79872,0.15214844048023224
PPO_2,train/clip_fraction,81920,0.14189453423023224
PPO_2,train/clip_fraction,83968,0.12226562201976776
PPO_2,train/clip_fraction,86016,0.18242187798023224
PPO_2,train/clip_fraction,88064,0.16733399033546448
PPO_2,train/clip_fraction,90112,0.171630859375
PPO_2,train/clip_fraction,92160,0.15903320908546448
PPO_2,train/clip_fraction,94208,0.17128905653953552
PPO_2,train/clip_fraction,96256,0.15019531548023224
PPO_2,train/clip_fraction,98304,0.16806641221046448
PPO_2,train/clip_fraction,100352,0.18535156548023224
PPO_2,train/clip_fraction,102400,0.16538086533546448
PPO_2,train/clip_fraction,104448,0.15410156548023224
PPO_2,train/clip_fraction,106496,0.1416015625
PPO_2,train/clip_fraction,108544,0.17124024033546448
PPO_2,train/clip_fraction,110592,0.15146484971046448
PPO_2,train/clip_fraction,112640,0.14892578125
PPO_2,train/clip_fraction,114688,0.17275390028953552
PPO_2,train/clip_fraction,116736,0.15327148139476776
PPO_2,train/clip_fraction,118784,0.17890624701976776
PPO_2,train/clip_fraction,120832,0.13295897841453552
PPO_2,train/clip_fraction,122880,0.15273436903953552
PPO_2,train/clip_fraction,124928,0.14213867485523224
PPO_2,train/clip_fraction,126976,0.17739257216453552
PPO_2,train/clip_fraction,129024,0.17333984375
PPO_2,train/clip_fraction,131072,0.16645507514476776
PPO_2,train/clip_fraction,133120,0.130615234375
PPO_2,train/clip_fraction,135168,0.15595702826976776
PPO_2,train/clip_fraction,137216,0.167724609375
PPO_2,train/clip_fraction,139264,0.18603515625
PPO_2,train/clip_fraction,141312,0.16000977158546448
PPO_2,train/clip_fraction,143360,0.12773437798023224
PPO_2,train/clip_fraction,145408,0.14121094346046448
PPO_2,train/clip_fraction,147456,0.15615233778953552
PPO_2,train/clip_fraction,149504,0.12421874701976776
PPO_2,train/clip_fraction,151552,0.17377929389476776
PPO_2,train/clip_fraction,153600,0.18149414658546448
PPO_2,train/clip_fraction,155648,0.13911132514476776
PPO_2,train/clip_fraction,157696,0.17202147841453552
PPO_2,train/clip_fraction,159744,0.13916015625
PPO_2,train/clip_fraction,161792,0.13198241591453552
PPO_2,train/clip_fraction,163840,0.15937499701976776
PPO_2,train/clip_fraction,165888,0.16025391221046448
PPO_2,train/clip_fraction,167936,0.15224608778953552
PPO_2,train/clip_fraction,169984,0.15634766221046448
PPO_2,train/clip_fraction,172032,0.16337890923023224
PPO_2,train/clip_fraction,174080,0.15483398735523224
PPO_2,train/clip_fraction,176128,0.14956054091453552
PPO_2,train/clip_fraction,178176,0.15292969346046448
PPO_2,train/clip_fraction,180224,0.166015625
PPO_2,train/clip_fraction,182272,0.16782227158546448
PPO_2,train/clip_fraction,184320,0.16347655653953552
PPO_2,train/clip_fraction,186368,0.17045898735523224
PPO_2,train/clip_fraction,188416,0.15058593451976776
PPO_2,train/clip_fraction,190464,0.14399413764476776
PPO_2,train/clip_fraction,192512,0.15229491889476776
PPO_2,train/clip_fraction,194560,0.16489258408546448
PPO_2,train/clip_fraction,196608,0.19912108778953552
PPO_2,train/clip_fraction,198656,0.16298827528953552
PPO_2,train/clip_fraction,200704,0.16777344048023224
PPO_2,train/clip_fraction,202752,0.153564453125
PPO_2,train/clip_fraction,204800,0.18007811903953552
PPO_2,train/clip_fraction,206848,0.16464844346046448
PPO_2,train/clip_fraction,208896,0.16425780951976776
PPO_2,train/clip_fraction,210944,0.15776367485523224
PPO_2,train/clip_fraction,212992,0.15122070908546448
PPO_2,train/clip_fraction,215040,0.173828125
PPO_2,train/clip_fraction,217088,0.20957031846046448
PPO_2,train/clip_fraction,219136,0.16655273735523224
PPO_2,train/clip_fraction,221184,0.16132812201976776
PPO_2,train/clip_fraction,223232,0.157958984375
PPO_2,train/clip_fraction,225280,0.14711913466453552
PPO_2,train/clip_fraction,227328,0.16249999403953552
PPO_2,train/clip_fraction,229376,0.14692382514476776
PPO_2,train/clip_fraction,231424,0.17963866889476776
PPO_2,train/clip_fraction,233472,0.173095703125
PPO_2,train/clip_fraction,235520,0.128173828125
PPO_2,train/clip_fraction,237568,0.16298827528953552
PPO_2,train/clip_fraction,239616,0.18852539360523224
PPO_2,train/clip_fraction,241664,0.14228515326976776
PPO_2,train/clip_fraction,243712,0.17958983778953552
PPO_2,train/clip_fraction,245760,0.17255859076976776
PPO_2,train/clip_fraction,247808,0.19208984076976776
PPO_2,train/clip_fraction,249856,0.18559570610523224
PPO_2,train/clip_fraction,251904,0.16279296576976776
PPO_2,train/clip_fraction,253952,0.17875976860523224
PPO_2,train/clip_fraction,256000,0.18979492783546448
PPO_2,train/clip_fraction,258048,0.17250975966453552
PPO_2,train/clip_fraction,260096,0.17241211235523224
PPO_2,train/clip_fraction,262144,0.166748046875
PPO_2,train/clip_fraction,264192,0.18544921278953552
PPO_2,train/clip_fraction,266240,0.14677734673023224
PPO_2,train/clip_fraction,268288,0.18403320014476776
PPO_2,train/clip_fraction,270336,0.15292969346046448
PPO_2,train/clip_fraction,272384,0.15556640923023224
PPO_2,train/clip_fraction,274432,0.18999023735523224
PPO_2,train/clip_fraction,276480,0.19003906846046448
PPO_2,train/clip_fraction,278528,0.18105468153953552
PPO_2,train/clip_fraction,280576,0.18330077826976776
PPO_2,train/clip_fraction,282624,0.17866210639476776
PPO_2,train/clip_fraction,284672,0.160888671875
PPO_2,train/clip_fraction,286720,0.17661133408546448
PPO_2,train/clip_fraction,288768,0.15170899033546448
PPO_2,train/clip_fraction,290816,0.16220703721046448
PPO_2,train/clip_fraction,292864,0.18720702826976776
PPO_2,train/clip_fraction,294912,0.16206054389476776
PPO_2,train/clip_fraction,296960,0.16352538764476776
PPO_2,train/clip_fraction,299008,0.17880859971046448
PPO_2,train/clip_fraction,301056,0.163330078125
PPO_2,train/clip_range,4096,0.20000000298023224
PPO_2,train/clip_range,6144,0.20000000298023224
PPO_2,train/clip_range,8192,0.20000000298023224
PPO_2,train/clip_range,10240,0.20000000298023224
PPO_2,train/clip_range,12288,0.20000000298023224
PPO_2,train/clip_range,14336,0.20000000298023224
PPO_2,train/clip_range,16384,0.20000000298023224
PPO_2,train/clip_range,18432,0.20000000298023224
PPO_2,train/clip_range,20480,0.20000000298023224
PPO_2,train/clip_range,22528,0.20000000298023224
PPO_2,train/clip_range,24576,0.20000000298023224
PPO_2,train/clip_range,26624,0.20000000298023224
PPO_2,train/clip_range,28672,0.20000000298023224
PPO_2,train/clip_range,30720,0.20000000298023224
PPO_2,train/clip_range,32768,0.20000000298023224
PPO_2,train/clip_range,34816,0.20000000298023224
PPO_2,train/clip_range,36864,0.20000000298023224
PPO_2,train/clip_range,38912,0.20000000298023224
PPO_2,train/clip_range,40960,0.20000000298023224
PPO_2,train/clip_range,43008,0.20000000298023224
PPO_2,train/clip_range,45056,0.20000000298023224
PPO_2,train/clip_range,47104,0.20000000298023224
PPO_2,train/clip_range,49152,0.20000000298023224
PPO_2,train/clip_range,51200,0.20000000298023224
PPO_2,train/clip_range,53248,0.20000000298023224
PPO_2,train/clip_range,55296,0.20000000298023224
PPO_2,train/clip_range,57344,0.20000000298023224
PPO_2,train/clip_range,59392,0.20000000298023224
PPO_2,train/clip_range,61440,0.20000000298023224
PPO_2,train/clip_range,63488,0.20000000298023224
PPO_2,train/clip_range,65536,0.20000000298023224
PPO_2,train/clip_range,67584,0.20000000298023224
PPO_2,train/clip_range,69632,0.20000000298023224
PPO_2,train/clip_range,71680,0.20000000298023224
PPO_2,train/clip_range,73728,0.20000000298023224
PPO_2,train/clip_range,75776,0.20000000298023224
PPO_2,train/clip_range,77824,0.20000000298023224
PPO_2,train/clip_range,79872,0.20000000298023224
PPO_2,train/clip_range,81920,0.20000000298023224
PPO_2,train/clip_range,83968,0.20000000298023224
PPO_2,train/clip_range,86016,0.20000000298023224
PPO_2,train/clip_range,88064,0.20000000298023224
PPO_2,train/clip_range,90112,0.20000000298023224
PPO_2,train/clip_range,92160,0.20000000298023224
PPO_2,train/clip_range,94208,0.20000000298023224
PPO_2,train/clip_range,96256,0.20000000298023224
PPO_2,train/clip_range,98304,0.20000000298023224
PPO_2,train/clip_range,100352,0.20000000298023224
PPO_2,train/clip_range,102400,0.20000000298023224
PPO_2,train/clip_range,104448,0.20000000298023224
PPO_2,train/clip_range,106496,0.20000000298023224
PPO_2,train/clip_range,108544,0.20000000298023224
PPO_2,train/clip_range,110592,0.20000000298023224
PPO_2,train/clip_range,112640,0.20000000298023224
PPO_2,train/clip_range,114688,0.20000000298023224
PPO_2,train/clip_range,116736,0.20000000298023224
PPO_2,train/clip_range,118784,0.20000000298023224
PPO_2,train/clip_range,120832,0.20000000298023224
PPO_2,train/clip_range,122880,0.20000000298023224
PPO_2,train/clip_range,124928,0.20000000298023224
PPO_2,train/clip_range,126976,0.20000000298023224
PPO_2,train/clip_range,129024,0.20000000298023224
PPO_2,train/clip_range,131072,0.20000000298023224
PPO_2,train/clip_range,133120,0.20000000298023224
PPO_2,train/clip_range,135168,0.20000000298023224
PPO_2,train/clip_range,137216,0.20000000298023224
PPO_2,train/clip_range,139264,0.20000000298023224
PPO_2,train/clip_range,141312,0.20000000298023224
PPO_2,train/clip_range,143360,0.20000000298023224
PPO_2,train/clip_range,145408,0.20000000298023224
PPO_2,train/clip_range,147456,0.20000000298023224
PPO_2,train/clip_range,149504,0.20000000298023224
PPO_2,train/clip_range,151552,0.20000000298023224
PPO_2,train/clip_range,153600,0.20000000298023224
PPO_2,train/clip_range,155648,0.20000000298023224
PPO_2,train/clip_range,157696,0.20000000298023224
PPO_2,train/clip_range,159744,0.20000000298023224
PPO_2,train/clip_range,161792,0.20000000298023224
PPO_2,train/clip_range,163840,0.20000000298023224
PPO_2,train/clip_range,165888,0.20000000298023224
PPO_2,train/clip_range,167936,0.20000000298023224
PPO_2,train/clip_range,169984,0.20000000298023224
PPO_2,train/clip_range,172032,0.20000000298023224
PPO_2,train/clip_range,174080,0.20000000298023224
PPO_2,train/clip_range,176128,0.20000000298023224
PPO_2,train/clip_range,178176,0.20000000298023224
PPO_2,train/clip_range,180224,0.20000000298023224
PPO_2,train/clip_range,182272,0.20000000298023224
PPO_2,train/clip_range,184320,0.20000000298023224
PPO_2,train/clip_range,186368,0.20000000298023224
PPO_2,train/clip_range,188416,0.20000000298023224
PPO_2,train/clip_range,190464,0.20000000298023224
PPO_2,train/clip_range,192512,0.20000000298023224
PPO_2,train/clip_range,194560,0.20000000298023224
PPO_2,train/clip_range,196608,0.20000000298023224
PPO_2,train/clip_range,198656,0.20000000298023224
PPO_2,train/clip_range,200704,0.20000000298023224
PPO_2,train/clip_range,202752,0.20000000298023224
PPO_2,train/clip_range,204800,0.20000000298023224
PPO_2,train/clip_range,206848,0.20000000298023224
PPO_2,train/clip_range,208896,0.20000000298023224
PPO_2,train/clip_range,210944,0.20000000298023224
PPO_2,train/clip_range,212992,0.20000000298023224
PPO_2,train/clip_range,215040,0.20000000298023224
PPO_2,train/clip_range,217088,0.20000000298023224
PPO_2,train/clip_range,219136,0.20000000298023224
PPO_2,train/clip_range,221184,0.20000000298023224
PPO_2,train/clip_range,223232,0.20000000298023224
PPO_2,train/clip_range,225280,0.20000000298023224
PPO_2,train/clip_range,227328,0.20000000298023224
PPO_2,train/clip_range,229376,0.20000000298023224
PPO_2,train/clip_range,231424,0.20000000298023224
PPO_2,train/clip_range,233472,0.20000000298023224
PPO_2,train/clip_range,235520,0.20000000298023224
PPO_2,train/clip_range,237568,0.20000000298023224
PPO_2,train/clip_range,239616,0.20000000298023224
PPO_2,train/clip_range,241664,0.20000000298023224
PPO_2,train/clip_range,243712,0.20000000298023224
PPO_2,train/clip_range,245760,0.20000000298023224
PPO_2,train/clip_range,247808,0.20000000298023224
PPO_2,train/clip_range,249856,0.20000000298023224
PPO_2,train/clip_range,251904,0.20000000298023224
PPO_2,train/clip_range,253952,0.20000000298023224
PPO_2,train/clip_range,256000,0.20000000298023224
PPO_2,train/clip_range,258048,0.20000000298023224
PPO_2,train/clip_range,260096,0.20000000298023224
PPO_2,train/clip_range,262144,0.20000000298023224
PPO_2,train/clip_range,264192,0.20000000298023224
PPO_2,train/clip_range,266240,0.20000000298023224
PPO_2,train/clip_range,268288,0.20000000298023224
PPO_2,train/clip_range,270336,0.20000000298023224
PPO_2,train/clip_range,272384,0.20000000298023224
PPO_2,train/clip_range,274432,0.20000000298023224
PPO_2,train/clip_range,276480,0.20000000298023224
PPO_2,train/clip_range,278528,0.20000000298023224
PPO_2,train/clip_range,280576,0.20000000298023224
PPO_2,train/clip_range,282624,0.20000000298023224
PPO_2,train/clip_range,284672,0.20000000298023224
PPO_2,train/clip_range,286720,0.20000000298023224
PPO_2,train/clip_range,288768,0.20000000298023224
PPO_2,train/clip_range,290816,0.20000000298023224
PPO_2,train/clip_range,292864,0.20000000298023224
PPO_2,train/clip_range,294912,0.20000000298023224
PPO_2,train/clip_range,296960,0.20000000298023224
PPO_2,train/clip_range,299008,0.20000000298023224
PPO_2,train/clip_range,301056,0.20000000298023224
PPO_2,train/entropy_loss,4096,-22.700294494628906
PPO_2,train/entropy_loss,6144,-22.719438552856445
PPO_2,train/entropy_loss,8192,-22.74695587158203
PPO_2,train/entropy_loss,10240,-22.770883560180664
PPO_2,train/entropy_loss,12288,-22.80103874206543
PPO_2,train/entropy_loss,14336,-22.843652725219727
PPO_2,train/entropy_loss,16384,-22.8765869140625
PPO_2,train/entropy_loss,18432,-22.907438278198242
PPO_2,train/entropy_loss,20480,-22.927061080932617
PPO_2,train/entropy_loss,22528,-22.949935913085938
PPO_2,train/entropy_loss,24576,-22.982131958007812
PPO_2,train/entropy_loss,26624,-22.988262176513672
PPO_2,train/entropy_loss,28672,-22.995004653930664
PPO_2,train/entropy_loss,30720,-23.00861167907715
PPO_2,train/entropy_loss,32768,-23.004636764526367
PPO_2,train/entropy_loss,34816,-23.020132064819336
PPO_2,train/entropy_loss,36864,-23.049968719482422
PPO_2,train/entropy_loss,38912,-23.072175979614258
PPO_2,train/entropy_loss,40960,-23.103700637817383
PPO_2,train/entropy_loss,43008,-23.150253295898438
PPO_2,train/entropy_loss,45056,-23.17629623413086
PPO_2,train/entropy_loss,47104,-23.19496726989746
PPO_2,train/entropy_loss,49152,-23.21977996826172
PPO_2,train/entropy_loss,51200,-23.249378204345703
PPO_2,train/entropy_loss,53248,-23.274436950683594
PPO_2,train/entropy_loss,55296,-23.313922882080078
PPO_2,train/entropy_loss,57344,-23.34862518310547
PPO_2,train/entropy_loss,59392,-23.363264083862305
PPO_2,train/entropy_loss,61440,-23.376359939575195
PPO_2,train/entropy_loss,63488,-23.402095794677734
PPO_2,train/entropy_loss,65536,-23.431053161621094
PPO_2,train/entropy_loss,67584,-23.45327377319336
PPO_2,train/entropy_loss,69632,-23.50640106201172
PPO_2,train/entropy_loss,71680,-23.557804107666016
PPO_2,train/entropy_loss,73728,-23.587080001831055
PPO_2,train/entropy_loss,75776,-23.607934951782227
PPO_2,train/entropy_loss,77824,-23.58954620361328
PPO_2,train/entropy_loss,79872,-23.57992172241211
PPO_2,train/entropy_loss,81920,-23.570682525634766
PPO_2,train/entropy_loss,83968,-23.575885772705078
PPO_2,train/entropy_loss,86016,-23.57377052307129
PPO_2,train/entropy_loss,88064,-23.585872650146484
PPO_2,train/entropy_loss,90112,-23.6329402923584
PPO_2,train/entropy_loss,92160,-23.67693519592285
PPO_2,train/entropy_loss,94208,-23.696672439575195
PPO_2,train/entropy_loss,96256,-23.738380432128906
PPO_2,train/entropy_loss,98304,-23.771684646606445
PPO_2,train/entropy_loss,100352,-23.800846099853516
PPO_2,train/entropy_loss,102400,-23.83051109313965
PPO_2,train/entropy_loss,104448,-23.86577606201172
PPO_2,train/entropy_loss,106496,-23.87388038635254
PPO_2,train/entropy_loss,108544,-23.86591148376465
PPO_2,train/entropy_loss,110592,-23.87529945373535
PPO_2,train/entropy_loss,112640,-23.92378044128418
PPO_2,train/entropy_loss,114688,-23.98863983154297
PPO_2,train/entropy_loss,116736,-24.030973434448242
PPO_2,train/entropy_loss,118784,-24.05428695678711
PPO_2,train/entropy_loss,120832,-24.06612777709961
PPO_2,train/entropy_loss,122880,-24.11007308959961
PPO_2,train/entropy_loss,124928,-24.149900436401367
PPO_2,train/entropy_loss,126976,-24.20414161682129
PPO_2,train/entropy_loss,129024,-24.210275650024414
PPO_2,train/entropy_loss,131072,-24.219026565551758
PPO_2,train/entropy_loss,133120,-24.259857177734375
PPO_2,train/entropy_loss,135168,-24.29781723022461
PPO_2,train/entropy_loss,137216,-24.328645706176758
PPO_2,train/entropy_loss,139264,-24.368406295776367
PPO_2,train/entropy_loss,141312,-24.406330108642578
PPO_2,train/entropy_loss,143360,-24.473352432250977
PPO_2,train/entropy_loss,145408,-24.545015335083008
PPO_2,train/entropy_loss,147456,-24.593870162963867
PPO_2,train/entropy_loss,149504,-24.642658233642578
PPO_2,train/entropy_loss,151552,-24.68837547302246
PPO_2,train/entropy_loss,153600,-24.726863861083984
PPO_2,train/entropy_loss,155648,-24.751651763916016
PPO_2,train/entropy_loss,157696,-24.783042907714844
PPO_2,train/entropy_loss,159744,-24.825084686279297
PPO_2,train/entropy_loss,161792,-24.890300750732422
PPO_2,train/entropy_loss,163840,-24.930727005004883
PPO_2,train/entropy_loss,165888,-24.926855087280273
PPO_2,train/entropy_loss,167936,-24.952465057373047
PPO_2,train/entropy_loss,169984,-25.004735946655273
PPO_2,train/entropy_loss,172032,-25.075824737548828
PPO_2,train/entropy_loss,174080,-25.109294891357422
PPO_2,train/entropy_loss,176128,-25.12786865234375
PPO_2,train/entropy_loss,178176,-25.16876983642578
PPO_2,train/entropy_loss,180224,-25.205446243286133
PPO_2,train/entropy_loss,182272,-25.243083953857422
PPO_2,train/entropy_loss,184320,-25.2889347076416
PPO_2,train/entropy_loss,186368,-25.30375099182129
PPO_2,train/entropy_loss,188416,-25.323415756225586
PPO_2,train/entropy_loss,190464,-25.369009017944336
PPO_2,train/entropy_loss,192512,-25.396066665649414
PPO_2,train/entropy_loss,194560,-25.405086517333984
PPO_2,train/entropy_loss,196608,-25.409259796142578
PPO_2,train/entropy_loss,198656,-25.401994705200195
PPO_2,train/entropy_loss,200704,-25.397035598754883
PPO_2,train/entropy_loss,202752,-25.414365768432617
PPO_2,train/entropy_loss,204800,-25.42813491821289
PPO_2,train/entropy_loss,206848,-25.446781158447266
PPO_2,train/entropy_loss,208896,-25.46119499206543
PPO_2,train/entropy_loss,210944,-25.481136322021484
PPO_2,train/entropy_loss,212992,-25.50514793395996
PPO_2,train/entropy_loss,215040,-25.524690628051758
PPO_2,train/entropy_loss,217088,-25.539880752563477
PPO_2,train/entropy_loss,219136,-25.587690353393555
PPO_2,train/entropy_loss,221184,-25.611234664916992
PPO_2,train/entropy_loss,223232,-25.644084930419922
PPO_2,train/entropy_loss,225280,-25.685731887817383
PPO_2,train/entropy_loss,227328,-25.725370407104492
PPO_2,train/entropy_loss,229376,-25.744091033935547
PPO_2,train/entropy_loss,231424,-25.771242141723633
PPO_2,train/entropy_loss,233472,-25.795093536376953
PPO_2,train/entropy_loss,235520,-25.806407928466797
PPO_2,train/entropy_loss,237568,-25.823556900024414
PPO_2,train/entropy_loss,239616,-25.868247985839844
PPO_2,train/entropy_loss,241664,-25.926057815551758
PPO_2,train/entropy_loss,243712,-25.958900451660156
PPO_2,train/entropy_loss,245760,-25.97827911376953
PPO_2,train/entropy_loss,247808,-26.00342559814453
PPO_2,train/entropy_loss,249856,-26.03772735595703
PPO_2,train/entropy_loss,251904,-26.076650619506836
PPO_2,train/entropy_loss,253952,-26.086767196655273
PPO_2,train/entropy_loss,256000,-26.069021224975586
PPO_2,train/entropy_loss,258048,-26.07096290588379
PPO_2,train/entropy_loss,260096,-26.09571075439453
PPO_2,train/entropy_loss,262144,-26.11373519897461
PPO_2,train/entropy_loss,264192,-26.147174835205078
PPO_2,train/entropy_loss,266240,-26.174480438232422
PPO_2,train/entropy_loss,268288,-26.20638656616211
PPO_2,train/entropy_loss,270336,-26.232044219970703
PPO_2,train/entropy_loss,272384,-26.249441146850586
PPO_2,train/entropy_loss,274432,-26.283313751220703
PPO_2,train/entropy_loss,276480,-26.310991287231445
PPO_2,train/entropy_loss,278528,-26.347900390625
PPO_2,train/entropy_loss,280576,-26.374370574951172
PPO_2,train/entropy_loss,282624,-26.41843032836914
PPO_2,train/entropy_loss,284672,-26.452381134033203
PPO_2,train/entropy_loss,286720,-26.50214195251465
PPO_2,train/entropy_loss,288768,-26.598737716674805
PPO_2,train/entropy_loss,290816,-26.65232276916504
PPO_2,train/entropy_loss,292864,-26.695209503173828
PPO_2,train/entropy_loss,294912,-26.724044799804688
PPO_2,train/entropy_loss,296960,-26.770143508911133
PPO_2,train/entropy_loss,299008,-26.826473236083984
PPO_2,train/entropy_loss,301056,-26.858659744262695
PPO_2,train/explained_variance,4096,0.2256219983100891
PPO_2,train/explained_variance,6144,0.6594692468643188
PPO_2,train/explained_variance,8192,0.062076568603515625
PPO_2,train/explained_variance,10240,0.9232691526412964
PPO_2,train/explained_variance,12288,0.9627617001533508
PPO_2,train/explained_variance,14336,0.9622703790664673
PPO_2,train/explained_variance,16384,0.6459779739379883
PPO_2,train/explained_variance,18432,0.9729219079017639
PPO_2,train/explained_variance,20480,0.9805538058280945
PPO_2,train/explained_variance,22528,0.918988823890686
PPO_2,train/explained_variance,24576,0.82431960105896
PPO_2,train/explained_variance,26624,0.9537510275840759
PPO_2,train/explained_variance,28672,0.809398353099823
PPO_2,train/explained_variance,30720,0.9768916368484497
PPO_2,train/explained_variance,32768,0.9248943328857422
PPO_2,train/explained_variance,34816,0.9874762296676636
PPO_2,train/explained_variance,36864,0.974172055721283
PPO_2,train/explained_variance,38912,0.642499566078186
PPO_2,train/explained_variance,40960,0.9816867113113403
PPO_2,train/explained_variance,43008,0.9724810719490051
PPO_2,train/explained_variance,45056,0.9693501591682434
PPO_2,train/explained_variance,47104,0.9861776828765869
PPO_2,train/explained_variance,49152,0.9844931364059448
PPO_2,train/explained_variance,51200,0.9840849041938782
PPO_2,train/explained_variance,53248,0.983646810054779
PPO_2,train/explained_variance,55296,0.9877659678459167
PPO_2,train/explained_variance,57344,0.981002151966095
PPO_2,train/explained_variance,59392,0.9869299530982971
PPO_2,train/explained_variance,61440,0.9861536622047424
PPO_2,train/explained_variance,63488,0.9758941531181335
PPO_2,train/explained_variance,65536,0.9870755672454834
PPO_2,train/explained_variance,67584,0.8782904744148254
PPO_2,train/explained_variance,69632,0.9839440584182739
PPO_2,train/explained_variance,71680,0.9902296662330627
PPO_2,train/explained_variance,73728,0.9774171113967896
PPO_2,train/explained_variance,75776,0.9893336892127991
PPO_2,train/explained_variance,77824,0.6451815366744995
PPO_2,train/explained_variance,79872,0.9893876314163208
PPO_2,train/explained_variance,81920,0.9893885850906372
PPO_2,train/explained_variance,83968,0.9886595010757446
PPO_2,train/explained_variance,86016,0.9886093735694885
PPO_2,train/explained_variance,88064,0.9798141717910767
PPO_2,train/explained_variance,90112,0.9860925674438477
PPO_2,train/explained_variance,92160,0.9910463094711304
PPO_2,train/explained_variance,94208,0.9887599349021912
PPO_2,train/explained_variance,96256,0.9884532690048218
PPO_2,train/explained_variance,98304,0.9897313714027405
PPO_2,train/explained_variance,100352,0.987663984298706
PPO_2,train/explained_variance,102400,0.9831827878952026
PPO_2,train/explained_variance,104448,0.9920607209205627
PPO_2,train/explained_variance,106496,0.7458940744400024
PPO_2,train/explained_variance,108544,0.9865865111351013
PPO_2,train/explained_variance,110592,0.9912845492362976
PPO_2,train/explained_variance,112640,0.994528591632843
PPO_2,train/explained_variance,114688,0.9939522743225098
PPO_2,train/explained_variance,116736,0.9466708898544312
PPO_2,train/explained_variance,118784,0.7590270638465881
PPO_2,train/explained_variance,120832,0.9919008612632751
PPO_2,train/explained_variance,122880,0.989606499671936
PPO_2,train/explained_variance,124928,0.8988091349601746
PPO_2,train/explained_variance,126976,0.9936612248420715
PPO_2,train/explained_variance,129024,0.9806005358695984
PPO_2,train/explained_variance,131072,0.9919588565826416
PPO_2,train/explained_variance,133120,0.9910633563995361
PPO_2,train/explained_variance,135168,0.9882844090461731
PPO_2,train/explained_variance,137216,0.7406049370765686
PPO_2,train/explained_variance,139264,0.9885871410369873
PPO_2,train/explained_variance,141312,0.9933785200119019
PPO_2,train/explained_variance,143360,0.9938279390335083
PPO_2,train/explained_variance,145408,0.991535484790802
PPO_2,train/explained_variance,147456,0.9797921776771545
PPO_2,train/explained_variance,149504,0.9924793839454651
PPO_2,train/explained_variance,151552,0.993657112121582
PPO_2,train/explained_variance,153600,0.09925806522369385
PPO_2,train/explained_variance,155648,0.992021918296814
PPO_2,train/explained_variance,157696,0.9944539666175842
PPO_2,train/explained_variance,159744,0.9872391819953918
PPO_2,train/explained_variance,161792,0.992527186870575
PPO_2,train/explained_variance,163840,0.9911714792251587
PPO_2,train/explained_variance,165888,0.7921115159988403
PPO_2,train/explained_variance,167936,0.99406498670578
PPO_2,train/explained_variance,169984,0.9930487871170044
PPO_2,train/explained_variance,172032,0.9931912422180176
PPO_2,train/explained_variance,174080,0.9907414317131042
PPO_2,train/explained_variance,176128,0.9950950741767883
PPO_2,train/explained_variance,178176,0.9884360432624817
PPO_2,train/explained_variance,180224,0.9729359745979309
PPO_2,train/explained_variance,182272,0.9908654689788818
PPO_2,train/explained_variance,184320,0.9932826161384583
PPO_2,train/explained_variance,186368,0.9899629354476929
PPO_2,train/explained_variance,188416,0.9957349896430969
PPO_2,train/explained_variance,190464,0.9905217289924622
PPO_2,train/explained_variance,192512,0.994853675365448
PPO_2,train/explained_variance,194560,0.991496741771698
PPO_2,train/explained_variance,196608,0.9875725507736206
PPO_2,train/explained_variance,198656,0.9870293140411377
PPO_2,train/explained_variance,200704,0.6886617541313171
PPO_2,train/explained_variance,202752,0.9923807382583618
PPO_2,train/explained_variance,204800,0.7637581825256348
PPO_2,train/explained_variance,206848,0.9897422790527344
PPO_2,train/explained_variance,208896,0.9934338331222534
PPO_2,train/explained_variance,210944,0.9921377897262573
PPO_2,train/explained_variance,212992,0.9470669627189636
PPO_2,train/explained_variance,215040,0.994378387928009
PPO_2,train/explained_variance,217088,0.9911131262779236
PPO_2,train/explained_variance,219136,0.9816316366195679
PPO_2,train/explained_variance,221184,0.992813229560852
PPO_2,train/explained_variance,223232,0.9709489345550537
PPO_2,train/explained_variance,225280,0.9907392263412476
PPO_2,train/explained_variance,227328,0.9934395551681519
PPO_2,train/explained_variance,229376,0.9928674101829529
PPO_2,train/explained_variance,231424,0.9951781630516052
PPO_2,train/explained_variance,233472,0.9925435781478882
PPO_2,train/explained_variance,235520,0.9408916234970093
PPO_2,train/explained_variance,237568,0.9676588773727417
PPO_2,train/explained_variance,239616,0.9940127730369568
PPO_2,train/explained_variance,241664,0.9906659722328186
PPO_2,train/explained_variance,243712,0.9934594631195068
PPO_2,train/explained_variance,245760,0.9938631653785706
PPO_2,train/explained_variance,247808,0.9789782762527466
PPO_2,train/explained_variance,249856,0.9920023679733276
PPO_2,train/explained_variance,251904,0.9923681616783142
PPO_2,train/explained_variance,253952,0.9912842512130737
PPO_2,train/explained_variance,256000,0.9936979413032532
PPO_2,train/explained_variance,258048,0.9942131638526917
PPO_2,train/explained_variance,260096,0.9960919618606567
PPO_2,train/explained_variance,262144,0.9967650175094604
PPO_2,train/explained_variance,264192,0.990329921245575
PPO_2,train/explained_variance,266240,0.9934064149856567
PPO_2,train/explained_variance,268288,0.9959285855293274
PPO_2,train/explained_variance,270336,0.9939851760864258
PPO_2,train/explained_variance,272384,0.9967337250709534
PPO_2,train/explained_variance,274432,0.9771926999092102
PPO_2,train/explained_variance,276480,0.981521725654602
PPO_2,train/explained_variance,278528,0.9894512295722961
PPO_2,train/explained_variance,280576,0.9374576210975647
PPO_2,train/explained_variance,282624,0.9932336807250977
PPO_2,train/explained_variance,284672,0.9955914616584778
PPO_2,train/explained_variance,286720,0.9848594665527344
PPO_2,train/explained_variance,288768,0.9907028079032898
PPO_2,train/explained_variance,290816,0.9928343296051025
PPO_2,train/explained_variance,292864,0.9943377375602722
PPO_2,train/explained_variance,294912,0.9943186044692993
PPO_2,train/explained_variance,296960,0.9817354083061218
PPO_2,train/explained_variance,299008,0.99422287940979
PPO_2,train/explained_variance,301056,0.995083749294281
PPO_2,train/learning_rate,4096,0.0003000000142492354
PPO_2,train/learning_rate,6144,0.0003000000142492354
PPO_2,train/learning_rate,8192,0.0003000000142492354
PPO_2,train/learning_rate,10240,0.0003000000142492354
PPO_2,train/learning_rate,12288,0.0003000000142492354
PPO_2,train/learning_rate,14336,0.0003000000142492354
PPO_2,train/learning_rate,16384,0.0003000000142492354
PPO_2,train/learning_rate,18432,0.0003000000142492354
PPO_2,train/learning_rate,20480,0.0003000000142492354
PPO_2,train/learning_rate,22528,0.0003000000142492354
PPO_2,train/learning_rate,24576,0.0003000000142492354
PPO_2,train/learning_rate,26624,0.0003000000142492354
PPO_2,train/learning_rate,28672,0.0003000000142492354
PPO_2,train/learning_rate,30720,0.0003000000142492354
PPO_2,train/learning_rate,32768,0.0003000000142492354
PPO_2,train/learning_rate,34816,0.0003000000142492354
PPO_2,train/learning_rate,36864,0.0003000000142492354
PPO_2,train/learning_rate,38912,0.0003000000142492354
PPO_2,train/learning_rate,40960,0.0003000000142492354
PPO_2,train/learning_rate,43008,0.0003000000142492354
PPO_2,train/learning_rate,45056,0.0003000000142492354
PPO_2,train/learning_rate,47104,0.0003000000142492354
PPO_2,train/learning_rate,49152,0.0003000000142492354
PPO_2,train/learning_rate,51200,0.0003000000142492354
PPO_2,train/learning_rate,53248,0.0003000000142492354
PPO_2,train/learning_rate,55296,0.0003000000142492354
PPO_2,train/learning_rate,57344,0.0003000000142492354
PPO_2,train/learning_rate,59392,0.0003000000142492354
PPO_2,train/learning_rate,61440,0.0003000000142492354
PPO_2,train/learning_rate,63488,0.0003000000142492354
PPO_2,train/learning_rate,65536,0.0003000000142492354
PPO_2,train/learning_rate,67584,0.0003000000142492354
PPO_2,train/learning_rate,69632,0.0003000000142492354
PPO_2,train/learning_rate,71680,0.0003000000142492354
PPO_2,train/learning_rate,73728,0.0003000000142492354
PPO_2,train/learning_rate,75776,0.0003000000142492354
PPO_2,train/learning_rate,77824,0.0003000000142492354
PPO_2,train/learning_rate,79872,0.0003000000142492354
PPO_2,train/learning_rate,81920,0.0003000000142492354
PPO_2,train/learning_rate,83968,0.0003000000142492354
PPO_2,train/learning_rate,86016,0.0003000000142492354
PPO_2,train/learning_rate,88064,0.0003000000142492354
PPO_2,train/learning_rate,90112,0.0003000000142492354
PPO_2,train/learning_rate,92160,0.0003000000142492354
PPO_2,train/learning_rate,94208,0.0003000000142492354
PPO_2,train/learning_rate,96256,0.0003000000142492354
PPO_2,train/learning_rate,98304,0.0003000000142492354
PPO_2,train/learning_rate,100352,0.0003000000142492354
PPO_2,train/learning_rate,102400,0.0003000000142492354
PPO_2,train/learning_rate,104448,0.0003000000142492354
PPO_2,train/learning_rate,106496,0.0003000000142492354
PPO_2,train/learning_rate,108544,0.0003000000142492354
PPO_2,train/learning_rate,110592,0.0003000000142492354
PPO_2,train/learning_rate,112640,0.0003000000142492354
PPO_2,train/learning_rate,114688,0.0003000000142492354
PPO_2,train/learning_rate,116736,0.0003000000142492354
PPO_2,train/learning_rate,118784,0.0003000000142492354
PPO_2,train/learning_rate,120832,0.0003000000142492354
PPO_2,train/learning_rate,122880,0.0003000000142492354
PPO_2,train/learning_rate,124928,0.0003000000142492354
PPO_2,train/learning_rate,126976,0.0003000000142492354
PPO_2,train/learning_rate,129024,0.0003000000142492354
PPO_2,train/learning_rate,131072,0.0003000000142492354
PPO_2,train/learning_rate,133120,0.0003000000142492354
PPO_2,train/learning_rate,135168,0.0003000000142492354
PPO_2,train/learning_rate,137216,0.0003000000142492354
PPO_2,train/learning_rate,139264,0.0003000000142492354
PPO_2,train/learning_rate,141312,0.0003000000142492354
PPO_2,train/learning_rate,143360,0.0003000000142492354
PPO_2,train/learning_rate,145408,0.0003000000142492354
PPO_2,train/learning_rate,147456,0.0003000000142492354
PPO_2,train/learning_rate,149504,0.0003000000142492354
PPO_2,train/learning_rate,151552,0.0003000000142492354
PPO_2,train/learning_rate,153600,0.0003000000142492354
PPO_2,train/learning_rate,155648,0.0003000000142492354
PPO_2,train/learning_rate,157696,0.0003000000142492354
PPO_2,train/learning_rate,159744,0.0003000000142492354
PPO_2,train/learning_rate,161792,0.0003000000142492354
PPO_2,train/learning_rate,163840,0.0003000000142492354
PPO_2,train/learning_rate,165888,0.0003000000142492354
PPO_2,train/learning_rate,167936,0.0003000000142492354
PPO_2,train/learning_rate,169984,0.0003000000142492354
PPO_2,train/learning_rate,172032,0.0003000000142492354
PPO_2,train/learning_rate,174080,0.0003000000142492354
PPO_2,train/learning_rate,176128,0.0003000000142492354
PPO_2,train/learning_rate,178176,0.0003000000142492354
PPO_2,train/learning_rate,180224,0.0003000000142492354
PPO_2,train/learning_rate,182272,0.0003000000142492354
PPO_2,train/learning_rate,184320,0.0003000000142492354
PPO_2,train/learning_rate,186368,0.0003000000142492354
PPO_2,train/learning_rate,188416,0.0003000000142492354
PPO_2,train/learning_rate,190464,0.0003000000142492354
PPO_2,train/learning_rate,192512,0.0003000000142492354
PPO_2,train/learning_rate,194560,0.0003000000142492354
PPO_2,train/learning_rate,196608,0.0003000000142492354
PPO_2,train/learning_rate,198656,0.0003000000142492354
PPO_2,train/learning_rate,200704,0.0003000000142492354
PPO_2,train/learning_rate,202752,0.0003000000142492354
PPO_2,train/learning_rate,204800,0.0003000000142492354
PPO_2,train/learning_rate,206848,0.0003000000142492354
PPO_2,train/learning_rate,208896,0.0003000000142492354
PPO_2,train/learning_rate,210944,0.0003000000142492354
PPO_2,train/learning_rate,212992,0.0003000000142492354
PPO_2,train/learning_rate,215040,0.0003000000142492354
PPO_2,train/learning_rate,217088,0.0003000000142492354
PPO_2,train/learning_rate,219136,0.0003000000142492354
PPO_2,train/learning_rate,221184,0.0003000000142492354
PPO_2,train/learning_rate,223232,0.0003000000142492354
PPO_2,train/learning_rate,225280,0.0003000000142492354
PPO_2,train/learning_rate,227328,0.0003000000142492354
PPO_2,train/learning_rate,229376,0.0003000000142492354
PPO_2,train/learning_rate,231424,0.0003000000142492354
PPO_2,train/learning_rate,233472,0.0003000000142492354
PPO_2,train/learning_rate,235520,0.0003000000142492354
PPO_2,train/learning_rate,237568,0.0003000000142492354
PPO_2,train/learning_rate,239616,0.0003000000142492354
PPO_2,train/learning_rate,241664,0.0003000000142492354
PPO_2,train/learning_rate,243712,0.0003000000142492354
PPO_2,train/learning_rate,245760,0.0003000000142492354
PPO_2,train/learning_rate,247808,0.0003000000142492354
PPO_2,train/learning_rate,249856,0.0003000000142492354
PPO_2,train/learning_rate,251904,0.0003000000142492354
PPO_2,train/learning_rate,253952,0.0003000000142492354
PPO_2,train/learning_rate,256000,0.0003000000142492354
PPO_2,train/learning_rate,258048,0.0003000000142492354
PPO_2,train/learning_rate,260096,0.0003000000142492354
PPO_2,train/learning_rate,262144,0.0003000000142492354
PPO_2,train/learning_rate,264192,0.0003000000142492354
PPO_2,train/learning_rate,266240,0.0003000000142492354
PPO_2,train/learning_rate,268288,0.0003000000142492354
PPO_2,train/learning_rate,270336,0.0003000000142492354
PPO_2,train/learning_rate,272384,0.0003000000142492354
PPO_2,train/learning_rate,274432,0.0003000000142492354
PPO_2,train/learning_rate,276480,0.0003000000142492354
PPO_2,train/learning_rate,278528,0.0003000000142492354
PPO_2,train/learning_rate,280576,0.0003000000142492354
PPO_2,train/learning_rate,282624,0.0003000000142492354
PPO_2,train/learning_rate,284672,0.0003000000142492354
PPO_2,train/learning_rate,286720,0.0003000000142492354
PPO_2,train/learning_rate,288768,0.0003000000142492354
PPO_2,train/learning_rate,290816,0.0003000000142492354
PPO_2,train/learning_rate,292864,0.0003000000142492354
PPO_2,train/learning_rate,294912,0.0003000000142492354
PPO_2,train/learning_rate,296960,0.0003000000142492354
PPO_2,train/learning_rate,299008,0.0003000000142492354
PPO_2,train/learning_rate,301056,0.0003000000142492354
PPO_2,train/loss,4096,-0.14625081419944763
PPO_2,train/loss,6144,-0.2672831118106842
PPO_2,train/loss,8192,-0.266509085893631
PPO_2,train/loss,10240,-0.2697810232639313
PPO_2,train/loss,12288,-0.2823691666126251
PPO_2,train/loss,14336,-0.27513450384140015
PPO_2,train/loss,16384,-0.28715965151786804
PPO_2,train/loss,18432,-0.27981728315353394
PPO_2,train/loss,20480,-0.23092100024223328
PPO_2,train/loss,22528,-0.28489869832992554
PPO_2,train/loss,24576,-0.28821173310279846
PPO_2,train/loss,26624,-0.2800067365169525
PPO_2,train/loss,28672,-0.2889319956302643
PPO_2,train/loss,30720,-0.28592464327812195
PPO_2,train/loss,32768,-0.286998987197876
PPO_2,train/loss,34816,-0.28396129608154297
PPO_2,train/loss,36864,-0.28102752566337585
PPO_2,train/loss,38912,-0.2796812951564789
PPO_2,train/loss,40960,-0.2856462299823761
PPO_2,train/loss,43008,-0.2698206901550293
PPO_2,train/loss,45056,-0.2725096046924591
PPO_2,train/loss,47104,-0.26080241799354553
PPO_2,train/loss,49152,-0.28063854575157166
PPO_2,train/loss,51200,-0.28449293971061707
PPO_2,train/loss,53248,-0.2917105257511139
PPO_2,train/loss,55296,-0.28010013699531555
PPO_2,train/loss,57344,-0.301136314868927
PPO_2,train/loss,59392,-0.2897695302963257
PPO_2,train/loss,61440,-0.28826621174812317
PPO_2,train/loss,63488,-0.2926304042339325
PPO_2,train/loss,65536,-0.28305110335350037
PPO_2,train/loss,67584,-0.3008278012275696
PPO_2,train/loss,69632,-0.27815261483192444
PPO_2,train/loss,71680,-0.29154813289642334
PPO_2,train/loss,73728,-0.2808167040348053
PPO_2,train/loss,75776,-0.273855060338974
PPO_2,train/loss,77824,-0.2746538519859314
PPO_2,train/loss,79872,-0.2684120833873749
PPO_2,train/loss,81920,-0.27175039052963257
PPO_2,train/loss,83968,-0.29214996099472046
PPO_2,train/loss,86016,-0.27869394421577454
PPO_2,train/loss,88064,-0.262005090713501
PPO_2,train/loss,90112,-0.3027191460132599
PPO_2,train/loss,92160,-0.2900678813457489
PPO_2,train/loss,94208,-0.29424118995666504
PPO_2,train/loss,96256,-0.2945329248905182
PPO_2,train/loss,98304,-0.2763999104499817
PPO_2,train/loss,100352,-0.31039801239967346
PPO_2,train/loss,102400,-0.30731043219566345
PPO_2,train/loss,104448,-0.29405832290649414
PPO_2,train/loss,106496,-0.29408860206604004
PPO_2,train/loss,108544,-0.30375054478645325
PPO_2,train/loss,110592,-0.30029141902923584
PPO_2,train/loss,112640,-0.24223855137825012
PPO_2,train/loss,114688,-0.26441675424575806
PPO_2,train/loss,116736,-0.29367852210998535
PPO_2,train/loss,118784,-0.2862517237663269
PPO_2,train/loss,120832,-0.2684120237827301
PPO_2,train/loss,122880,-0.2904437184333801
PPO_2,train/loss,124928,-0.2976906895637512
PPO_2,train/loss,126976,-0.2975468337535858
PPO_2,train/loss,129024,-0.30662718415260315
PPO_2,train/loss,131072,-0.296039879322052
PPO_2,train/loss,133120,-0.2982695996761322
PPO_2,train/loss,135168,-0.2895506024360657
PPO_2,train/loss,137216,-0.2848260998725891
PPO_2,train/loss,139264,-0.3027215003967285
PPO_2,train/loss,141312,-0.30708059668540955
PPO_2,train/loss,143360,-0.2973080575466156
PPO_2,train/loss,145408,-0.2774997651576996
PPO_2,train/loss,147456,-0.29762235283851624
PPO_2,train/loss,149504,-0.3051617443561554
PPO_2,train/loss,151552,-0.3041176497936249
PPO_2,train/loss,153600,-0.32289811968803406
PPO_2,train/loss,155648,-0.301995187997818
PPO_2,train/loss,157696,-0.26840993762016296
PPO_2,train/loss,159744,-0.3030991554260254
PPO_2,train/loss,161792,-0.2793204188346863
PPO_2,train/loss,163840,-0.2971644103527069
PPO_2,train/loss,165888,-0.2999497950077057
PPO_2,train/loss,167936,-0.2993251085281372
PPO_2,train/loss,169984,-0.3024226725101471
PPO_2,train/loss,172032,-0.3098365366458893
PPO_2,train/loss,174080,-0.32871097326278687
PPO_2,train/loss,176128,-0.2717284858226776
PPO_2,train/loss,178176,-0.30564603209495544
PPO_2,train/loss,180224,-0.30408716201782227
PPO_2,train/loss,182272,-0.3008297085762024
PPO_2,train/loss,184320,-0.30537158250808716
PPO_2,train/loss,186368,-0.3186139762401581
PPO_2,train/loss,188416,-0.30391159653663635
PPO_2,train/loss,190464,-0.3181682825088501
PPO_2,train/loss,192512,-0.3019741475582123
PPO_2,train/loss,194560,-0.31326815485954285
PPO_2,train/loss,196608,-0.319973349571228
PPO_2,train/loss,198656,-0.2961938679218292
PPO_2,train/loss,200704,-0.30553022027015686
PPO_2,train/loss,202752,-0.3091205060482025
PPO_2,train/loss,204800,-0.3121194541454315
PPO_2,train/loss,206848,-0.31934720277786255
PPO_2,train/loss,208896,-0.3253006339073181
PPO_2,train/loss,210944,-0.30113252997398376
PPO_2,train/loss,212992,-0.31165453791618347
PPO_2,train/loss,215040,-0.31312665343284607
PPO_2,train/loss,217088,-0.31652599573135376
PPO_2,train/loss,219136,-0.31535816192626953
PPO_2,train/loss,221184,-0.30744045972824097
PPO_2,train/loss,223232,-0.31409069895744324
PPO_2,train/loss,225280,-0.3105924427509308
PPO_2,train/loss,227328,-0.2900007963180542
PPO_2,train/loss,229376,-0.32869723439216614
PPO_2,train/loss,231424,-0.3110739290714264
PPO_2,train/loss,233472,-0.323151171207428
PPO_2,train/loss,235520,-0.31250056624412537
PPO_2,train/loss,237568,-0.31215962767601013
PPO_2,train/loss,239616,-0.3329433798789978
PPO_2,train/loss,241664,-0.30675771832466125
PPO_2,train/loss,243712,-0.3269476890563965
PPO_2,train/loss,245760,-0.3186260461807251
PPO_2,train/loss,247808,-0.3184223473072052
PPO_2,train/loss,249856,-0.29773563146591187
PPO_2,train/loss,251904,-0.32781851291656494
PPO_2,train/loss,253952,-0.31312790513038635
PPO_2,train/loss,256000,-0.3330075740814209
PPO_2,train/loss,258048,-0.3220268487930298
PPO_2,train/loss,260096,-0.32647961378097534
PPO_2,train/loss,262144,-0.31002601981163025
PPO_2,train/loss,264192,-0.3018464744091034
PPO_2,train/loss,266240,-0.2971460819244385
PPO_2,train/loss,268288,-0.326741486787796
PPO_2,train/loss,270336,-0.30035725235939026
PPO_2,train/loss,272384,-0.32329657673835754
PPO_2,train/loss,274432,-0.3140411674976349
PPO_2,train/loss,276480,-0.3217430114746094
PPO_2,train/loss,278528,-0.3338053226470947
PPO_2,train/loss,280576,-0.31724151968955994
PPO_2,train/loss,282624,-0.33864879608154297
PPO_2,train/loss,284672,-0.31352856755256653
PPO_2,train/loss,286720,-0.3173743486404419
PPO_2,train/loss,288768,-0.32269415259361267
PPO_2,train/loss,290816,-0.3214357793331146
PPO_2,train/loss,292864,-0.3260680139064789
PPO_2,train/loss,294912,-0.3298705816268921
PPO_2,train/loss,296960,-0.32791805267333984
PPO_2,train/loss,299008,-0.3460673689842224
PPO_2,train/loss,301056,-0.33057665824890137
PPO_2,train/policy_gradient_loss,4096,-0.02986101433634758
PPO_2,train/policy_gradient_loss,6144,-0.03514476493000984
PPO_2,train/policy_gradient_loss,8192,-0.03603417053818703
PPO_2,train/policy_gradient_loss,10240,-0.03509031981229782
PPO_2,train/policy_gradient_loss,12288,-0.03732388839125633
PPO_2,train/policy_gradient_loss,14336,-0.039949480444192886
PPO_2,train/policy_gradient_loss,16384,-0.04054120555520058
PPO_2,train/policy_gradient_loss,18432,-0.03476005792617798
PPO_2,train/policy_gradient_loss,20480,-0.035131342709064484
PPO_2,train/policy_gradient_loss,22528,-0.037817299365997314
PPO_2,train/policy_gradient_loss,24576,-0.04162031039595604
PPO_2,train/policy_gradient_loss,26624,-0.03715142607688904
PPO_2,train/policy_gradient_loss,28672,-0.03761344775557518
PPO_2,train/policy_gradient_loss,30720,-0.032861895859241486
PPO_2,train/policy_gradient_loss,32768,-0.03619140759110451
PPO_2,train/policy_gradient_loss,34816,-0.03521830961108208
PPO_2,train/policy_gradient_loss,36864,-0.03817245364189148
PPO_2,train/policy_gradient_loss,38912,-0.03594965487718582
PPO_2,train/policy_gradient_loss,40960,-0.03803680092096329
PPO_2,train/policy_gradient_loss,43008,-0.03931611403822899
PPO_2,train/policy_gradient_loss,45056,-0.037069763988256454
PPO_2,train/policy_gradient_loss,47104,-0.03106929361820221
PPO_2,train/policy_gradient_loss,49152,-0.037163082510232925
PPO_2,train/policy_gradient_loss,51200,-0.03579562529921532
PPO_2,train/policy_gradient_loss,53248,-0.0347958579659462
PPO_2,train/policy_gradient_loss,55296,-0.03430508077144623
PPO_2,train/policy_gradient_loss,57344,-0.037903573364019394
PPO_2,train/policy_gradient_loss,59392,-0.035841457545757294
PPO_2,train/policy_gradient_loss,61440,-0.03407176211476326
PPO_2,train/policy_gradient_loss,63488,-0.037016790360212326
PPO_2,train/policy_gradient_loss,65536,-0.03711160272359848
PPO_2,train/policy_gradient_loss,67584,-0.04163144901394844
PPO_2,train/policy_gradient_loss,69632,-0.03332007676362991
PPO_2,train/policy_gradient_loss,71680,-0.035673294216394424
PPO_2,train/policy_gradient_loss,73728,-0.02867080271244049
PPO_2,train/policy_gradient_loss,75776,-0.03994812071323395
PPO_2,train/policy_gradient_loss,77824,-0.030113277956843376
PPO_2,train/policy_gradient_loss,79872,-0.03722061961889267
PPO_2,train/policy_gradient_loss,81920,-0.03815232589840889
PPO_2,train/policy_gradient_loss,83968,-0.033990632742643356
PPO_2,train/policy_gradient_loss,86016,-0.03994674235582352
PPO_2,train/policy_gradient_loss,88064,-0.0409129299223423
PPO_2,train/policy_gradient_loss,90112,-0.03945394605398178
PPO_2,train/policy_gradient_loss,92160,-0.03764726221561432
PPO_2,train/policy_gradient_loss,94208,-0.04109983518719673
PPO_2,train/policy_gradient_loss,96256,-0.03815636411309242
PPO_2,train/policy_gradient_loss,98304,-0.033515799790620804
PPO_2,train/policy_gradient_loss,100352,-0.04032791033387184
PPO_2,train/policy_gradient_loss,102400,-0.036376286298036575
PPO_2,train/policy_gradient_loss,104448,-0.035030510276556015
PPO_2,train/policy_gradient_loss,106496,-0.03797979652881622
PPO_2,train/policy_gradient_loss,108544,-0.03851690515875816
PPO_2,train/policy_gradient_loss,110592,-0.03660981357097626
PPO_2,train/policy_gradient_loss,112640,-0.03360946848988533
PPO_2,train/policy_gradient_loss,114688,-0.03690382093191147
PPO_2,train/policy_gradient_loss,116736,-0.035426776856184006
PPO_2,train/policy_gradient_loss,118784,-0.03880777582526207
PPO_2,train/policy_gradient_loss,120832,-0.03278360515832901
PPO_2,train/policy_gradient_loss,122880,-0.036549460142850876
PPO_2,train/policy_gradient_loss,124928,-0.03150644153356552
PPO_2,train/policy_gradient_loss,126976,-0.04011305049061775
PPO_2,train/policy_gradient_loss,129024,-0.03949625417590141
PPO_2,train/policy_gradient_loss,131072,-0.04099578037858009
PPO_2,train/policy_gradient_loss,133120,-0.036930497735738754
PPO_2,train/policy_gradient_loss,135168,-0.035285584628582
PPO_2,train/policy_gradient_loss,137216,-0.039726778864860535
PPO_2,train/policy_gradient_loss,139264,-0.04087633267045021
PPO_2,train/policy_gradient_loss,141312,-0.03569632023572922
PPO_2,train/policy_gradient_loss,143360,-0.033182479441165924
PPO_2,train/policy_gradient_loss,145408,-0.03758899122476578
PPO_2,train/policy_gradient_loss,147456,-0.03397668898105621
PPO_2,train/policy_gradient_loss,149504,-0.03225160762667656
PPO_2,train/policy_gradient_loss,151552,-0.037340112030506134
PPO_2,train/policy_gradient_loss,153600,-0.03323746845126152
PPO_2,train/policy_gradient_loss,155648,-0.03752560913562775
PPO_2,train/policy_gradient_loss,157696,-0.03764566779136658
PPO_2,train/policy_gradient_loss,159744,-0.03175705671310425
PPO_2,train/policy_gradient_loss,161792,-0.03673971816897392
PPO_2,train/policy_gradient_loss,163840,-0.03454255685210228
PPO_2,train/policy_gradient_loss,165888,-0.03789884224534035
PPO_2,train/policy_gradient_loss,167936,-0.03357265144586563
PPO_2,train/policy_gradient_loss,169984,-0.03596993908286095
PPO_2,train/policy_gradient_loss,172032,-0.03896327689290047
PPO_2,train/policy_gradient_loss,174080,-0.043292898684740067
PPO_2,train/policy_gradient_loss,176128,-0.036150384694337845
PPO_2,train/policy_gradient_loss,178176,-0.033186689019203186
PPO_2,train/policy_gradient_loss,180224,-0.03365197405219078
PPO_2,train/policy_gradient_loss,182272,-0.036819346249103546
PPO_2,train/policy_gradient_loss,184320,-0.03415302559733391
PPO_2,train/policy_gradient_loss,186368,-0.041720010340213776
PPO_2,train/policy_gradient_loss,188416,-0.037083692848682404
PPO_2,train/policy_gradient_loss,190464,-0.030309218913316727
PPO_2,train/policy_gradient_loss,192512,-0.03574056178331375
PPO_2,train/policy_gradient_loss,194560,-0.04066482558846474
PPO_2,train/policy_gradient_loss,196608,-0.04740050435066223
PPO_2,train/policy_gradient_loss,198656,-0.03663918748497963
PPO_2,train/policy_gradient_loss,200704,-0.03455013409256935
PPO_2,train/policy_gradient_loss,202752,-0.035370953381061554
PPO_2,train/policy_gradient_loss,204800,-0.040231913328170776
PPO_2,train/policy_gradient_loss,206848,-0.04264986887574196
PPO_2,train/policy_gradient_loss,208896,-0.04269425570964813
PPO_2,train/policy_gradient_loss,210944,-0.039722129702568054
PPO_2,train/policy_gradient_loss,212992,-0.036833591759204865
PPO_2,train/policy_gradient_loss,215040,-0.03990914300084114
PPO_2,train/policy_gradient_loss,217088,-0.04465210437774658
PPO_2,train/policy_gradient_loss,219136,-0.042001381516456604
PPO_2,train/policy_gradient_loss,221184,-0.04050889611244202
PPO_2,train/policy_gradient_loss,223232,-0.039964720606803894
PPO_2,train/policy_gradient_loss,225280,-0.03435314819216728
PPO_2,train/policy_gradient_loss,227328,-0.0378156416118145
PPO_2,train/policy_gradient_loss,229376,-0.040653057396411896
PPO_2,train/policy_gradient_loss,231424,-0.044134851545095444
PPO_2,train/policy_gradient_loss,233472,-0.03976043313741684
PPO_2,train/policy_gradient_loss,235520,-0.03268071636557579
PPO_2,train/policy_gradient_loss,237568,-0.038089361041784286
PPO_2,train/policy_gradient_loss,239616,-0.04242172837257385
PPO_2,train/policy_gradient_loss,241664,-0.03832617029547691
PPO_2,train/policy_gradient_loss,243712,-0.044014621526002884
PPO_2,train/policy_gradient_loss,245760,-0.04649987071752548
PPO_2,train/policy_gradient_loss,247808,-0.040238115936517715
PPO_2,train/policy_gradient_loss,249856,-0.0404275506734848
PPO_2,train/policy_gradient_loss,251904,-0.042026225477457047
PPO_2,train/policy_gradient_loss,253952,-0.043492287397384644
PPO_2,train/policy_gradient_loss,256000,-0.0425102561712265
PPO_2,train/policy_gradient_loss,258048,-0.03980552777647972
PPO_2,train/policy_gradient_loss,260096,-0.0400242917239666
PPO_2,train/policy_gradient_loss,262144,-0.03761357069015503
PPO_2,train/policy_gradient_loss,264192,-0.038441628217697144
PPO_2,train/policy_gradient_loss,266240,-0.037275608628988266
PPO_2,train/policy_gradient_loss,268288,-0.041999999433755875
PPO_2,train/policy_gradient_loss,270336,-0.04091800004243851
PPO_2,train/policy_gradient_loss,272384,-0.039376143366098404
PPO_2,train/policy_gradient_loss,274432,-0.03919561952352524
PPO_2,train/policy_gradient_loss,276480,-0.044250380247831345
PPO_2,train/policy_gradient_loss,278528,-0.04131017252802849
PPO_2,train/policy_gradient_loss,280576,-0.03858821094036102
PPO_2,train/policy_gradient_loss,282624,-0.04227389022707939
PPO_2,train/policy_gradient_loss,284672,-0.036988094449043274
PPO_2,train/policy_gradient_loss,286720,-0.03728891909122467
PPO_2,train/policy_gradient_loss,288768,-0.0374319925904274
PPO_2,train/policy_gradient_loss,290816,-0.043252844363451004
PPO_2,train/policy_gradient_loss,292864,-0.04331739619374275
PPO_2,train/policy_gradient_loss,294912,-0.04277186840772629
PPO_2,train/policy_gradient_loss,296960,-0.041079409420490265
PPO_2,train/policy_gradient_loss,299008,-0.0455811582505703
PPO_2,train/policy_gradient_loss,301056,-0.04158148914575577
PPO_2,train/std,4096,0.9997203350067139
PPO_2,train/std,6144,1.0022923946380615
PPO_2,train/std,8192,1.002935767173767
PPO_2,train/std,10240,1.0050307512283325
PPO_2,train/std,12288,1.0073199272155762
PPO_2,train/std,14336,1.0101234912872314
PPO_2,train/std,16384,1.0116137266159058
PPO_2,train/std,18432,1.0141054391860962
PPO_2,train/std,20480,1.0140297412872314
PPO_2,train/std,22528,1.0171947479248047
PPO_2,train/std,24576,1.0184085369110107
PPO_2,train/std,26624,1.0180717706680298
PPO_2,train/std,28672,1.019000768661499
PPO_2,train/std,30720,1.0196305513381958
PPO_2,train/std,32768,1.0189529657363892
PPO_2,train/std,34816,1.0206615924835205
PPO_2,train/std,36864,1.0231422185897827
PPO_2,train/std,38912,1.024170160293579
PPO_2,train/std,40960,1.0267441272735596
PPO_2,train/std,43008,1.0301038026809692
PPO_2,train/std,45056,1.0305317640304565
PPO_2,train/std,47104,1.0326350927352905
PPO_2,train/std,49152,1.0342509746551514
PPO_2,train/std,51200,1.0359470844268799
PPO_2,train/std,53248,1.0377250909805298
PPO_2,train/std,55296,1.040757656097412
PPO_2,train/std,57344,1.042362928390503
PPO_2,train/std,59392,1.042925238609314
PPO_2,train/std,61440,1.0442196130752563
PPO_2,train/std,63488,1.0466532707214355
PPO_2,train/std,65536,1.0477055311203003
PPO_2,train/std,67584,1.0498055219650269
PPO_2,train/std,69632,1.0542293787002563
PPO_2,train/std,71680,1.0566486120224
PPO_2,train/std,73728,1.058250904083252
PPO_2,train/std,75776,1.0590378046035767
PPO_2,train/std,77824,1.0573251247406006
PPO_2,train/std,79872,1.0574467182159424
PPO_2,train/std,81920,1.056696891784668
PPO_2,train/std,83968,1.057482123374939
PPO_2,train/std,86016,1.0571613311767578
PPO_2,train/std,88064,1.059322714805603
PPO_2,train/std,90112,1.063190221786499
PPO_2,train/std,92160,1.0642597675323486
PPO_2,train/std,94208,1.067115306854248
PPO_2,train/std,96256,1.0692758560180664
PPO_2,train/std,98304,1.071457862854004
PPO_2,train/std,100352,1.0730812549591064
PPO_2,train/std,102400,1.0762945413589478
PPO_2,train/std,104448,1.077744483947754
PPO_2,train/std,106496,1.0775610208511353
PPO_2,train/std,108544,1.0770021677017212
PPO_2,train/std,110592,1.0792338848114014
PPO_2,train/std,112640,1.083789587020874
PPO_2,train/std,114688,1.0869276523590088
PPO_2,train/std,116736,1.0901851654052734
PPO_2,train/std,118784,1.0902684926986694
PPO_2,train/std,120832,1.0920026302337646
PPO_2,train/std,122880,1.0952672958374023
PPO_2,train/std,124928,1.0990170240402222
PPO_2,train/std,126976,1.1011408567428589
PPO_2,train/std,129024,1.100671410560608
PPO_2,train/std,131072,1.1021004915237427
PPO_2,train/std,133120,1.106095552444458
PPO_2,train/std,135168,1.1076664924621582
PPO_2,train/std,137216,1.1109203100204468
PPO_2,train/std,139264,1.1122984886169434
PPO_2,train/std,141312,1.1172099113464355
PPO_2,train/std,143360,1.1222360134124756
PPO_2,train/std,145408,1.126904010772705
PPO_2,train/std,147456,1.129822015762329
PPO_2,train/std,149504,1.1333848237991333
PPO_2,train/std,151552,1.137047529220581
PPO_2,train/std,153600,1.1380974054336548
PPO_2,train/std,155648,1.1404024362564087
PPO_2,train/std,157696,1.143540382385254
PPO_2,train/std,159744,1.1463513374328613
PPO_2,train/std,161792,1.1527491807937622
PPO_2,train/std,163840,1.1512638330459595
PPO_2,train/std,165888,1.15285062789917
PPO_2,train/std,167936,1.1550343036651611
PPO_2,train/std,169984,1.16033136844635
PPO_2,train/std,172032,1.1643500328063965
PPO_2,train/std,174080,1.166163682937622
PPO_2,train/std,176128,1.167671799659729
PPO_2,train/std,178176,1.1721222400665283
PPO_2,train/std,180224,1.173262357711792
PPO_2,train/std,182272,1.1772677898406982
PPO_2,train/std,184320,1.1796714067459106
PPO_2,train/std,186368,1.1795672178268433
PPO_2,train/std,188416,1.183045506477356
PPO_2,train/std,190464,1.1862190961837769
PPO_2,train/std,192512,1.187941312789917
PPO_2,train/std,194560,1.1874581575393677
PPO_2,train/std,196608,1.1879020929336548
PPO_2,train/std,198656,1.187562346458435
PPO_2,train/std,200704,1.1879475116729736
PPO_2,train/std,202752,1.1895458698272705
PPO_2,train/std,204800,1.1904847621917725
PPO_2,train/std,206848,1.1915576457977295
PPO_2,train/std,208896,1.1928327083587646
PPO_2,train/std,210944,1.1952531337738037
PPO_2,train/std,212992,1.1966429948806763
PPO_2,train/std,215040,1.1978949308395386
PPO_2,train/std,217088,1.2008860111236572
PPO_2,train/std,219136,1.203348994255066
PPO_2,train/std,221184,1.2057685852050781
PPO_2,train/std,223232,1.2083191871643066
PPO_2,train/std,225280,1.2114336490631104
PPO_2,train/std,227328,1.2141073942184448
PPO_2,train/std,229376,1.2151738405227661
PPO_2,train/std,231424,1.2180395126342773
PPO_2,train/std,233472,1.2200192213058472
PPO_2,train/std,235520,1.2212438583374023
PPO_2,train/std,237568,1.2226336002349854
PPO_2,train/std,239616,1.2281032800674438
PPO_2,train/std,241664,1.2314566373825073
PPO_2,train/std,243712,1.2342259883880615
PPO_2,train/std,245760,1.2351500988006592
PPO_2,train/std,247808,1.2378684282302856
PPO_2,train/std,249856,1.2406985759735107
PPO_2,train/std,251904,1.2435632944107056
PPO_2,train/std,253952,1.2419610023498535
PPO_2,train/std,256000,1.2420545816421509
PPO_2,train/std,258048,1.2426388263702393
PPO_2,train/std,260096,1.2462064027786255
PPO_2,train/std,262144,1.2470006942749023
PPO_2,train/std,264192,1.2506481409072876
PPO_2,train/std,266240,1.2525651454925537
PPO_2,train/std,268288,1.255082368850708
PPO_2,train/std,270336,1.2564722299575806
PPO_2,train/std,272384,1.2588918209075928
PPO_2,train/std,274432,1.26162850856781
PPO_2,train/std,276480,1.2629753351211548
PPO_2,train/std,278528,1.2670931816101074
PPO_2,train/std,280576,1.2681869268417358
PPO_2,train/std,282624,1.2728790044784546
PPO_2,train/std,284672,1.2743889093399048
PPO_2,train/std,286720,1.2823596000671387
PPO_2,train/std,288768,1.2882359027862549
PPO_2,train/std,290816,1.2929142713546753
PPO_2,train/std,292864,1.293900966644287
PPO_2,train/std,294912,1.2977025508880615
PPO_2,train/std,296960,1.302266001701355
PPO_2,train/std,299008,1.3054234981536865
PPO_2,train/std,301056,1.307493805885315
PPO_2,train/value_loss,4096,0.49281546473503113
PPO_2,train/value_loss,6144,0.08705509454011917
PPO_2,train/value_loss,8192,0.05085247382521629
PPO_2,train/value_loss,10240,0.05038336664438248
PPO_2,train/value_loss,12288,0.04430878907442093
PPO_2,train/value_loss,14336,0.05449724569916725
PPO_2,train/value_loss,16384,0.033562276512384415
PPO_2,train/value_loss,18432,0.029057180508971214
PPO_2,train/value_loss,20480,0.04734640195965767
PPO_2,train/value_loss,22528,0.01622600108385086
PPO_2,train/value_loss,24576,0.015143370255827904
PPO_2,train/value_loss,26624,0.027354439720511436
PPO_2,train/value_loss,28672,0.013148981146514416
PPO_2,train/value_loss,30720,0.021135644987225533
PPO_2,train/value_loss,32768,0.014482315629720688
PPO_2,train/value_loss,34816,0.03395889326930046
PPO_2,train/value_loss,36864,0.04853973165154457
PPO_2,train/value_loss,38912,0.016232673078775406
PPO_2,train/value_loss,40960,0.036264583468437195
PPO_2,train/value_loss,43008,0.017371656373143196
PPO_2,train/value_loss,45056,0.03191893920302391
PPO_2,train/value_loss,47104,0.025356756523251534
PPO_2,train/value_loss,49152,0.040336478501558304
PPO_2,train/value_loss,51200,0.042700543999671936
PPO_2,train/value_loss,53248,0.03328609839081764
PPO_2,train/value_loss,55296,0.0226451363414526
PPO_2,train/value_loss,57344,0.013476066291332245
PPO_2,train/value_loss,59392,0.042615391314029694
PPO_2,train/value_loss,61440,0.020210567861795425
PPO_2,train/value_loss,63488,0.018847698345780373
PPO_2,train/value_loss,65536,0.01852409727871418
PPO_2,train/value_loss,67584,0.0046179089695215225
PPO_2,train/value_loss,69632,0.026600832119584084
PPO_2,train/value_loss,71680,0.020455021411180496
PPO_2,train/value_loss,73728,0.024859771132469177
PPO_2,train/value_loss,75776,0.03716620057821274
PPO_2,train/value_loss,77824,0.007319353520870209
PPO_2,train/value_loss,79872,0.02758580632507801
PPO_2,train/value_loss,81920,0.028098316863179207
PPO_2,train/value_loss,83968,0.0378577820956707
PPO_2,train/value_loss,86016,0.035970963537693024
PPO_2,train/value_loss,88064,0.036675795912742615
PPO_2,train/value_loss,90112,0.018176894634962082
PPO_2,train/value_loss,92160,0.017970215529203415
PPO_2,train/value_loss,94208,0.016718139871954918
PPO_2,train/value_loss,96256,0.022588148713111877
PPO_2,train/value_loss,98304,0.0088887307792902
PPO_2,train/value_loss,100352,0.008897043764591217
PPO_2,train/value_loss,102400,0.013386904262006283
PPO_2,train/value_loss,104448,0.011024575680494308
PPO_2,train/value_loss,106496,0.007233567535877228
PPO_2,train/value_loss,108544,0.00852737296372652
PPO_2,train/value_loss,110592,0.02354627288877964
PPO_2,train/value_loss,112640,0.026163578033447266
PPO_2,train/value_loss,114688,0.02241976000368595
PPO_2,train/value_loss,116736,0.010518808849155903
PPO_2,train/value_loss,118784,0.0024455145467072725
PPO_2,train/value_loss,120832,0.02249046415090561
PPO_2,train/value_loss,122880,0.02219383977353573
PPO_2,train/value_loss,124928,0.01395786926150322
PPO_2,train/value_loss,126976,0.008358359336853027
PPO_2,train/value_loss,129024,0.014180568978190422
PPO_2,train/value_loss,131072,0.012063181027770042
PPO_2,train/value_loss,133120,0.016811484470963478
PPO_2,train/value_loss,135168,0.015285912901163101
PPO_2,train/value_loss,137216,0.04092448949813843
PPO_2,train/value_loss,139264,0.017797162756323814
PPO_2,train/value_loss,141312,0.014922686852514744
PPO_2,train/value_loss,143360,0.013258429244160652
PPO_2,train/value_loss,145408,0.015809889882802963
PPO_2,train/value_loss,147456,0.012852552346885204
PPO_2,train/value_loss,149504,0.01832999661564827
PPO_2,train/value_loss,151552,0.013468794524669647
PPO_2,train/value_loss,153600,0.0019842938054353
PPO_2,train/value_loss,155648,0.010089445859193802
PPO_2,train/value_loss,157696,0.017574492841959
PPO_2,train/value_loss,159744,0.007468606345355511
PPO_2,train/value_loss,161792,0.01644626259803772
PPO_2,train/value_loss,163840,0.01098627969622612
PPO_2,train/value_loss,165888,0.005523548927158117
PPO_2,train/value_loss,167936,0.016713328659534454
PPO_2,train/value_loss,169984,0.007447631098330021
PPO_2,train/value_loss,172032,0.01692620851099491
PPO_2,train/value_loss,174080,0.017051151022315025
PPO_2,train/value_loss,176128,0.01403941959142685
PPO_2,train/value_loss,178176,0.014325554482638836
PPO_2,train/value_loss,180224,0.009973355568945408
PPO_2,train/value_loss,182272,0.011874448508024216
PPO_2,train/value_loss,184320,0.006856012623757124
PPO_2,train/value_loss,186368,0.017268000170588493
PPO_2,train/value_loss,188416,0.01095246896147728
PPO_2,train/value_loss,190464,0.007978294976055622
PPO_2,train/value_loss,192512,0.01148156262934208
PPO_2,train/value_loss,194560,0.012589477002620697
PPO_2,train/value_loss,196608,0.015663189813494682
PPO_2,train/value_loss,198656,0.014950565993785858
PPO_2,train/value_loss,200704,0.008632799610495567
PPO_2,train/value_loss,202752,0.009239310398697853
PPO_2,train/value_loss,204800,0.007171057630330324
PPO_2,train/value_loss,206848,0.017502520233392715
PPO_2,train/value_loss,208896,0.014591001905500889
PPO_2,train/value_loss,210944,0.012430679053068161
PPO_2,train/value_loss,212992,0.012919511646032333
PPO_2,train/value_loss,215040,0.011219020001590252
PPO_2,train/value_loss,217088,0.01283541601151228
PPO_2,train/value_loss,219136,0.01432923972606659
PPO_2,train/value_loss,221184,0.012398694641888142
PPO_2,train/value_loss,223232,0.007462862879037857
PPO_2,train/value_loss,225280,0.01081823743879795
PPO_2,train/value_loss,227328,0.013006564229726791
PPO_2,train/value_loss,229376,0.014249738305807114
PPO_2,train/value_loss,231424,0.015700500458478928
PPO_2,train/value_loss,233472,0.012072068639099598
PPO_2,train/value_loss,235520,0.016659466549754143
PPO_2,train/value_loss,237568,0.014472032897174358
PPO_2,train/value_loss,239616,0.012721691280603409
PPO_2,train/value_loss,241664,0.016803255304694176
PPO_2,train/value_loss,243712,0.018781816586852074
PPO_2,train/value_loss,245760,0.018258238211274147
PPO_2,train/value_loss,247808,0.01097597274929285
PPO_2,train/value_loss,249856,0.015866519883275032
PPO_2,train/value_loss,251904,0.013011314906179905
PPO_2,train/value_loss,253952,0.01926872879266739
PPO_2,train/value_loss,256000,0.024211499840021133
PPO_2,train/value_loss,258048,0.013919152319431305
PPO_2,train/value_loss,260096,0.013718918897211552
PPO_2,train/value_loss,262144,0.008746420964598656
PPO_2,train/value_loss,264192,0.0031971358694136143
PPO_2,train/value_loss,266240,0.009232815355062485
PPO_2,train/value_loss,268288,0.01314837671816349
PPO_2,train/value_loss,270336,0.01567254588007927
PPO_2,train/value_loss,272384,0.00978255644440651
PPO_2,train/value_loss,274432,0.008743935264647007
PPO_2,train/value_loss,276480,0.009522094391286373
PPO_2,train/value_loss,278528,0.028972679749131203
PPO_2,train/value_loss,280576,0.019068695604801178
PPO_2,train/value_loss,282624,0.009783944115042686
PPO_2,train/value_loss,284672,0.010800088755786419
PPO_2,train/value_loss,286720,0.02039666846394539
PPO_2,train/value_loss,288768,0.007299450691789389
PPO_2,train/value_loss,290816,0.01573692262172699
PPO_2,train/value_loss,292864,0.009688078425824642
PPO_2,train/value_loss,294912,0.011856858618557453
PPO_2,train/value_loss,296960,0.008236619643867016
PPO_2,train/value_loss,299008,0.01140663307160139
PPO_2,train/value_loss,301056,0.008929325267672539
PPO_3,time/fps,2048,1422.0
PPO_3,time/fps,4096,1361.0
PPO_3,time/fps,6144,1343.0
PPO_3,time/fps,8192,1322.0
PPO_3,time/fps,10240,1312.0
PPO_3,time/fps,12288,1301.0
PPO_3,time/fps,14336,1297.0
PPO_3,time/fps,16384,1295.0
PPO_3,time/fps,18432,1292.0
PPO_3,time/fps,20480,1290.0
PPO_3,time/fps,22528,1288.0
PPO_3,time/fps,24576,1288.0
PPO_3,time/fps,26624,1287.0
PPO_3,time/fps,28672,1285.0
PPO_3,time/fps,30720,1287.0
PPO_3,time/fps,32768,1287.0
PPO_3,time/fps,34816,1282.0
PPO_3,time/fps,36864,1282.0
PPO_3,time/fps,38912,1282.0
PPO_3,time/fps,40960,1282.0
PPO_3,time/fps,43008,1281.0
PPO_3,time/fps,45056,1282.0
PPO_3,time/fps,47104,1282.0
PPO_3,time/fps,49152,1282.0
PPO_3,time/fps,51200,1282.0
PPO_3,time/fps,53248,1282.0
PPO_3,time/fps,55296,1282.0
PPO_3,time/fps,57344,1282.0
PPO_3,time/fps,59392,1282.0
PPO_3,time/fps,61440,1281.0
PPO_3,time/fps,63488,1278.0
PPO_3,time/fps,65536,1278.0
PPO_3,time/fps,67584,1277.0
PPO_3,time/fps,69632,1276.0
PPO_3,time/fps,71680,1276.0
PPO_3,time/fps,73728,1276.0
PPO_3,time/fps,75776,1276.0
PPO_3,time/fps,77824,1277.0
PPO_3,time/fps,79872,1276.0
PPO_3,time/fps,81920,1276.0
PPO_3,time/fps,83968,1276.0
PPO_3,time/fps,86016,1276.0
PPO_3,time/fps,88064,1276.0
PPO_3,time/fps,90112,1276.0
PPO_3,time/fps,92160,1276.0
PPO_3,time/fps,94208,1275.0
PPO_3,time/fps,96256,1276.0
PPO_3,time/fps,98304,1275.0
PPO_3,time/fps,100352,1276.0
PPO_3,time/fps,102400,1275.0
PPO_3,time/fps,104448,1275.0
PPO_3,time/fps,106496,1274.0
PPO_3,time/fps,108544,1275.0
PPO_3,time/fps,110592,1274.0
PPO_3,time/fps,112640,1274.0
PPO_3,time/fps,114688,1272.0
PPO_3,time/fps,116736,1272.0
PPO_3,time/fps,118784,1272.0
PPO_3,time/fps,120832,1272.0
PPO_3,time/fps,122880,1272.0
PPO_3,time/fps,124928,1270.0
PPO_3,time/fps,126976,1268.0
PPO_3,time/fps,129024,1266.0
PPO_3,time/fps,131072,1266.0
PPO_3,time/fps,133120,1266.0
PPO_3,time/fps,135168,1266.0
PPO_3,time/fps,137216,1266.0
PPO_3,time/fps,139264,1264.0
PPO_3,time/fps,141312,1263.0
PPO_3,time/fps,143360,1261.0
PPO_3,time/fps,145408,1261.0
PPO_3,time/fps,147456,1260.0
PPO_3,time/fps,149504,1259.0
PPO_3,time/fps,151552,1257.0
PPO_3,time/fps,153600,1256.0
PPO_3,time/fps,155648,1255.0
PPO_3,time/fps,157696,1253.0
PPO_3,time/fps,159744,1253.0
PPO_3,time/fps,161792,1252.0
PPO_3,time/fps,163840,1251.0
PPO_3,time/fps,165888,1250.0
PPO_3,time/fps,167936,1250.0
PPO_3,time/fps,169984,1249.0
PPO_3,time/fps,172032,1249.0
PPO_3,time/fps,174080,1248.0
PPO_3,time/fps,176128,1247.0
PPO_3,time/fps,178176,1248.0
PPO_3,time/fps,180224,1248.0
PPO_3,time/fps,182272,1248.0
PPO_3,time/fps,184320,1248.0
PPO_3,time/fps,186368,1248.0
PPO_3,time/fps,188416,1248.0
PPO_3,time/fps,190464,1249.0
PPO_3,time/fps,192512,1249.0
PPO_3,time/fps,194560,1249.0
PPO_3,time/fps,196608,1249.0
PPO_3,time/fps,198656,1248.0
PPO_3,time/fps,200704,1247.0
PPO_3,time/fps,202752,1246.0
PPO_3,time/fps,204800,1246.0
PPO_3,time/fps,206848,1246.0
PPO_3,time/fps,208896,1246.0
PPO_3,time/fps,210944,1247.0
PPO_3,time/fps,212992,1247.0
PPO_3,time/fps,215040,1247.0
PPO_3,time/fps,217088,1247.0
PPO_3,time/fps,219136,1247.0
PPO_3,time/fps,221184,1248.0
PPO_3,time/fps,223232,1248.0
PPO_3,time/fps,225280,1248.0
PPO_3,time/fps,227328,1248.0
PPO_3,time/fps,229376,1248.0
PPO_3,time/fps,231424,1248.0
PPO_3,time/fps,233472,1247.0
PPO_3,time/fps,235520,1246.0
PPO_3,time/fps,237568,1246.0
PPO_3,time/fps,239616,1246.0
PPO_3,time/fps,241664,1246.0
PPO_3,time/fps,243712,1246.0
PPO_3,time/fps,245760,1246.0
PPO_3,time/fps,247808,1246.0
PPO_3,time/fps,249856,1245.0
PPO_3,time/fps,251904,1245.0
PPO_3,time/fps,253952,1244.0
PPO_3,time/fps,256000,1245.0
PPO_3,time/fps,258048,1244.0
PPO_3,time/fps,260096,1244.0
PPO_3,time/fps,262144,1244.0
PPO_3,time/fps,264192,1244.0
PPO_3,time/fps,266240,1245.0
PPO_3,time/fps,268288,1244.0
PPO_3,time/fps,270336,1244.0
PPO_3,time/fps,272384,1244.0
PPO_3,time/fps,274432,1244.0
PPO_3,time/fps,276480,1244.0
PPO_3,time/fps,278528,1244.0
PPO_3,time/fps,280576,1245.0
PPO_3,time/fps,282624,1245.0
PPO_3,time/fps,284672,1245.0
PPO_3,time/fps,286720,1245.0
PPO_3,time/fps,288768,1245.0
PPO_3,time/fps,290816,1245.0
PPO_3,time/fps,292864,1246.0
PPO_3,time/fps,294912,1245.0
PPO_3,time/fps,296960,1244.0
PPO_3,time/fps,299008,1244.0
PPO_3,time/fps,301056,1243.0
PPO_3,train/approx_kl,4096,0.013416733592748642
PPO_3,train/approx_kl,6144,0.011843748390674591
PPO_3,train/approx_kl,8192,0.013075146824121475
PPO_3,train/approx_kl,10240,0.010888757184147835
PPO_3,train/approx_kl,12288,0.013731945306062698
PPO_3,train/approx_kl,14336,0.014111096039414406
PPO_3,train/approx_kl,16384,0.01627330668270588
PPO_3,train/approx_kl,18432,0.014099305495619774
PPO_3,train/approx_kl,20480,0.013990934938192368
PPO_3,train/approx_kl,22528,0.016114773228764534
PPO_3,train/approx_kl,24576,0.014889823272824287
PPO_3,train/approx_kl,26624,0.014331844635307789
PPO_3,train/approx_kl,28672,0.014091551303863525
PPO_3,train/approx_kl,30720,0.015887053683400154
PPO_3,train/approx_kl,32768,0.01671147719025612
PPO_3,train/approx_kl,34816,0.01620979979634285
PPO_3,train/approx_kl,36864,0.014613557606935501
PPO_3,train/approx_kl,38912,0.015423279255628586
PPO_3,train/approx_kl,40960,0.015879375860095024
PPO_3,train/approx_kl,43008,0.015420902520418167
PPO_3,train/approx_kl,45056,0.016242556273937225
PPO_3,train/approx_kl,47104,0.016302866861224174
PPO_3,train/approx_kl,49152,0.016689714044332504
PPO_3,train/approx_kl,51200,0.016652945429086685
PPO_3,train/approx_kl,53248,0.018048908561468124
PPO_3,train/approx_kl,55296,0.015558971092104912
PPO_3,train/approx_kl,57344,0.016903281211853027
PPO_3,train/approx_kl,59392,0.016860157251358032
PPO_3,train/approx_kl,61440,0.015269575640559196
PPO_3,train/approx_kl,63488,0.015527065843343735
PPO_3,train/approx_kl,65536,0.013989701867103577
PPO_3,train/approx_kl,67584,0.017148325219750404
PPO_3,train/approx_kl,69632,0.017616383731365204
PPO_3,train/approx_kl,71680,0.016457965597510338
PPO_3,train/approx_kl,73728,0.017670266330242157
PPO_3,train/approx_kl,75776,0.015329817309975624
PPO_3,train/approx_kl,77824,0.017117492854595184
PPO_3,train/approx_kl,79872,0.01520361565053463
PPO_3,train/approx_kl,81920,0.015306703746318817
PPO_3,train/approx_kl,83968,0.015610928647220135
PPO_3,train/approx_kl,86016,0.01864432543516159
PPO_3,train/approx_kl,88064,0.017739098519086838
PPO_3,train/approx_kl,90112,0.014788584783673286
PPO_3,train/approx_kl,92160,0.016312696039676666
PPO_3,train/approx_kl,94208,0.018634330481290817
PPO_3,train/approx_kl,96256,0.017142662778496742
PPO_3,train/approx_kl,98304,0.01538212038576603
PPO_3,train/approx_kl,100352,0.017805010080337524
PPO_3,train/approx_kl,102400,0.017412874847650528
PPO_3,train/approx_kl,104448,0.01813272014260292
PPO_3,train/approx_kl,106496,0.016435673460364342
PPO_3,train/approx_kl,108544,0.01563141867518425
PPO_3,train/approx_kl,110592,0.01591123454272747
PPO_3,train/approx_kl,112640,0.01685105822980404
PPO_3,train/approx_kl,114688,0.016231030225753784
PPO_3,train/approx_kl,116736,0.017276665195822716
PPO_3,train/approx_kl,118784,0.01886224001646042
PPO_3,train/approx_kl,120832,0.018372874706983566
PPO_3,train/approx_kl,122880,0.01889033243060112
PPO_3,train/approx_kl,124928,0.018789071589708328
PPO_3,train/approx_kl,126976,0.019203972071409225
PPO_3,train/approx_kl,129024,0.02022310346364975
PPO_3,train/approx_kl,131072,0.014855650253593922
PPO_3,train/approx_kl,133120,0.017799831926822662
PPO_3,train/approx_kl,135168,0.016007252037525177
PPO_3,train/approx_kl,137216,0.016622811555862427
PPO_3,train/approx_kl,139264,0.016546454280614853
PPO_3,train/approx_kl,141312,0.01691797934472561
PPO_3,train/approx_kl,143360,0.0174216628074646
PPO_3,train/approx_kl,145408,0.015148078091442585
PPO_3,train/approx_kl,147456,0.01693262904882431
PPO_3,train/approx_kl,149504,0.01690245047211647
PPO_3,train/approx_kl,151552,0.017173299565911293
PPO_3,train/approx_kl,153600,0.017448890954256058
PPO_3,train/approx_kl,155648,0.019010860472917557
PPO_3,train/approx_kl,157696,0.017760787159204483
PPO_3,train/approx_kl,159744,0.017978131771087646
PPO_3,train/approx_kl,161792,0.017428025603294373
PPO_3,train/approx_kl,163840,0.015754660591483116
PPO_3,train/approx_kl,165888,0.015922915190458298
PPO_3,train/approx_kl,167936,0.015120496973395348
PPO_3,train/approx_kl,169984,0.015993310138583183
PPO_3,train/approx_kl,172032,0.019271694123744965
PPO_3,train/approx_kl,174080,0.016834232956171036
PPO_3,train/approx_kl,176128,0.017435148358345032
PPO_3,train/approx_kl,178176,0.016876518726348877
PPO_3,train/approx_kl,180224,0.015788523480296135
PPO_3,train/approx_kl,182272,0.01873423345386982
PPO_3,train/approx_kl,184320,0.01713940128684044
PPO_3,train/approx_kl,186368,0.016126174479722977
PPO_3,train/approx_kl,188416,0.01353069581091404
PPO_3,train/approx_kl,190464,0.015569555573165417
PPO_3,train/approx_kl,192512,0.015367597341537476
PPO_3,train/approx_kl,194560,0.01873069442808628
PPO_3,train/approx_kl,196608,0.016437925398349762
PPO_3,train/approx_kl,198656,0.01645781472325325
PPO_3,train/approx_kl,200704,0.01739458739757538
PPO_3,train/approx_kl,202752,0.016699649393558502
PPO_3,train/approx_kl,204800,0.017448391765356064
PPO_3,train/approx_kl,206848,0.016854433342814445
PPO_3,train/approx_kl,208896,0.019119638949632645
PPO_3,train/approx_kl,210944,0.016674743965268135
PPO_3,train/approx_kl,212992,0.018603717908263206
PPO_3,train/approx_kl,215040,0.017641989514231682
PPO_3,train/approx_kl,217088,0.017847053706645966
PPO_3,train/approx_kl,219136,0.01582401990890503
PPO_3,train/approx_kl,221184,0.018615515902638435
PPO_3,train/approx_kl,223232,0.016376769170165062
PPO_3,train/approx_kl,225280,0.017037395387887955
PPO_3,train/approx_kl,227328,0.020022490993142128
PPO_3,train/approx_kl,229376,0.014342484064400196
PPO_3,train/approx_kl,231424,0.01805545762181282
PPO_3,train/approx_kl,233472,0.016226135194301605
PPO_3,train/approx_kl,235520,0.018020959571003914
PPO_3,train/approx_kl,237568,0.017643548548221588
PPO_3,train/approx_kl,239616,0.01708473637700081
PPO_3,train/approx_kl,241664,0.01877056434750557
PPO_3,train/approx_kl,243712,0.016082488000392914
PPO_3,train/approx_kl,245760,0.015937762334942818
PPO_3,train/approx_kl,247808,0.01605908013880253
PPO_3,train/approx_kl,249856,0.01737489178776741
PPO_3,train/approx_kl,251904,0.018442761152982712
PPO_3,train/approx_kl,253952,0.01856634020805359
PPO_3,train/approx_kl,256000,0.018440600484609604
PPO_3,train/approx_kl,258048,0.01990571618080139
PPO_3,train/approx_kl,260096,0.016915569081902504
PPO_3,train/approx_kl,262144,0.018687471747398376
PPO_3,train/approx_kl,264192,0.0192585252225399
PPO_3,train/approx_kl,266240,0.01674421690404415
PPO_3,train/approx_kl,268288,0.016332754865288734
PPO_3,train/approx_kl,270336,0.016321372240781784
PPO_3,train/approx_kl,272384,0.016889650374650955
PPO_3,train/approx_kl,274432,0.015943296253681183
PPO_3,train/approx_kl,276480,0.017973240464925766
PPO_3,train/approx_kl,278528,0.014787587337195873
PPO_3,train/approx_kl,280576,0.016202537342905998
PPO_3,train/approx_kl,282624,0.017514586448669434
PPO_3,train/approx_kl,284672,0.020404551178216934
PPO_3,train/approx_kl,286720,0.014556797221302986
PPO_3,train/approx_kl,288768,0.0166412852704525
PPO_3,train/approx_kl,290816,0.016322415322065353
PPO_3,train/approx_kl,292864,0.017969248816370964
PPO_3,train/approx_kl,294912,0.01540202647447586
PPO_3,train/approx_kl,296960,0.017336750403046608
PPO_3,train/approx_kl,299008,0.01869208738207817
PPO_3,train/approx_kl,301056,0.016967836767435074
PPO_3,train/clip_fraction,4096,0.13774414360523224
PPO_3,train/clip_fraction,6144,0.10297851264476776
PPO_3,train/clip_fraction,8192,0.12416992336511612
PPO_3,train/clip_fraction,10240,0.09404297173023224
PPO_3,train/clip_fraction,12288,0.123046875
PPO_3,train/clip_fraction,14336,0.13828125596046448
PPO_3,train/clip_fraction,16384,0.15239258110523224
PPO_3,train/clip_fraction,18432,0.13393554091453552
PPO_3,train/clip_fraction,20480,0.13276366889476776
PPO_3,train/clip_fraction,22528,0.15825195610523224
PPO_3,train/clip_fraction,24576,0.13222655653953552
PPO_3,train/clip_fraction,26624,0.14350585639476776
PPO_3,train/clip_fraction,28672,0.13090820610523224
PPO_3,train/clip_fraction,30720,0.13588866591453552
PPO_3,train/clip_fraction,32768,0.15581054985523224
PPO_3,train/clip_fraction,34816,0.16835936903953552
PPO_3,train/clip_fraction,36864,0.14130859076976776
PPO_3,train/clip_fraction,38912,0.13730469346046448
PPO_3,train/clip_fraction,40960,0.15151366591453552
PPO_3,train/clip_fraction,43008,0.1494140625
PPO_3,train/clip_fraction,45056,0.14272460341453552
PPO_3,train/clip_fraction,47104,0.15410156548023224
PPO_3,train/clip_fraction,49152,0.14272460341453552
PPO_3,train/clip_fraction,51200,0.14628906548023224
PPO_3,train/clip_fraction,53248,0.17558594048023224
PPO_3,train/clip_fraction,55296,0.13872070610523224
PPO_3,train/clip_fraction,57344,0.16352538764476776
PPO_3,train/clip_fraction,59392,0.16684570908546448
PPO_3,train/clip_fraction,61440,0.15385742485523224
PPO_3,train/clip_fraction,63488,0.15771484375
PPO_3,train/clip_fraction,65536,0.13740234076976776
PPO_3,train/clip_fraction,67584,0.149658203125
PPO_3,train/clip_fraction,69632,0.164306640625
PPO_3,train/clip_fraction,71680,0.15458984673023224
PPO_3,train/clip_fraction,73728,0.18144531548023224
PPO_3,train/clip_fraction,75776,0.14213867485523224
PPO_3,train/clip_fraction,77824,0.16435547173023224
PPO_3,train/clip_fraction,79872,0.14365234971046448
PPO_3,train/clip_fraction,81920,0.15737304091453552
PPO_3,train/clip_fraction,83968,0.16455078125
PPO_3,train/clip_fraction,86016,0.17807617783546448
PPO_3,train/clip_fraction,88064,0.16782227158546448
PPO_3,train/clip_fraction,90112,0.128662109375
PPO_3,train/clip_fraction,92160,0.1513671875
PPO_3,train/clip_fraction,94208,0.16572265326976776
PPO_3,train/clip_fraction,96256,0.16948242485523224
PPO_3,train/clip_fraction,98304,0.13491210341453552
PPO_3,train/clip_fraction,100352,0.16538086533546448
PPO_3,train/clip_fraction,102400,0.14907225966453552
PPO_3,train/clip_fraction,104448,0.17226561903953552
PPO_3,train/clip_fraction,106496,0.18447265028953552
PPO_3,train/clip_fraction,108544,0.15175780653953552
PPO_3,train/clip_fraction,110592,0.12558594346046448
PPO_3,train/clip_fraction,112640,0.16411133110523224
PPO_3,train/clip_fraction,114688,0.14736327528953552
PPO_3,train/clip_fraction,116736,0.17050781846046448
PPO_3,train/clip_fraction,118784,0.19052734971046448
PPO_3,train/clip_fraction,120832,0.20058593153953552
PPO_3,train/clip_fraction,122880,0.18071289360523224
PPO_3,train/clip_fraction,124928,0.17050781846046448
PPO_3,train/clip_fraction,126976,0.17910155653953552
PPO_3,train/clip_fraction,129024,0.18833008408546448
PPO_3,train/clip_fraction,131072,0.14418944716453552
PPO_3,train/clip_fraction,133120,0.17006835341453552
PPO_3,train/clip_fraction,135168,0.16743163764476776
PPO_3,train/clip_fraction,137216,0.16630859673023224
PPO_3,train/clip_fraction,139264,0.15888671576976776
PPO_3,train/clip_fraction,141312,0.153076171875
PPO_3,train/clip_fraction,143360,0.17548827826976776
PPO_3,train/clip_fraction,145408,0.14599609375
PPO_3,train/clip_fraction,147456,0.15854492783546448
PPO_3,train/clip_fraction,149504,0.145751953125
PPO_3,train/clip_fraction,151552,0.15009765326976776
PPO_3,train/clip_fraction,153600,0.17314453423023224
PPO_3,train/clip_fraction,155648,0.19404296576976776
PPO_3,train/clip_fraction,157696,0.16958007216453552
PPO_3,train/clip_fraction,159744,0.16621093451976776
PPO_3,train/clip_fraction,161792,0.17011718451976776
PPO_3,train/clip_fraction,163840,0.1533203125
PPO_3,train/clip_fraction,165888,0.171142578125
PPO_3,train/clip_fraction,167936,0.15673828125
PPO_3,train/clip_fraction,169984,0.142333984375
PPO_3,train/clip_fraction,172032,0.17802734673023224
PPO_3,train/clip_fraction,174080,0.16450195014476776
PPO_3,train/clip_fraction,176128,0.16054686903953552
PPO_3,train/clip_fraction,178176,0.16728515923023224
PPO_3,train/clip_fraction,180224,0.16074219346046448
PPO_3,train/clip_fraction,182272,0.17451171576976776
PPO_3,train/clip_fraction,184320,0.17265625298023224
PPO_3,train/clip_fraction,186368,0.17348632216453552
PPO_3,train/clip_fraction,188416,0.15571288764476776
PPO_3,train/clip_fraction,190464,0.18056640028953552
PPO_3,train/clip_fraction,192512,0.15205077826976776
PPO_3,train/clip_fraction,194560,0.18642577528953552
PPO_3,train/clip_fraction,196608,0.15590819716453552
PPO_3,train/clip_fraction,198656,0.13862304389476776
PPO_3,train/clip_fraction,200704,0.18227538466453552
PPO_3,train/clip_fraction,202752,0.15781250596046448
PPO_3,train/clip_fraction,204800,0.17319336533546448
PPO_3,train/clip_fraction,206848,0.165283203125
PPO_3,train/clip_fraction,208896,0.19560547173023224
PPO_3,train/clip_fraction,210944,0.18183593451976776
PPO_3,train/clip_fraction,212992,0.18608398735523224
PPO_3,train/clip_fraction,215040,0.15659180283546448
PPO_3,train/clip_fraction,217088,0.17192383110523224
PPO_3,train/clip_fraction,219136,0.15590819716453552
PPO_3,train/clip_fraction,221184,0.2177734375
PPO_3,train/clip_fraction,223232,0.16386719048023224
PPO_3,train/clip_fraction,225280,0.18266601860523224
PPO_3,train/clip_fraction,227328,0.18715819716453552
PPO_3,train/clip_fraction,229376,0.1318359375
PPO_3,train/clip_fraction,231424,0.17250975966453552
PPO_3,train/clip_fraction,233472,0.16875000298023224
PPO_3,train/clip_fraction,235520,0.17436523735523224
PPO_3,train/clip_fraction,237568,0.16958007216453552
PPO_3,train/clip_fraction,239616,0.16049805283546448
PPO_3,train/clip_fraction,241664,0.18300780653953552
PPO_3,train/clip_fraction,243712,0.15302734076976776
PPO_3,train/clip_fraction,245760,0.13984374701976776
PPO_3,train/clip_fraction,247808,0.16069336235523224
PPO_3,train/clip_fraction,249856,0.17929688096046448
PPO_3,train/clip_fraction,251904,0.19414062798023224
PPO_3,train/clip_fraction,253952,0.20244140923023224
PPO_3,train/clip_fraction,256000,0.18178710341453552
PPO_3,train/clip_fraction,258048,0.15102538466453552
PPO_3,train/clip_fraction,260096,0.16508789360523224
PPO_3,train/clip_fraction,262144,0.17656250298023224
PPO_3,train/clip_fraction,264192,0.189208984375
PPO_3,train/clip_fraction,266240,0.154052734375
PPO_3,train/clip_fraction,268288,0.14809569716453552
PPO_3,train/clip_fraction,270336,0.15327148139476776
PPO_3,train/clip_fraction,272384,0.15434570610523224
PPO_3,train/clip_fraction,274432,0.16494140028953552
PPO_3,train/clip_fraction,276480,0.18208007514476776
PPO_3,train/clip_fraction,278528,0.13701172173023224
PPO_3,train/clip_fraction,280576,0.14682617783546448
PPO_3,train/clip_fraction,282624,0.15498046576976776
PPO_3,train/clip_fraction,284672,0.19355468451976776
PPO_3,train/clip_fraction,286720,0.13564452528953552
PPO_3,train/clip_fraction,288768,0.16879883408546448
PPO_3,train/clip_fraction,290816,0.16171875596046448
PPO_3,train/clip_fraction,292864,0.14165039360523224
PPO_3,train/clip_fraction,294912,0.14658203721046448
PPO_3,train/clip_fraction,296960,0.16010741889476776
PPO_3,train/clip_fraction,299008,0.16396483778953552
PPO_3,train/clip_fraction,301056,0.160400390625
PPO_3,train/clip_range,4096,0.20000000298023224
PPO_3,train/clip_range,6144,0.20000000298023224
PPO_3,train/clip_range,8192,0.20000000298023224
PPO_3,train/clip_range,10240,0.20000000298023224
PPO_3,train/clip_range,12288,0.20000000298023224
PPO_3,train/clip_range,14336,0.20000000298023224
PPO_3,train/clip_range,16384,0.20000000298023224
PPO_3,train/clip_range,18432,0.20000000298023224
PPO_3,train/clip_range,20480,0.20000000298023224
PPO_3,train/clip_range,22528,0.20000000298023224
PPO_3,train/clip_range,24576,0.20000000298023224
PPO_3,train/clip_range,26624,0.20000000298023224
PPO_3,train/clip_range,28672,0.20000000298023224
PPO_3,train/clip_range,30720,0.20000000298023224
PPO_3,train/clip_range,32768,0.20000000298023224
PPO_3,train/clip_range,34816,0.20000000298023224
PPO_3,train/clip_range,36864,0.20000000298023224
PPO_3,train/clip_range,38912,0.20000000298023224
PPO_3,train/clip_range,40960,0.20000000298023224
PPO_3,train/clip_range,43008,0.20000000298023224
PPO_3,train/clip_range,45056,0.20000000298023224
PPO_3,train/clip_range,47104,0.20000000298023224
PPO_3,train/clip_range,49152,0.20000000298023224
PPO_3,train/clip_range,51200,0.20000000298023224
PPO_3,train/clip_range,53248,0.20000000298023224
PPO_3,train/clip_range,55296,0.20000000298023224
PPO_3,train/clip_range,57344,0.20000000298023224
PPO_3,train/clip_range,59392,0.20000000298023224
PPO_3,train/clip_range,61440,0.20000000298023224
PPO_3,train/clip_range,63488,0.20000000298023224
PPO_3,train/clip_range,65536,0.20000000298023224
PPO_3,train/clip_range,67584,0.20000000298023224
PPO_3,train/clip_range,69632,0.20000000298023224
PPO_3,train/clip_range,71680,0.20000000298023224
PPO_3,train/clip_range,73728,0.20000000298023224
PPO_3,train/clip_range,75776,0.20000000298023224
PPO_3,train/clip_range,77824,0.20000000298023224
PPO_3,train/clip_range,79872,0.20000000298023224
PPO_3,train/clip_range,81920,0.20000000298023224
PPO_3,train/clip_range,83968,0.20000000298023224
PPO_3,train/clip_range,86016,0.20000000298023224
PPO_3,train/clip_range,88064,0.20000000298023224
PPO_3,train/clip_range,90112,0.20000000298023224
PPO_3,train/clip_range,92160,0.20000000298023224
PPO_3,train/clip_range,94208,0.20000000298023224
PPO_3,train/clip_range,96256,0.20000000298023224
PPO_3,train/clip_range,98304,0.20000000298023224
PPO_3,train/clip_range,100352,0.20000000298023224
PPO_3,train/clip_range,102400,0.20000000298023224
PPO_3,train/clip_range,104448,0.20000000298023224
PPO_3,train/clip_range,106496,0.20000000298023224
PPO_3,train/clip_range,108544,0.20000000298023224
PPO_3,train/clip_range,110592,0.20000000298023224
PPO_3,train/clip_range,112640,0.20000000298023224
PPO_3,train/clip_range,114688,0.20000000298023224
PPO_3,train/clip_range,116736,0.20000000298023224
PPO_3,train/clip_range,118784,0.20000000298023224
PPO_3,train/clip_range,120832,0.20000000298023224
PPO_3,train/clip_range,122880,0.20000000298023224
PPO_3,train/clip_range,124928,0.20000000298023224
PPO_3,train/clip_range,126976,0.20000000298023224
PPO_3,train/clip_range,129024,0.20000000298023224
PPO_3,train/clip_range,131072,0.20000000298023224
PPO_3,train/clip_range,133120,0.20000000298023224
PPO_3,train/clip_range,135168,0.20000000298023224
PPO_3,train/clip_range,137216,0.20000000298023224
PPO_3,train/clip_range,139264,0.20000000298023224
PPO_3,train/clip_range,141312,0.20000000298023224
PPO_3,train/clip_range,143360,0.20000000298023224
PPO_3,train/clip_range,145408,0.20000000298023224
PPO_3,train/clip_range,147456,0.20000000298023224
PPO_3,train/clip_range,149504,0.20000000298023224
PPO_3,train/clip_range,151552,0.20000000298023224
PPO_3,train/clip_range,153600,0.20000000298023224
PPO_3,train/clip_range,155648,0.20000000298023224
PPO_3,train/clip_range,157696,0.20000000298023224
PPO_3,train/clip_range,159744,0.20000000298023224
PPO_3,train/clip_range,161792,0.20000000298023224
PPO_3,train/clip_range,163840,0.20000000298023224
PPO_3,train/clip_range,165888,0.20000000298023224
PPO_3,train/clip_range,167936,0.20000000298023224
PPO_3,train/clip_range,169984,0.20000000298023224
PPO_3,train/clip_range,172032,0.20000000298023224
PPO_3,train/clip_range,174080,0.20000000298023224
PPO_3,train/clip_range,176128,0.20000000298023224
PPO_3,train/clip_range,178176,0.20000000298023224
PPO_3,train/clip_range,180224,0.20000000298023224
PPO_3,train/clip_range,182272,0.20000000298023224
PPO_3,train/clip_range,184320,0.20000000298023224
PPO_3,train/clip_range,186368,0.20000000298023224
PPO_3,train/clip_range,188416,0.20000000298023224
PPO_3,train/clip_range,190464,0.20000000298023224
PPO_3,train/clip_range,192512,0.20000000298023224
PPO_3,train/clip_range,194560,0.20000000298023224
PPO_3,train/clip_range,196608,0.20000000298023224
PPO_3,train/clip_range,198656,0.20000000298023224
PPO_3,train/clip_range,200704,0.20000000298023224
PPO_3,train/clip_range,202752,0.20000000298023224
PPO_3,train/clip_range,204800,0.20000000298023224
PPO_3,train/clip_range,206848,0.20000000298023224
PPO_3,train/clip_range,208896,0.20000000298023224
PPO_3,train/clip_range,210944,0.20000000298023224
PPO_3,train/clip_range,212992,0.20000000298023224
PPO_3,train/clip_range,215040,0.20000000298023224
PPO_3,train/clip_range,217088,0.20000000298023224
PPO_3,train/clip_range,219136,0.20000000298023224
PPO_3,train/clip_range,221184,0.20000000298023224
PPO_3,train/clip_range,223232,0.20000000298023224
PPO_3,train/clip_range,225280,0.20000000298023224
PPO_3,train/clip_range,227328,0.20000000298023224
PPO_3,train/clip_range,229376,0.20000000298023224
PPO_3,train/clip_range,231424,0.20000000298023224
PPO_3,train/clip_range,233472,0.20000000298023224
PPO_3,train/clip_range,235520,0.20000000298023224
PPO_3,train/clip_range,237568,0.20000000298023224
PPO_3,train/clip_range,239616,0.20000000298023224
PPO_3,train/clip_range,241664,0.20000000298023224
PPO_3,train/clip_range,243712,0.20000000298023224
PPO_3,train/clip_range,245760,0.20000000298023224
PPO_3,train/clip_range,247808,0.20000000298023224
PPO_3,train/clip_range,249856,0.20000000298023224
PPO_3,train/clip_range,251904,0.20000000298023224
PPO_3,train/clip_range,253952,0.20000000298023224
PPO_3,train/clip_range,256000,0.20000000298023224
PPO_3,train/clip_range,258048,0.20000000298023224
PPO_3,train/clip_range,260096,0.20000000298023224
PPO_3,train/clip_range,262144,0.20000000298023224
PPO_3,train/clip_range,264192,0.20000000298023224
PPO_3,train/clip_range,266240,0.20000000298023224
PPO_3,train/clip_range,268288,0.20000000298023224
PPO_3,train/clip_range,270336,0.20000000298023224
PPO_3,train/clip_range,272384,0.20000000298023224
PPO_3,train/clip_range,274432,0.20000000298023224
PPO_3,train/clip_range,276480,0.20000000298023224
PPO_3,train/clip_range,278528,0.20000000298023224
PPO_3,train/clip_range,280576,0.20000000298023224
PPO_3,train/clip_range,282624,0.20000000298023224
PPO_3,train/clip_range,284672,0.20000000298023224
PPO_3,train/clip_range,286720,0.20000000298023224
PPO_3,train/clip_range,288768,0.20000000298023224
PPO_3,train/clip_range,290816,0.20000000298023224
PPO_3,train/clip_range,292864,0.20000000298023224
PPO_3,train/clip_range,294912,0.20000000298023224
PPO_3,train/clip_range,296960,0.20000000298023224
PPO_3,train/clip_range,299008,0.20000000298023224
PPO_3,train/clip_range,301056,0.20000000298023224
PPO_3,train/entropy_loss,4096,-22.73731231689453
PPO_3,train/entropy_loss,6144,-22.77094268798828
PPO_3,train/entropy_loss,8192,-22.77680206298828
PPO_3,train/entropy_loss,10240,-22.797704696655273
PPO_3,train/entropy_loss,12288,-22.835458755493164
PPO_3,train/entropy_loss,14336,-22.868318557739258
PPO_3,train/entropy_loss,16384,-22.872907638549805
PPO_3,train/entropy_loss,18432,-22.851999282836914
PPO_3,train/entropy_loss,20480,-22.851411819458008
PPO_3,train/entropy_loss,22528,-22.870702743530273
PPO_3,train/entropy_loss,24576,-22.88667106628418
PPO_3,train/entropy_loss,26624,-22.910991668701172
PPO_3,train/entropy_loss,28672,-22.946434020996094
PPO_3,train/entropy_loss,30720,-22.972993850708008
PPO_3,train/entropy_loss,32768,-22.985639572143555
PPO_3,train/entropy_loss,34816,-23.02199935913086
PPO_3,train/entropy_loss,36864,-23.03216552734375
PPO_3,train/entropy_loss,38912,-23.00086784362793
PPO_3,train/entropy_loss,40960,-23.00659942626953
PPO_3,train/entropy_loss,43008,-23.012514114379883
PPO_3,train/entropy_loss,45056,-23.02073097229004
PPO_3,train/entropy_loss,47104,-23.057432174682617
PPO_3,train/entropy_loss,49152,-23.07248306274414
PPO_3,train/entropy_loss,51200,-23.108858108520508
PPO_3,train/entropy_loss,53248,-23.12487030029297
PPO_3,train/entropy_loss,55296,-23.13056755065918
PPO_3,train/entropy_loss,57344,-23.133617401123047
PPO_3,train/entropy_loss,59392,-23.123004913330078
PPO_3,train/entropy_loss,61440,-23.134977340698242
PPO_3,train/entropy_loss,63488,-23.159690856933594
PPO_3,train/entropy_loss,65536,-23.18524169921875
PPO_3,train/entropy_loss,67584,-23.223054885864258
PPO_3,train/entropy_loss,69632,-23.269573211669922
PPO_3,train/entropy_loss,71680,-23.300621032714844
PPO_3,train/entropy_loss,73728,-23.31147003173828
PPO_3,train/entropy_loss,75776,-23.33320426940918
PPO_3,train/entropy_loss,77824,-23.344152450561523
PPO_3,train/entropy_loss,79872,-23.371509552001953
PPO_3,train/entropy_loss,81920,-23.40678596496582
PPO_3,train/entropy_loss,83968,-23.433563232421875
PPO_3,train/entropy_loss,86016,-23.47164535522461
PPO_3,train/entropy_loss,88064,-23.51308250427246
PPO_3,train/entropy_loss,90112,-23.557897567749023
PPO_3,train/entropy_loss,92160,-23.594852447509766
PPO_3,train/entropy_loss,94208,-23.591655731201172
PPO_3,train/entropy_loss,96256,-23.58494758605957
PPO_3,train/entropy_loss,98304,-23.583646774291992
PPO_3,train/entropy_loss,100352,-23.60677719116211
PPO_3,train/entropy_loss,102400,-23.659934997558594
PPO_3,train/entropy_loss,104448,-23.69058609008789
PPO_3,train/entropy_loss,106496,-23.716989517211914
PPO_3,train/entropy_loss,108544,-23.73036766052246
PPO_3,train/entropy_loss,110592,-23.771596908569336
PPO_3,train/entropy_loss,112640,-23.810924530029297
PPO_3,train/entropy_loss,114688,-23.841209411621094
PPO_3,train/entropy_loss,116736,-23.855627059936523
PPO_3,train/entropy_loss,118784,-23.878509521484375
PPO_3,train/entropy_loss,120832,-23.902881622314453
PPO_3,train/entropy_loss,122880,-23.93726348876953
PPO_3,train/entropy_loss,124928,-23.978368759155273
PPO_3,train/entropy_loss,126976,-24.02681541442871
PPO_3,train/entropy_loss,129024,-24.085262298583984
PPO_3,train/entropy_loss,131072,-24.095943450927734
PPO_3,train/entropy_loss,133120,-24.07395362854004
PPO_3,train/entropy_loss,135168,-24.071378707885742
PPO_3,train/entropy_loss,137216,-24.06521224975586
PPO_3,train/entropy_loss,139264,-24.081981658935547
PPO_3,train/entropy_loss,141312,-24.116601943969727
PPO_3,train/entropy_loss,143360,-24.13944435119629
PPO_3,train/entropy_loss,145408,-24.18160057067871
PPO_3,train/entropy_loss,147456,-24.225807189941406
PPO_3,train/entropy_loss,149504,-24.256492614746094
PPO_3,train/entropy_loss,151552,-24.27306365966797
PPO_3,train/entropy_loss,153600,-24.304134368896484
PPO_3,train/entropy_loss,155648,-24.325071334838867
PPO_3,train/entropy_loss,157696,-24.345548629760742
PPO_3,train/entropy_loss,159744,-24.381649017333984
PPO_3,train/entropy_loss,161792,-24.418140411376953
PPO_3,train/entropy_loss,163840,-24.463226318359375
PPO_3,train/entropy_loss,165888,-24.51060676574707
PPO_3,train/entropy_loss,167936,-24.53818130493164
PPO_3,train/entropy_loss,169984,-24.556671142578125
PPO_3,train/entropy_loss,172032,-24.599180221557617
PPO_3,train/entropy_loss,174080,-24.6282901763916
PPO_3,train/entropy_loss,176128,-24.683053970336914
PPO_3,train/entropy_loss,178176,-24.73240089416504
PPO_3,train/entropy_loss,180224,-24.763198852539062
PPO_3,train/entropy_loss,182272,-24.766353607177734
PPO_3,train/entropy_loss,184320,-24.78672981262207
PPO_3,train/entropy_loss,186368,-24.816843032836914
PPO_3,train/entropy_loss,188416,-24.879026412963867
PPO_3,train/entropy_loss,190464,-24.934864044189453
PPO_3,train/entropy_loss,192512,-24.959428787231445
PPO_3,train/entropy_loss,194560,-24.992753982543945
PPO_3,train/entropy_loss,196608,-25.05976104736328
PPO_3,train/entropy_loss,198656,-25.143070220947266
PPO_3,train/entropy_loss,200704,-25.20378875732422
PPO_3,train/entropy_loss,202752,-25.24619483947754
PPO_3,train/entropy_loss,204800,-25.280498504638672
PPO_3,train/entropy_loss,206848,-25.337942123413086
PPO_3,train/entropy_loss,208896,-25.363710403442383
PPO_3,train/entropy_loss,210944,-25.38397216796875
PPO_3,train/entropy_loss,212992,-25.42264747619629
PPO_3,train/entropy_loss,215040,-25.428085327148438
PPO_3,train/entropy_loss,217088,-25.415069580078125
PPO_3,train/entropy_loss,219136,-25.404314041137695
PPO_3,train/entropy_loss,221184,-25.417028427124023
PPO_3,train/entropy_loss,223232,-25.44736099243164
PPO_3,train/entropy_loss,225280,-25.474586486816406
PPO_3,train/entropy_loss,227328,-25.5034236907959
PPO_3,train/entropy_loss,229376,-25.564239501953125
PPO_3,train/entropy_loss,231424,-25.6144962310791
PPO_3,train/entropy_loss,233472,-25.639545440673828
PPO_3,train/entropy_loss,235520,-25.677446365356445
PPO_3,train/entropy_loss,237568,-25.7192325592041
PPO_3,train/entropy_loss,239616,-25.757726669311523
PPO_3,train/entropy_loss,241664,-25.78127670288086
PPO_3,train/entropy_loss,243712,-25.80984878540039
PPO_3,train/entropy_loss,245760,-25.80780792236328
PPO_3,train/entropy_loss,247808,-25.83136558532715
PPO_3,train/entropy_loss,249856,-25.875288009643555
PPO_3,train/entropy_loss,251904,-25.898197174072266
PPO_3,train/entropy_loss,253952,-25.925535202026367
PPO_3,train/entropy_loss,256000,-25.962757110595703
PPO_3,train/entropy_loss,258048,-26.008569717407227
PPO_3,train/entropy_loss,260096,-26.05953598022461
PPO_3,train/entropy_loss,262144,-26.120241165161133
PPO_3,train/entropy_loss,264192,-26.16446876525879
PPO_3,train/entropy_loss,266240,-26.229246139526367
PPO_3,train/entropy_loss,268288,-26.26548957824707
PPO_3,train/entropy_loss,270336,-26.283782958984375
PPO_3,train/entropy_loss,272384,-26.310821533203125
PPO_3,train/entropy_loss,274432,-26.319610595703125
PPO_3,train/entropy_loss,276480,-26.325225830078125
PPO_3,train/entropy_loss,278528,-26.344600677490234
PPO_3,train/entropy_loss,280576,-26.3591365814209
PPO_3,train/entropy_loss,282624,-26.342390060424805
PPO_3,train/entropy_loss,284672,-26.376283645629883
PPO_3,train/entropy_loss,286720,-26.462810516357422
PPO_3,train/entropy_loss,288768,-26.507457733154297
PPO_3,train/entropy_loss,290816,-26.539783477783203
PPO_3,train/entropy_loss,292864,-26.574176788330078
PPO_3,train/entropy_loss,294912,-26.593088150024414
PPO_3,train/entropy_loss,296960,-26.640634536743164
PPO_3,train/entropy_loss,299008,-26.70798683166504
PPO_3,train/entropy_loss,301056,-26.75570297241211
PPO_3,train/explained_variance,4096,0.10404407978057861
PPO_3,train/explained_variance,6144,0.3935197591781616
PPO_3,train/explained_variance,8192,0.6500494480133057
PPO_3,train/explained_variance,10240,0.6141656637191772
PPO_3,train/explained_variance,12288,0.781527042388916
PPO_3,train/explained_variance,14336,0.9098081588745117
PPO_3,train/explained_variance,16384,0.8221278190612793
PPO_3,train/explained_variance,18432,0.7883659601211548
PPO_3,train/explained_variance,20480,0.922493040561676
PPO_3,train/explained_variance,22528,0.9534653425216675
PPO_3,train/explained_variance,24576,0.929371178150177
PPO_3,train/explained_variance,26624,0.825349748134613
PPO_3,train/explained_variance,28672,0.8887196779251099
PPO_3,train/explained_variance,30720,0.9719204306602478
PPO_3,train/explained_variance,32768,0.9726982116699219
PPO_3,train/explained_variance,34816,0.9823113083839417
PPO_3,train/explained_variance,36864,0.8705605864524841
PPO_3,train/explained_variance,38912,0.9226648807525635
PPO_3,train/explained_variance,40960,0.9504926204681396
PPO_3,train/explained_variance,43008,0.9777318835258484
PPO_3,train/explained_variance,45056,0.945181131362915
PPO_3,train/explained_variance,47104,0.991176187992096
PPO_3,train/explained_variance,49152,0.9786966443061829
PPO_3,train/explained_variance,51200,0.9829595685005188
PPO_3,train/explained_variance,53248,0.9622754454612732
PPO_3,train/explained_variance,55296,0.9872866868972778
PPO_3,train/explained_variance,57344,0.9927214980125427
PPO_3,train/explained_variance,59392,0.9911292195320129
PPO_3,train/explained_variance,61440,0.9892682433128357
PPO_3,train/explained_variance,63488,0.9602563381195068
PPO_3,train/explained_variance,65536,0.9902288317680359
PPO_3,train/explained_variance,67584,0.9371067881584167
PPO_3,train/explained_variance,69632,0.9824599623680115
PPO_3,train/explained_variance,71680,0.9881669878959656
PPO_3,train/explained_variance,73728,0.915437638759613
PPO_3,train/explained_variance,75776,0.9905465245246887
PPO_3,train/explained_variance,77824,0.9753289818763733
PPO_3,train/explained_variance,79872,0.990034282207489
PPO_3,train/explained_variance,81920,0.9768077731132507
PPO_3,train/explained_variance,83968,0.9753003120422363
PPO_3,train/explained_variance,86016,0.9944562911987305
PPO_3,train/explained_variance,88064,0.9836542010307312
PPO_3,train/explained_variance,90112,0.9894342422485352
PPO_3,train/explained_variance,92160,0.982475757598877
PPO_3,train/explained_variance,94208,0.973448634147644
PPO_3,train/explained_variance,96256,0.9890630841255188
PPO_3,train/explained_variance,98304,0.9921520948410034
PPO_3,train/explained_variance,100352,0.9877265691757202
PPO_3,train/explained_variance,102400,0.9842312932014465
PPO_3,train/explained_variance,104448,0.9843980669975281
PPO_3,train/explained_variance,106496,0.9949809312820435
PPO_3,train/explained_variance,108544,0.9957343339920044
PPO_3,train/explained_variance,110592,0.9923415184020996
PPO_3,train/explained_variance,112640,0.9919455647468567
PPO_3,train/explained_variance,114688,0.9948073625564575
PPO_3,train/explained_variance,116736,0.9961466789245605
PPO_3,train/explained_variance,118784,0.9972751140594482
PPO_3,train/explained_variance,120832,0.9850293397903442
PPO_3,train/explained_variance,122880,0.9922533631324768
PPO_3,train/explained_variance,124928,0.9957404136657715
PPO_3,train/explained_variance,126976,0.9943355321884155
PPO_3,train/explained_variance,129024,0.9963613152503967
PPO_3,train/explained_variance,131072,0.9916775226593018
PPO_3,train/explained_variance,133120,0.9980632066726685
PPO_3,train/explained_variance,135168,0.9922696948051453
PPO_3,train/explained_variance,137216,0.9944613575935364
PPO_3,train/explained_variance,139264,0.9901827573776245
PPO_3,train/explained_variance,141312,0.9865484237670898
PPO_3,train/explained_variance,143360,0.9894283413887024
PPO_3,train/explained_variance,145408,0.98921799659729
PPO_3,train/explained_variance,147456,0.9879904985427856
PPO_3,train/explained_variance,149504,0.9924592971801758
PPO_3,train/explained_variance,151552,0.9946922063827515
PPO_3,train/explained_variance,153600,0.9802084565162659
PPO_3,train/explained_variance,155648,0.9929220080375671
PPO_3,train/explained_variance,157696,0.9946037530899048
PPO_3,train/explained_variance,159744,0.9967794418334961
PPO_3,train/explained_variance,161792,0.9675859212875366
PPO_3,train/explained_variance,163840,0.9870433807373047
PPO_3,train/explained_variance,165888,0.9977074265480042
PPO_3,train/explained_variance,167936,0.997112512588501
PPO_3,train/explained_variance,169984,0.9886276721954346
PPO_3,train/explained_variance,172032,0.9426673054695129
PPO_3,train/explained_variance,174080,0.9963670372962952
PPO_3,train/explained_variance,176128,0.9934902191162109
PPO_3,train/explained_variance,178176,0.9952084422111511
PPO_3,train/explained_variance,180224,0.9918226599693298
PPO_3,train/explained_variance,182272,0.9931852221488953
PPO_3,train/explained_variance,184320,0.9955747723579407
PPO_3,train/explained_variance,186368,0.9963862299919128
PPO_3,train/explained_variance,188416,0.9695054292678833
PPO_3,train/explained_variance,190464,0.9943754076957703
PPO_3,train/explained_variance,192512,0.9946284890174866
PPO_3,train/explained_variance,194560,0.9935951232910156
PPO_3,train/explained_variance,196608,0.9859675765037537
PPO_3,train/explained_variance,198656,0.9953210353851318
PPO_3,train/explained_variance,200704,0.9841444492340088
PPO_3,train/explained_variance,202752,0.9954916834831238
PPO_3,train/explained_variance,204800,0.9971956014633179
PPO_3,train/explained_variance,206848,0.9891815185546875
PPO_3,train/explained_variance,208896,0.9885237216949463
PPO_3,train/explained_variance,210944,0.9914947152137756
PPO_3,train/explained_variance,212992,0.9940712451934814
PPO_3,train/explained_variance,215040,0.9938680529594421
PPO_3,train/explained_variance,217088,0.9958022236824036
PPO_3,train/explained_variance,219136,0.9693875908851624
PPO_3,train/explained_variance,221184,0.9940990209579468
PPO_3,train/explained_variance,223232,0.9928915500640869
PPO_3,train/explained_variance,225280,0.9980568289756775
PPO_3,train/explained_variance,227328,0.991332471370697
PPO_3,train/explained_variance,229376,0.9953746199607849
PPO_3,train/explained_variance,231424,0.9888098239898682
PPO_3,train/explained_variance,233472,0.9865022301673889
PPO_3,train/explained_variance,235520,0.9947170615196228
PPO_3,train/explained_variance,237568,0.9981285929679871
PPO_3,train/explained_variance,239616,0.997997522354126
PPO_3,train/explained_variance,241664,0.9954816102981567
PPO_3,train/explained_variance,243712,0.9967655539512634
PPO_3,train/explained_variance,245760,0.997251033782959
PPO_3,train/explained_variance,247808,0.9758654236793518
PPO_3,train/explained_variance,249856,0.9854243993759155
PPO_3,train/explained_variance,251904,0.9976974725723267
PPO_3,train/explained_variance,253952,0.9788441061973572
PPO_3,train/explained_variance,256000,0.9876000881195068
PPO_3,train/explained_variance,258048,0.99111407995224
PPO_3,train/explained_variance,260096,0.995702862739563
PPO_3,train/explained_variance,262144,0.9912497401237488
PPO_3,train/explained_variance,264192,0.9914452433586121
PPO_3,train/explained_variance,266240,0.9950375556945801
PPO_3,train/explained_variance,268288,0.9949835538864136
PPO_3,train/explained_variance,270336,0.9953511357307434
PPO_3,train/explained_variance,272384,0.9966475367546082
PPO_3,train/explained_variance,274432,0.9981721639633179
PPO_3,train/explained_variance,276480,0.9940379858016968
PPO_3,train/explained_variance,278528,0.9968610405921936
PPO_3,train/explained_variance,280576,0.9970245361328125
PPO_3,train/explained_variance,282624,0.9962167739868164
PPO_3,train/explained_variance,284672,0.9138054847717285
PPO_3,train/explained_variance,286720,0.9950580596923828
PPO_3,train/explained_variance,288768,0.99266517162323
PPO_3,train/explained_variance,290816,0.9954961538314819
PPO_3,train/explained_variance,292864,0.984259843826294
PPO_3,train/explained_variance,294912,0.996660053730011
PPO_3,train/explained_variance,296960,0.9907897114753723
PPO_3,train/explained_variance,299008,0.9835910797119141
PPO_3,train/explained_variance,301056,0.996102511882782
PPO_3,train/learning_rate,4096,0.0003000000142492354
PPO_3,train/learning_rate,6144,0.0003000000142492354
PPO_3,train/learning_rate,8192,0.0003000000142492354
PPO_3,train/learning_rate,10240,0.0003000000142492354
PPO_3,train/learning_rate,12288,0.0003000000142492354
PPO_3,train/learning_rate,14336,0.0003000000142492354
PPO_3,train/learning_rate,16384,0.0003000000142492354
PPO_3,train/learning_rate,18432,0.0003000000142492354
PPO_3,train/learning_rate,20480,0.0003000000142492354
PPO_3,train/learning_rate,22528,0.0003000000142492354
PPO_3,train/learning_rate,24576,0.0003000000142492354
PPO_3,train/learning_rate,26624,0.0003000000142492354
PPO_3,train/learning_rate,28672,0.0003000000142492354
PPO_3,train/learning_rate,30720,0.0003000000142492354
PPO_3,train/learning_rate,32768,0.0003000000142492354
PPO_3,train/learning_rate,34816,0.0003000000142492354
PPO_3,train/learning_rate,36864,0.0003000000142492354
PPO_3,train/learning_rate,38912,0.0003000000142492354
PPO_3,train/learning_rate,40960,0.0003000000142492354
PPO_3,train/learning_rate,43008,0.0003000000142492354
PPO_3,train/learning_rate,45056,0.0003000000142492354
PPO_3,train/learning_rate,47104,0.0003000000142492354
PPO_3,train/learning_rate,49152,0.0003000000142492354
PPO_3,train/learning_rate,51200,0.0003000000142492354
PPO_3,train/learning_rate,53248,0.0003000000142492354
PPO_3,train/learning_rate,55296,0.0003000000142492354
PPO_3,train/learning_rate,57344,0.0003000000142492354
PPO_3,train/learning_rate,59392,0.0003000000142492354
PPO_3,train/learning_rate,61440,0.0003000000142492354
PPO_3,train/learning_rate,63488,0.0003000000142492354
PPO_3,train/learning_rate,65536,0.0003000000142492354
PPO_3,train/learning_rate,67584,0.0003000000142492354
PPO_3,train/learning_rate,69632,0.0003000000142492354
PPO_3,train/learning_rate,71680,0.0003000000142492354
PPO_3,train/learning_rate,73728,0.0003000000142492354
PPO_3,train/learning_rate,75776,0.0003000000142492354
PPO_3,train/learning_rate,77824,0.0003000000142492354
PPO_3,train/learning_rate,79872,0.0003000000142492354
PPO_3,train/learning_rate,81920,0.0003000000142492354
PPO_3,train/learning_rate,83968,0.0003000000142492354
PPO_3,train/learning_rate,86016,0.0003000000142492354
PPO_3,train/learning_rate,88064,0.0003000000142492354
PPO_3,train/learning_rate,90112,0.0003000000142492354
PPO_3,train/learning_rate,92160,0.0003000000142492354
PPO_3,train/learning_rate,94208,0.0003000000142492354
PPO_3,train/learning_rate,96256,0.0003000000142492354
PPO_3,train/learning_rate,98304,0.0003000000142492354
PPO_3,train/learning_rate,100352,0.0003000000142492354
PPO_3,train/learning_rate,102400,0.0003000000142492354
PPO_3,train/learning_rate,104448,0.0003000000142492354
PPO_3,train/learning_rate,106496,0.0003000000142492354
PPO_3,train/learning_rate,108544,0.0003000000142492354
PPO_3,train/learning_rate,110592,0.0003000000142492354
PPO_3,train/learning_rate,112640,0.0003000000142492354
PPO_3,train/learning_rate,114688,0.0003000000142492354
PPO_3,train/learning_rate,116736,0.0003000000142492354
PPO_3,train/learning_rate,118784,0.0003000000142492354
PPO_3,train/learning_rate,120832,0.0003000000142492354
PPO_3,train/learning_rate,122880,0.0003000000142492354
PPO_3,train/learning_rate,124928,0.0003000000142492354
PPO_3,train/learning_rate,126976,0.0003000000142492354
PPO_3,train/learning_rate,129024,0.0003000000142492354
PPO_3,train/learning_rate,131072,0.0003000000142492354
PPO_3,train/learning_rate,133120,0.0003000000142492354
PPO_3,train/learning_rate,135168,0.0003000000142492354
PPO_3,train/learning_rate,137216,0.0003000000142492354
PPO_3,train/learning_rate,139264,0.0003000000142492354
PPO_3,train/learning_rate,141312,0.0003000000142492354
PPO_3,train/learning_rate,143360,0.0003000000142492354
PPO_3,train/learning_rate,145408,0.0003000000142492354
PPO_3,train/learning_rate,147456,0.0003000000142492354
PPO_3,train/learning_rate,149504,0.0003000000142492354
PPO_3,train/learning_rate,151552,0.0003000000142492354
PPO_3,train/learning_rate,153600,0.0003000000142492354
PPO_3,train/learning_rate,155648,0.0003000000142492354
PPO_3,train/learning_rate,157696,0.0003000000142492354
PPO_3,train/learning_rate,159744,0.0003000000142492354
PPO_3,train/learning_rate,161792,0.0003000000142492354
PPO_3,train/learning_rate,163840,0.0003000000142492354
PPO_3,train/learning_rate,165888,0.0003000000142492354
PPO_3,train/learning_rate,167936,0.0003000000142492354
PPO_3,train/learning_rate,169984,0.0003000000142492354
PPO_3,train/learning_rate,172032,0.0003000000142492354
PPO_3,train/learning_rate,174080,0.0003000000142492354
PPO_3,train/learning_rate,176128,0.0003000000142492354
PPO_3,train/learning_rate,178176,0.0003000000142492354
PPO_3,train/learning_rate,180224,0.0003000000142492354
PPO_3,train/learning_rate,182272,0.0003000000142492354
PPO_3,train/learning_rate,184320,0.0003000000142492354
PPO_3,train/learning_rate,186368,0.0003000000142492354
PPO_3,train/learning_rate,188416,0.0003000000142492354
PPO_3,train/learning_rate,190464,0.0003000000142492354
PPO_3,train/learning_rate,192512,0.0003000000142492354
PPO_3,train/learning_rate,194560,0.0003000000142492354
PPO_3,train/learning_rate,196608,0.0003000000142492354
PPO_3,train/learning_rate,198656,0.0003000000142492354
PPO_3,train/learning_rate,200704,0.0003000000142492354
PPO_3,train/learning_rate,202752,0.0003000000142492354
PPO_3,train/learning_rate,204800,0.0003000000142492354
PPO_3,train/learning_rate,206848,0.0003000000142492354
PPO_3,train/learning_rate,208896,0.0003000000142492354
PPO_3,train/learning_rate,210944,0.0003000000142492354
PPO_3,train/learning_rate,212992,0.0003000000142492354
PPO_3,train/learning_rate,215040,0.0003000000142492354
PPO_3,train/learning_rate,217088,0.0003000000142492354
PPO_3,train/learning_rate,219136,0.0003000000142492354
PPO_3,train/learning_rate,221184,0.0003000000142492354
PPO_3,train/learning_rate,223232,0.0003000000142492354
PPO_3,train/learning_rate,225280,0.0003000000142492354
PPO_3,train/learning_rate,227328,0.0003000000142492354
PPO_3,train/learning_rate,229376,0.0003000000142492354
PPO_3,train/learning_rate,231424,0.0003000000142492354
PPO_3,train/learning_rate,233472,0.0003000000142492354
PPO_3,train/learning_rate,235520,0.0003000000142492354
PPO_3,train/learning_rate,237568,0.0003000000142492354
PPO_3,train/learning_rate,239616,0.0003000000142492354
PPO_3,train/learning_rate,241664,0.0003000000142492354
PPO_3,train/learning_rate,243712,0.0003000000142492354
PPO_3,train/learning_rate,245760,0.0003000000142492354
PPO_3,train/learning_rate,247808,0.0003000000142492354
PPO_3,train/learning_rate,249856,0.0003000000142492354
PPO_3,train/learning_rate,251904,0.0003000000142492354
PPO_3,train/learning_rate,253952,0.0003000000142492354
PPO_3,train/learning_rate,256000,0.0003000000142492354
PPO_3,train/learning_rate,258048,0.0003000000142492354
PPO_3,train/learning_rate,260096,0.0003000000142492354
PPO_3,train/learning_rate,262144,0.0003000000142492354
PPO_3,train/learning_rate,264192,0.0003000000142492354
PPO_3,train/learning_rate,266240,0.0003000000142492354
PPO_3,train/learning_rate,268288,0.0003000000142492354
PPO_3,train/learning_rate,270336,0.0003000000142492354
PPO_3,train/learning_rate,272384,0.0003000000142492354
PPO_3,train/learning_rate,274432,0.0003000000142492354
PPO_3,train/learning_rate,276480,0.0003000000142492354
PPO_3,train/learning_rate,278528,0.0003000000142492354
PPO_3,train/learning_rate,280576,0.0003000000142492354
PPO_3,train/learning_rate,282624,0.0003000000142492354
PPO_3,train/learning_rate,284672,0.0003000000142492354
PPO_3,train/learning_rate,286720,0.0003000000142492354
PPO_3,train/learning_rate,288768,0.0003000000142492354
PPO_3,train/learning_rate,290816,0.0003000000142492354
PPO_3,train/learning_rate,292864,0.0003000000142492354
PPO_3,train/learning_rate,294912,0.0003000000142492354
PPO_3,train/learning_rate,296960,0.0003000000142492354
PPO_3,train/learning_rate,299008,0.0003000000142492354
PPO_3,train/learning_rate,301056,0.0003000000142492354
PPO_3,train/loss,4096,-0.2157658338546753
PPO_3,train/loss,6144,-0.24606738984584808
PPO_3,train/loss,8192,-0.2536052167415619
PPO_3,train/loss,10240,-0.27880895137786865
PPO_3,train/loss,12288,-0.2811238765716553
PPO_3,train/loss,14336,-0.2786760628223419
PPO_3,train/loss,16384,-0.29222336411476135
PPO_3,train/loss,18432,-0.28907841444015503
PPO_3,train/loss,20480,-0.2828436493873596
PPO_3,train/loss,22528,-0.29213809967041016
PPO_3,train/loss,24576,-0.30190297961235046
PPO_3,train/loss,26624,-0.2925531566143036
PPO_3,train/loss,28672,-0.2635762393474579
PPO_3,train/loss,30720,-0.29251283407211304
PPO_3,train/loss,32768,-0.28460150957107544
PPO_3,train/loss,34816,-0.27970609068870544
PPO_3,train/loss,36864,-0.28657448291778564
PPO_3,train/loss,38912,-0.28195661306381226
PPO_3,train/loss,40960,-0.30197152495384216
PPO_3,train/loss,43008,-0.2950965166091919
PPO_3,train/loss,45056,-0.28667783737182617
PPO_3,train/loss,47104,-0.2728140354156494
PPO_3,train/loss,49152,-0.30214470624923706
PPO_3,train/loss,51200,-0.2849483788013458
PPO_3,train/loss,53248,-0.302021324634552
PPO_3,train/loss,55296,-0.2729102671146393
PPO_3,train/loss,57344,-0.27933868765830994
PPO_3,train/loss,59392,-0.2931845188140869
PPO_3,train/loss,61440,-0.2900359034538269
PPO_3,train/loss,63488,-0.2853775918483734
PPO_3,train/loss,65536,-0.28271299600601196
PPO_3,train/loss,67584,-0.2908300757408142
PPO_3,train/loss,69632,-0.29512104392051697
PPO_3,train/loss,71680,-0.2775140404701233
PPO_3,train/loss,73728,-0.2894284427165985
PPO_3,train/loss,75776,-0.29256322979927063
PPO_3,train/loss,77824,-0.2954460084438324
PPO_3,train/loss,79872,-0.2865006923675537
PPO_3,train/loss,81920,-0.2856447398662567
PPO_3,train/loss,83968,-0.2874296009540558
PPO_3,train/loss,86016,-0.3038075566291809
PPO_3,train/loss,88064,-0.2953648567199707
PPO_3,train/loss,90112,-0.2726607024669647
PPO_3,train/loss,92160,-0.28756099939346313
PPO_3,train/loss,94208,-0.29647237062454224
PPO_3,train/loss,96256,-0.2873682975769043
PPO_3,train/loss,98304,-0.28328582644462585
PPO_3,train/loss,100352,-0.29273518919944763
PPO_3,train/loss,102400,-0.2774547338485718
PPO_3,train/loss,104448,-0.29479914903640747
PPO_3,train/loss,106496,-0.2850087285041809
PPO_3,train/loss,108544,-0.30209091305732727
PPO_3,train/loss,110592,-0.28055569529533386
PPO_3,train/loss,112640,-0.27555668354034424
PPO_3,train/loss,114688,-0.29248046875
PPO_3,train/loss,116736,-0.2999371588230133
PPO_3,train/loss,118784,-0.29750797152519226
PPO_3,train/loss,120832,-0.2967047691345215
PPO_3,train/loss,122880,-0.3035064935684204
PPO_3,train/loss,124928,-0.2983286678791046
PPO_3,train/loss,126976,-0.30174294114112854
PPO_3,train/loss,129024,-0.2955023944377899
PPO_3,train/loss,131072,-0.28684818744659424
PPO_3,train/loss,133120,-0.2972943186759949
PPO_3,train/loss,135168,-0.29890176653862
PPO_3,train/loss,137216,-0.30949288606643677
PPO_3,train/loss,139264,-0.3111865520477295
PPO_3,train/loss,141312,-0.2922404706478119
PPO_3,train/loss,143360,-0.31250280141830444
PPO_3,train/loss,145408,-0.3000233471393585
PPO_3,train/loss,147456,-0.2997918725013733
PPO_3,train/loss,149504,-0.29442739486694336
PPO_3,train/loss,151552,-0.26972636580467224
PPO_3,train/loss,153600,-0.28981485962867737
PPO_3,train/loss,155648,-0.31222671270370483
PPO_3,train/loss,157696,-0.2801116704940796
PPO_3,train/loss,159744,-0.2857655882835388
PPO_3,train/loss,161792,-0.29860684275627136
PPO_3,train/loss,163840,-0.29009631276130676
PPO_3,train/loss,165888,-0.26162174344062805
PPO_3,train/loss,167936,-0.3071317970752716
PPO_3,train/loss,169984,-0.2999331057071686
PPO_3,train/loss,172032,-0.3176094591617584
PPO_3,train/loss,174080,-0.29477742314338684
PPO_3,train/loss,176128,-0.2882133424282074
PPO_3,train/loss,178176,-0.3056657314300537
PPO_3,train/loss,180224,-0.30225512385368347
PPO_3,train/loss,182272,-0.3004956543445587
PPO_3,train/loss,184320,-0.29685622453689575
PPO_3,train/loss,186368,-0.3100121021270752
PPO_3,train/loss,188416,-0.27431875467300415
PPO_3,train/loss,190464,-0.30980920791625977
PPO_3,train/loss,192512,-0.2929641604423523
PPO_3,train/loss,194560,-0.2917652726173401
PPO_3,train/loss,196608,-0.30425190925598145
PPO_3,train/loss,198656,-0.30522415041923523
PPO_3,train/loss,200704,-0.3191714286804199
PPO_3,train/loss,202752,-0.3026105463504791
PPO_3,train/loss,204800,-0.31443706154823303
PPO_3,train/loss,206848,-0.2995358407497406
PPO_3,train/loss,208896,-0.3157505393028259
PPO_3,train/loss,210944,-0.3124811351299286
PPO_3,train/loss,212992,-0.323124498128891
PPO_3,train/loss,215040,-0.29230114817619324
PPO_3,train/loss,217088,-0.31933414936065674
PPO_3,train/loss,219136,-0.29752597212791443
PPO_3,train/loss,221184,-0.33772367238998413
PPO_3,train/loss,223232,-0.3033645451068878
PPO_3,train/loss,225280,-0.3011072278022766
PPO_3,train/loss,227328,-0.3225063681602478
PPO_3,train/loss,229376,-0.3013398051261902
PPO_3,train/loss,231424,-0.32240211963653564
PPO_3,train/loss,233472,-0.317085862159729
PPO_3,train/loss,235520,-0.3296073377132416
PPO_3,train/loss,237568,-0.3237649202346802
PPO_3,train/loss,239616,-0.31227603554725647
PPO_3,train/loss,241664,-0.3063807785511017
PPO_3,train/loss,243712,-0.3111388683319092
PPO_3,train/loss,245760,-0.32260867953300476
PPO_3,train/loss,247808,-0.31474146246910095
PPO_3,train/loss,249856,-0.32067838311195374
PPO_3,train/loss,251904,-0.3399175703525543
PPO_3,train/loss,253952,-0.3226317763328552
PPO_3,train/loss,256000,-0.3241175711154938
PPO_3,train/loss,258048,-0.3052991032600403
PPO_3,train/loss,260096,-0.32247990369796753
PPO_3,train/loss,262144,-0.3250826299190521
PPO_3,train/loss,264192,-0.33342862129211426
PPO_3,train/loss,266240,-0.3193584978580475
PPO_3,train/loss,268288,-0.31489673256874084
PPO_3,train/loss,270336,-0.29258042573928833
PPO_3,train/loss,272384,-0.32456743717193604
PPO_3,train/loss,274432,-0.3197910487651825
PPO_3,train/loss,276480,-0.32673653960227966
PPO_3,train/loss,278528,-0.3221084475517273
PPO_3,train/loss,280576,-0.3114509880542755
PPO_3,train/loss,282624,-0.31089213490486145
PPO_3,train/loss,284672,-0.3317188024520874
PPO_3,train/loss,286720,-0.3093869090080261
PPO_3,train/loss,288768,-0.31034883856773376
PPO_3,train/loss,290816,-0.3169647753238678
PPO_3,train/loss,292864,-0.3236750066280365
PPO_3,train/loss,294912,-0.3107309341430664
PPO_3,train/loss,296960,-0.3344663679599762
PPO_3,train/loss,299008,-0.3197207450866699
PPO_3,train/loss,301056,-0.3383626639842987
PPO_3,train/policy_gradient_loss,4096,-0.03168081119656563
PPO_3,train/policy_gradient_loss,6144,-0.0262439101934433
PPO_3,train/policy_gradient_loss,8192,-0.0331168957054615
PPO_3,train/policy_gradient_loss,10240,-0.02975461632013321
PPO_3,train/policy_gradient_loss,12288,-0.03460337966680527
PPO_3,train/policy_gradient_loss,14336,-0.0384690947830677
PPO_3,train/policy_gradient_loss,16384,-0.039907462894916534
PPO_3,train/policy_gradient_loss,18432,-0.038226787000894547
PPO_3,train/policy_gradient_loss,20480,-0.038716740906238556
PPO_3,train/policy_gradient_loss,22528,-0.04141854867339134
PPO_3,train/policy_gradient_loss,24576,-0.03896371275186539
PPO_3,train/policy_gradient_loss,26624,-0.03946423530578613
PPO_3,train/policy_gradient_loss,28672,-0.035140760242938995
PPO_3,train/policy_gradient_loss,30720,-0.03930487483739853
PPO_3,train/policy_gradient_loss,32768,-0.0413273386657238
PPO_3,train/policy_gradient_loss,34816,-0.03995682671666145
PPO_3,train/policy_gradient_loss,36864,-0.03502359613776207
PPO_3,train/policy_gradient_loss,38912,-0.038086939603090286
PPO_3,train/policy_gradient_loss,40960,-0.040093906223773956
PPO_3,train/policy_gradient_loss,43008,-0.04271768406033516
PPO_3,train/policy_gradient_loss,45056,-0.03916337341070175
PPO_3,train/policy_gradient_loss,47104,-0.03783705458045006
PPO_3,train/policy_gradient_loss,49152,-0.03982101008296013
PPO_3,train/policy_gradient_loss,51200,-0.040147814899683
PPO_3,train/policy_gradient_loss,53248,-0.04298753663897514
PPO_3,train/policy_gradient_loss,55296,-0.030994268134236336
PPO_3,train/policy_gradient_loss,57344,-0.03724236786365509
PPO_3,train/policy_gradient_loss,59392,-0.04297430440783501
PPO_3,train/policy_gradient_loss,61440,-0.040010955184698105
PPO_3,train/policy_gradient_loss,63488,-0.039029426872730255
PPO_3,train/policy_gradient_loss,65536,-0.03722253814339638
PPO_3,train/policy_gradient_loss,67584,-0.03673373907804489
PPO_3,train/policy_gradient_loss,69632,-0.04108778014779091
PPO_3,train/policy_gradient_loss,71680,-0.03230496495962143
PPO_3,train/policy_gradient_loss,73728,-0.03901492804288864
PPO_3,train/policy_gradient_loss,75776,-0.03416229784488678
PPO_3,train/policy_gradient_loss,77824,-0.04221487045288086
PPO_3,train/policy_gradient_loss,79872,-0.03566473349928856
PPO_3,train/policy_gradient_loss,81920,-0.038301967084407806
PPO_3,train/policy_gradient_loss,83968,-0.034783292561769485
PPO_3,train/policy_gradient_loss,86016,-0.04264790564775467
PPO_3,train/policy_gradient_loss,88064,-0.04236241430044174
PPO_3,train/policy_gradient_loss,90112,-0.030855152755975723
PPO_3,train/policy_gradient_loss,92160,-0.0404096320271492
PPO_3,train/policy_gradient_loss,94208,-0.0381338931620121
PPO_3,train/policy_gradient_loss,96256,-0.03839925304055214
PPO_3,train/policy_gradient_loss,98304,-0.037134092301130295
PPO_3,train/policy_gradient_loss,100352,-0.03774150833487511
PPO_3,train/policy_gradient_loss,102400,-0.03367214649915695
PPO_3,train/policy_gradient_loss,104448,-0.03622039034962654
PPO_3,train/policy_gradient_loss,106496,-0.03862645849585533
PPO_3,train/policy_gradient_loss,108544,-0.03938550874590874
PPO_3,train/policy_gradient_loss,110592,-0.03434697911143303
PPO_3,train/policy_gradient_loss,112640,-0.036911990493535995
PPO_3,train/policy_gradient_loss,114688,-0.03540804237127304
PPO_3,train/policy_gradient_loss,116736,-0.038190070539712906
PPO_3,train/policy_gradient_loss,118784,-0.040064673870801926
PPO_3,train/policy_gradient_loss,120832,-0.043073102831840515
PPO_3,train/policy_gradient_loss,122880,-0.04037448391318321
PPO_3,train/policy_gradient_loss,124928,-0.03753912076354027
PPO_3,train/policy_gradient_loss,126976,-0.03986824303865433
PPO_3,train/policy_gradient_loss,129024,-0.04014109820127487
PPO_3,train/policy_gradient_loss,131072,-0.037465307861566544
PPO_3,train/policy_gradient_loss,133120,-0.03888590633869171
PPO_3,train/policy_gradient_loss,135168,-0.03968203440308571
PPO_3,train/policy_gradient_loss,137216,-0.038374219089746475
PPO_3,train/policy_gradient_loss,139264,-0.03861352056264877
PPO_3,train/policy_gradient_loss,141312,-0.033816296607255936
PPO_3,train/policy_gradient_loss,143360,-0.04275783523917198
PPO_3,train/policy_gradient_loss,145408,-0.037038374692201614
PPO_3,train/policy_gradient_loss,147456,-0.040217138826847076
PPO_3,train/policy_gradient_loss,149504,-0.03329075872898102
PPO_3,train/policy_gradient_loss,151552,-0.03916412591934204
PPO_3,train/policy_gradient_loss,153600,-0.034987471997737885
PPO_3,train/policy_gradient_loss,155648,-0.04542284458875656
PPO_3,train/policy_gradient_loss,157696,-0.0392095148563385
PPO_3,train/policy_gradient_loss,159744,-0.03876402601599693
PPO_3,train/policy_gradient_loss,161792,-0.03808370232582092
PPO_3,train/policy_gradient_loss,163840,-0.035189688205718994
PPO_3,train/policy_gradient_loss,165888,-0.03403209522366524
PPO_3,train/policy_gradient_loss,167936,-0.03548453003168106
PPO_3,train/policy_gradient_loss,169984,-0.038266826421022415
PPO_3,train/policy_gradient_loss,172032,-0.041718751192092896
PPO_3,train/policy_gradient_loss,174080,-0.03260357305407524
PPO_3,train/policy_gradient_loss,176128,-0.03205982968211174
PPO_3,train/policy_gradient_loss,178176,-0.03897038474678993
PPO_3,train/policy_gradient_loss,180224,-0.04150310158729553
PPO_3,train/policy_gradient_loss,182272,-0.03909121826291084
PPO_3,train/policy_gradient_loss,184320,-0.036616355180740356
PPO_3,train/policy_gradient_loss,186368,-0.03890141844749451
PPO_3,train/policy_gradient_loss,188416,-0.02683698758482933
PPO_3,train/policy_gradient_loss,190464,-0.03885790705680847
PPO_3,train/policy_gradient_loss,192512,-0.03954755887389183
PPO_3,train/policy_gradient_loss,194560,-0.040823113173246384
PPO_3,train/policy_gradient_loss,196608,-0.03527124598622322
PPO_3,train/policy_gradient_loss,198656,-0.03359275683760643
PPO_3,train/policy_gradient_loss,200704,-0.034032005816698074
PPO_3,train/policy_gradient_loss,202752,-0.033465851098299026
PPO_3,train/policy_gradient_loss,204800,-0.03797105699777603
PPO_3,train/policy_gradient_loss,206848,-0.03605230525135994
PPO_3,train/policy_gradient_loss,208896,-0.04275268688797951
PPO_3,train/policy_gradient_loss,210944,-0.042233552783727646
PPO_3,train/policy_gradient_loss,212992,-0.042492371052503586
PPO_3,train/policy_gradient_loss,215040,-0.04147301986813545
PPO_3,train/policy_gradient_loss,217088,-0.04291566461324692
PPO_3,train/policy_gradient_loss,219136,-0.030497997999191284
PPO_3,train/policy_gradient_loss,221184,-0.046189773827791214
PPO_3,train/policy_gradient_loss,223232,-0.03838718309998512
PPO_3,train/policy_gradient_loss,225280,-0.03639981523156166
PPO_3,train/policy_gradient_loss,227328,-0.040801092982292175
PPO_3,train/policy_gradient_loss,229376,-0.03434562310576439
PPO_3,train/policy_gradient_loss,231424,-0.04063162952661514
PPO_3,train/policy_gradient_loss,233472,-0.03880320116877556
PPO_3,train/policy_gradient_loss,235520,-0.043681446462869644
PPO_3,train/policy_gradient_loss,237568,-0.03775334358215332
PPO_3,train/policy_gradient_loss,239616,-0.03650756552815437
PPO_3,train/policy_gradient_loss,241664,-0.03632614389061928
PPO_3,train/policy_gradient_loss,243712,-0.0368938110768795
PPO_3,train/policy_gradient_loss,245760,-0.03469373285770416
PPO_3,train/policy_gradient_loss,247808,-0.036154959350824356
PPO_3,train/policy_gradient_loss,249856,-0.039501722902059555
PPO_3,train/policy_gradient_loss,251904,-0.036845285445451736
PPO_3,train/policy_gradient_loss,253952,-0.03966156765818596
PPO_3,train/policy_gradient_loss,256000,-0.044337112456560135
PPO_3,train/policy_gradient_loss,258048,-0.035985346883535385
PPO_3,train/policy_gradient_loss,260096,-0.03800412639975548
PPO_3,train/policy_gradient_loss,262144,-0.03587716817855835
PPO_3,train/policy_gradient_loss,264192,-0.04237128049135208
PPO_3,train/policy_gradient_loss,266240,-0.03397323191165924
PPO_3,train/policy_gradient_loss,268288,-0.033500105142593384
PPO_3,train/policy_gradient_loss,270336,-0.037896692752838135
PPO_3,train/policy_gradient_loss,272384,-0.03729449585080147
PPO_3,train/policy_gradient_loss,274432,-0.03557227551937103
PPO_3,train/policy_gradient_loss,276480,-0.039965175092220306
PPO_3,train/policy_gradient_loss,278528,-0.0338304340839386
PPO_3,train/policy_gradient_loss,280576,-0.03593181446194649
PPO_3,train/policy_gradient_loss,282624,-0.038646429777145386
PPO_3,train/policy_gradient_loss,284672,-0.03512188419699669
PPO_3,train/policy_gradient_loss,286720,-0.030048228800296783
PPO_3,train/policy_gradient_loss,288768,-0.03723696991801262
PPO_3,train/policy_gradient_loss,290816,-0.036904364824295044
PPO_3,train/policy_gradient_loss,292864,-0.035536590963602066
PPO_3,train/policy_gradient_loss,294912,-0.03400324657559395
PPO_3,train/policy_gradient_loss,296960,-0.04083310812711716
PPO_3,train/policy_gradient_loss,299008,-0.03816717863082886
PPO_3,train/policy_gradient_loss,301056,-0.040286388248205185
PPO_3,train/std,4096,1.0035549402236938
PPO_3,train/std,6144,1.0045080184936523
PPO_3,train/std,8192,1.00458824634552
PPO_3,train/std,10240,1.0072067975997925
PPO_3,train/std,12288,1.00914466381073
PPO_3,train/std,14336,1.011530876159668
PPO_3,train/std,16384,1.0094263553619385
PPO_3,train/std,18432,1.0093824863433838
PPO_3,train/std,20480,1.0099570751190186
PPO_3,train/std,22528,1.0106489658355713
PPO_3,train/std,24576,1.012454628944397
PPO_3,train/std,26624,1.0139665603637695
PPO_3,train/std,28672,1.0167986154556274
PPO_3,train/std,30720,1.0172330141067505
PPO_3,train/std,32768,1.0185198783874512
PPO_3,train/std,34816,1.0217183828353882
PPO_3,train/std,36864,1.0199400186538696
PPO_3,train/std,38912,1.0183556079864502
PPO_3,train/std,40960,1.0199695825576782
PPO_3,train/std,43008,1.0192523002624512
PPO_3,train/std,45056,1.0215593576431274
PPO_3,train/std,47104,1.0228813886642456
PPO_3,train/std,49152,1.0248075723648071
PPO_3,train/std,51200,1.0272645950317383
PPO_3,train/std,53248,1.0268267393112183
PPO_3,train/std,55296,1.0277944803237915
PPO_3,train/std,57344,1.0270956754684448
PPO_3,train/std,59392,1.0271556377410889
PPO_3,train/std,61440,1.0286740064620972
PPO_3,train/std,63488,1.030269742012024
PPO_3,train/std,65536,1.0318524837493896
PPO_3,train/std,67584,1.03545081615448
PPO_3,train/std,69632,1.0375072956085205
PPO_3,train/std,71680,1.0391818284988403
PPO_3,train/std,73728,1.0392005443572998
PPO_3,train/std,75776,1.0420434474945068
PPO_3,train/std,77824,1.041100025177002
PPO_3,train/std,79872,1.0453765392303467
PPO_3,train/std,81920,1.045841097831726
PPO_3,train/std,83968,1.0488176345825195
PPO_3,train/std,86016,1.0512508153915405
PPO_3,train/std,88064,1.0534613132476807
PPO_3,train/std,90112,1.0577377080917358
PPO_3,train/std,92160,1.0578464269638062
PPO_3,train/std,94208,1.0582764148712158
PPO_3,train/std,96256,1.056913137435913
PPO_3,train/std,98304,1.058199405670166
PPO_3,train/std,100352,1.0604556798934937
PPO_3,train/std,102400,1.0644923448562622
PPO_3,train/std,104448,1.065817952156067
PPO_3,train/std,106496,1.06637442111969
PPO_3,train/std,108544,1.0689733028411865
PPO_3,train/std,110592,1.0715885162353516
PPO_3,train/std,112640,1.0741117000579834
PPO_3,train/std,114688,1.0755467414855957
PPO_3,train/std,116736,1.0766681432724
PPO_3,train/std,118784,1.0781818628311157
PPO_3,train/std,120832,1.0805174112319946
PPO_3,train/std,122880,1.0824286937713623
PPO_3,train/std,124928,1.085924506187439
PPO_3,train/std,126976,1.0899605751037598
PPO_3,train/std,129024,1.0935240983963013
PPO_3,train/std,131072,1.0919709205627441
PPO_3,train/std,133120,1.0908429622650146
PPO_3,train/std,135168,1.0914887189865112
PPO_3,train/std,137216,1.090004324913025
PPO_3,train/std,139264,1.0934697389602661
PPO_3,train/std,141312,1.0949289798736572
PPO_3,train/std,143360,1.0971553325653076
PPO_3,train/std,145408,1.1002833843231201
PPO_3,train/std,147456,1.103252649307251
PPO_3,train/std,149504,1.1049612760543823
PPO_3,train/std,151552,1.1064848899841309
PPO_3,train/std,153600,1.1087841987609863
PPO_3,train/std,155648,1.1091934442520142
PPO_3,train/std,157696,1.1122379302978516
PPO_3,train/std,159744,1.1144686937332153
PPO_3,train/std,161792,1.1171128749847412
PPO_3,train/std,163840,1.1202157735824585
PPO_3,train/std,165888,1.1241354942321777
PPO_3,train/std,167936,1.1237303018569946
PPO_3,train/std,169984,1.1276702880859375
PPO_3,train/std,172032,1.1290608644485474
PPO_3,train/std,174080,1.1321903467178345
PPO_3,train/std,176128,1.136855959892273
PPO_3,train/std,178176,1.1393053531646729
PPO_3,train/std,180224,1.1409578323364258
PPO_3,train/std,182272,1.1404742002487183
PPO_3,train/std,184320,1.1434694528579712
PPO_3,train/std,186368,1.1455001831054688
PPO_3,train/std,188416,1.1523182392120361
PPO_3,train/std,190464,1.1534925699234009
PPO_3,train/std,192512,1.1553584337234497
PPO_3,train/std,194560,1.1591575145721436
PPO_3,train/std,196608,1.1655056476593018
PPO_3,train/std,198656,1.1704652309417725
PPO_3,train/std,200704,1.1747841835021973
PPO_3,train/std,202752,1.1763807535171509
PPO_3,train/std,204800,1.180907964706421
PPO_3,train/std,206848,1.1840956211090088
PPO_3,train/std,208896,1.1848732233047485
PPO_3,train/std,210944,1.1875274181365967
PPO_3,train/std,212992,1.1899057626724243
PPO_3,train/std,215040,1.1888587474822998
PPO_3,train/std,217088,1.1879347562789917
PPO_3,train/std,219136,1.1880781650543213
PPO_3,train/std,221184,1.1891857385635376
PPO_3,train/std,223232,1.1925044059753418
PPO_3,train/std,225280,1.193609595298767
PPO_3,train/std,227328,1.197227954864502
PPO_3,train/std,229376,1.2024266719818115
PPO_3,train/std,231424,1.2044401168823242
PPO_3,train/std,233472,1.2064998149871826
PPO_3,train/std,235520,1.2100307941436768
PPO_3,train/std,237568,1.2128922939300537
PPO_3,train/std,239616,1.2156010866165161
PPO_3,train/std,241664,1.2178549766540527
PPO_3,train/std,243712,1.2197786569595337
PPO_3,train/std,245760,1.219439148902893
PPO_3,train/std,247808,1.2223711013793945
PPO_3,train/std,249856,1.2249748706817627
PPO_3,train/std,251904,1.2268112897872925
PPO_3,train/std,253952,1.2294950485229492
PPO_3,train/std,256000,1.2323756217956543
PPO_3,train/std,258048,1.2366727590560913
PPO_3,train/std,260096,1.2406569719314575
PPO_3,train/std,262144,1.245314598083496
PPO_3,train/std,264192,1.248889684677124
PPO_3,train/std,266240,1.2552833557128906
PPO_3,train/std,268288,1.2546920776367188
PPO_3,train/std,270336,1.2579823732376099
PPO_3,train/std,272384,1.2583963871002197
PPO_3,train/std,274432,1.260277271270752
PPO_3,train/std,276480,1.2596935033798218
PPO_3,train/std,278528,1.2626664638519287
PPO_3,train/std,280576,1.261265754699707
PPO_3,train/std,282624,1.2611877918243408
PPO_3,train/std,284672,1.267826795578003
PPO_3,train/std,286720,1.2734248638153076
PPO_3,train/std,288768,1.27475106716156
PPO_3,train/std,290816,1.2795814275741577
PPO_3,train/std,292864,1.2812259197235107
PPO_3,train/std,294912,1.2826403379440308
PPO_3,train/std,296960,1.2892093658447266
PPO_3,train/std,299008,1.2924057245254517
PPO_3,train/std,301056,1.2961535453796387
PPO_3,train/value_loss,4096,0.4605751931667328
PPO_3,train/value_loss,6144,0.09065569937229156
PPO_3,train/value_loss,8192,0.050717659294605255
PPO_3,train/value_loss,10240,0.03575684130191803
PPO_3,train/value_loss,12288,0.030538776889443398
PPO_3,train/value_loss,14336,0.02828720025718212
PPO_3,train/value_loss,16384,0.024071624502539635
PPO_3,train/value_loss,18432,0.026137232780456543
PPO_3,train/value_loss,20480,0.024207154288887978
PPO_3,train/value_loss,22528,0.021798720583319664
PPO_3,train/value_loss,24576,0.019854716956615448
PPO_3,train/value_loss,26624,0.018809176981449127
PPO_3,train/value_loss,28672,0.02886905148625374
PPO_3,train/value_loss,30720,0.02117755450308323
PPO_3,train/value_loss,32768,0.022181328386068344
PPO_3,train/value_loss,34816,0.02028029039502144
PPO_3,train/value_loss,36864,0.013739053159952164
PPO_3,train/value_loss,38912,0.010028420947492123
PPO_3,train/value_loss,40960,0.008048931136727333
PPO_3,train/value_loss,43008,0.02078796550631523
PPO_3,train/value_loss,45056,0.009620395489037037
PPO_3,train/value_loss,47104,0.010721825994551182
PPO_3,train/value_loss,49152,0.009018657729029655
PPO_3,train/value_loss,51200,0.00804112944751978
PPO_3,train/value_loss,53248,0.007711085490882397
PPO_3,train/value_loss,55296,0.013730423524975777
PPO_3,train/value_loss,57344,0.01092138234525919
PPO_3,train/value_loss,59392,0.013686896301805973
PPO_3,train/value_loss,61440,0.01644207537174225
PPO_3,train/value_loss,63488,0.0060880593955516815
PPO_3,train/value_loss,65536,0.0097719831392169
PPO_3,train/value_loss,67584,0.008982065133750439
PPO_3,train/value_loss,69632,0.004159202799201012
PPO_3,train/value_loss,71680,0.010753651149570942
PPO_3,train/value_loss,73728,0.012105956673622131
PPO_3,train/value_loss,75776,0.0102681340649724
PPO_3,train/value_loss,77824,0.005610151682049036
PPO_3,train/value_loss,79872,0.014416584745049477
PPO_3,train/value_loss,81920,0.004515246022492647
PPO_3,train/value_loss,83968,0.007690734229981899
PPO_3,train/value_loss,86016,0.006228838115930557
PPO_3,train/value_loss,88064,0.003969417419284582
PPO_3,train/value_loss,90112,0.009184502996504307
PPO_3,train/value_loss,92160,0.013624371960759163
PPO_3,train/value_loss,94208,0.0038942720275372267
PPO_3,train/value_loss,96256,0.005339635070413351
PPO_3,train/value_loss,98304,0.014007028192281723
PPO_3,train/value_loss,100352,0.0037768245674669743
PPO_3,train/value_loss,102400,0.013956133276224136
PPO_3,train/value_loss,104448,0.0066046989522874355
PPO_3,train/value_loss,106496,0.010069411247968674
PPO_3,train/value_loss,108544,0.007706654258072376
PPO_3,train/value_loss,110592,0.009753912687301636
PPO_3,train/value_loss,112640,0.006578670348972082
PPO_3,train/value_loss,114688,0.008307158946990967
PPO_3,train/value_loss,116736,0.00294128293171525
PPO_3,train/value_loss,118784,0.00593042466789484
PPO_3,train/value_loss,120832,0.0027388064190745354
PPO_3,train/value_loss,122880,0.004153368063271046
PPO_3,train/value_loss,124928,0.004777625203132629
PPO_3,train/value_loss,126976,0.008938043378293514
PPO_3,train/value_loss,129024,0.0026004649698734283
PPO_3,train/value_loss,131072,0.007378746289759874
PPO_3,train/value_loss,133120,0.002217382425442338
PPO_3,train/value_loss,135168,0.0017881927778944373
PPO_3,train/value_loss,137216,0.006190520245581865
PPO_3,train/value_loss,139264,0.004803998861461878
PPO_3,train/value_loss,141312,0.006077107507735491
PPO_3,train/value_loss,143360,0.0027777140494436026
PPO_3,train/value_loss,145408,0.008992188610136509
PPO_3,train/value_loss,147456,0.014938385225832462
PPO_3,train/value_loss,149504,0.010509376414120197
PPO_3,train/value_loss,151552,0.009716606698930264
PPO_3,train/value_loss,153600,0.003069531172513962
PPO_3,train/value_loss,155648,0.001343808602541685
PPO_3,train/value_loss,157696,0.009071575477719307
PPO_3,train/value_loss,159744,0.007446802221238613
PPO_3,train/value_loss,161792,0.0037614519242197275
PPO_3,train/value_loss,163840,0.007839636877179146
PPO_3,train/value_loss,165888,0.00515979016199708
PPO_3,train/value_loss,167936,0.005934685934334993
PPO_3,train/value_loss,169984,0.012504653073847294
PPO_3,train/value_loss,172032,0.0034919444005936384
PPO_3,train/value_loss,174080,0.007864114828407764
PPO_3,train/value_loss,176128,0.004831975791603327
PPO_3,train/value_loss,178176,0.007042367476969957
PPO_3,train/value_loss,180224,0.011533631011843681
PPO_3,train/value_loss,182272,0.009357539936900139
PPO_3,train/value_loss,184320,0.004074929282069206
PPO_3,train/value_loss,186368,0.008120253682136536
PPO_3,train/value_loss,188416,0.03054647706449032
PPO_3,train/value_loss,190464,0.008281920105218887
PPO_3,train/value_loss,192512,0.006449484266340733
PPO_3,train/value_loss,194560,0.010215915739536285
PPO_3,train/value_loss,196608,0.008017252199351788
PPO_3,train/value_loss,198656,0.0074320388957858086
PPO_3,train/value_loss,200704,0.0018662330694496632
PPO_3,train/value_loss,202752,0.010682689025998116
PPO_3,train/value_loss,204800,0.0034120187629014254
PPO_3,train/value_loss,206848,0.004692883230745792
PPO_3,train/value_loss,208896,0.0012961772736161947
PPO_3,train/value_loss,210944,0.0010602124966681004
PPO_3,train/value_loss,212992,0.0007666886085644364
PPO_3,train/value_loss,215040,0.006553277373313904
PPO_3,train/value_loss,217088,0.00825082790106535
PPO_3,train/value_loss,219136,0.002106946427375078
PPO_3,train/value_loss,221184,0.0008157342672348022
PPO_3,train/value_loss,223232,0.004076326731592417
PPO_3,train/value_loss,225280,0.003530434798449278
PPO_3,train/value_loss,227328,0.0055600786581635475
PPO_3,train/value_loss,229376,0.004481813870370388
PPO_3,train/value_loss,231424,0.006203758995980024
PPO_3,train/value_loss,233472,0.0011654256377369165
PPO_3,train/value_loss,235520,0.0032596089877188206
PPO_3,train/value_loss,237568,0.003702210495248437
PPO_3,train/value_loss,239616,0.0038911981973797083
PPO_3,train/value_loss,241664,0.0009767923038452864
PPO_3,train/value_loss,243712,0.003888364415615797
PPO_3,train/value_loss,245760,0.004930899944156408
PPO_3,train/value_loss,247808,0.0013407927472144365
PPO_3,train/value_loss,249856,0.001476370613090694
PPO_3,train/value_loss,251904,0.003620745847001672
PPO_3,train/value_loss,253952,0.0013658138923346996
PPO_3,train/value_loss,256000,0.0010198645759373903
PPO_3,train/value_loss,258048,0.0036909999325871468
PPO_3,train/value_loss,260096,0.004733501002192497
PPO_3,train/value_loss,262144,0.0024528324138373137
PPO_3,train/value_loss,264192,0.0032228128984570503
PPO_3,train/value_loss,266240,0.005023831035941839
PPO_3,train/value_loss,268288,0.0039467341266572475
PPO_3,train/value_loss,270336,0.002628374844789505
PPO_3,train/value_loss,272384,0.003357230918481946
PPO_3,train/value_loss,274432,0.0029813379514962435
PPO_3,train/value_loss,276480,0.003123343689367175
PPO_3,train/value_loss,278528,0.0032018793281167746
PPO_3,train/value_loss,280576,0.004098372533917427
PPO_3,train/value_loss,282624,0.005938098765909672
PPO_3,train/value_loss,284672,0.0026404266245663166
PPO_3,train/value_loss,286720,0.0036256038583815098
PPO_3,train/value_loss,288768,0.0006780543480999768
PPO_3,train/value_loss,290816,0.005494395736604929
PPO_3,train/value_loss,292864,0.006852149497717619
PPO_3,train/value_loss,294912,0.0032489029690623283
PPO_3,train/value_loss,296960,0.008357414975762367
PPO_3,train/value_loss,299008,0.023762278258800507
PPO_3,train/value_loss,301056,0.0065032923594117165
PPO_4,time/fps,2048,1411.0
PPO_4,time/fps,4096,1341.0
PPO_4,time/fps,6144,1334.0
PPO_4,time/fps,8192,1311.0
PPO_4,time/fps,10240,1312.0
PPO_4,time/fps,12288,1283.0
PPO_4,time/fps,14336,1264.0
PPO_4,time/fps,16384,1262.0
PPO_4,time/fps,18432,1252.0
PPO_4,time/fps,20480,1244.0
PPO_4,time/fps,22528,1240.0
PPO_4,time/fps,24576,1243.0
PPO_4,time/fps,26624,1242.0
PPO_4,time/fps,28672,1244.0
PPO_4,time/fps,30720,1247.0
PPO_4,time/fps,32768,1247.0
PPO_4,time/fps,34816,1247.0
PPO_4,time/fps,36864,1248.0
PPO_4,time/fps,38912,1243.0
PPO_4,time/fps,40960,1237.0
PPO_4,time/fps,43008,1240.0
PPO_4,time/fps,45056,1239.0
PPO_4,time/fps,47104,1241.0
PPO_4,time/fps,49152,1242.0
PPO_4,time/fps,51200,1241.0
PPO_4,time/fps,53248,1239.0
PPO_4,time/fps,55296,1239.0
PPO_4,time/fps,57344,1237.0
PPO_4,time/fps,59392,1234.0
PPO_4,time/fps,61440,1235.0
PPO_4,time/fps,63488,1236.0
PPO_4,time/fps,65536,1234.0
PPO_4,time/fps,67584,1231.0
PPO_4,time/fps,69632,1230.0
PPO_4,time/fps,71680,1228.0
PPO_4,time/fps,73728,1226.0
PPO_4,time/fps,75776,1225.0
PPO_4,time/fps,77824,1225.0
PPO_4,time/fps,79872,1226.0
PPO_4,time/fps,81920,1225.0
PPO_4,time/fps,83968,1228.0
PPO_4,time/fps,86016,1228.0
PPO_4,time/fps,88064,1229.0
PPO_4,time/fps,90112,1230.0
PPO_4,time/fps,92160,1230.0
PPO_4,time/fps,94208,1231.0
PPO_4,time/fps,96256,1232.0
PPO_4,time/fps,98304,1233.0
PPO_4,time/fps,100352,1234.0
PPO_4,time/fps,102400,1236.0
PPO_4,time/fps,104448,1236.0
PPO_4,time/fps,106496,1237.0
PPO_4,time/fps,108544,1238.0
PPO_4,time/fps,110592,1240.0
PPO_4,time/fps,112640,1241.0
PPO_4,time/fps,114688,1242.0
PPO_4,time/fps,116736,1243.0
PPO_4,time/fps,118784,1244.0
PPO_4,time/fps,120832,1245.0
PPO_4,time/fps,122880,1243.0
PPO_4,time/fps,124928,1241.0
PPO_4,time/fps,126976,1240.0
PPO_4,time/fps,129024,1238.0
PPO_4,time/fps,131072,1238.0
PPO_4,time/fps,133120,1239.0
PPO_4,time/fps,135168,1240.0
PPO_4,time/fps,137216,1240.0
PPO_4,time/fps,139264,1241.0
PPO_4,time/fps,141312,1241.0
PPO_4,time/fps,143360,1242.0
PPO_4,time/fps,145408,1242.0
PPO_4,time/fps,147456,1242.0
PPO_4,time/fps,149504,1241.0
PPO_4,time/fps,151552,1240.0
PPO_4,time/fps,153600,1239.0
PPO_4,time/fps,155648,1238.0
PPO_4,time/fps,157696,1237.0
PPO_4,time/fps,159744,1238.0
PPO_4,time/fps,161792,1239.0
PPO_4,time/fps,163840,1240.0
PPO_4,time/fps,165888,1241.0
PPO_4,time/fps,167936,1242.0
PPO_4,time/fps,169984,1241.0
PPO_4,time/fps,172032,1242.0
PPO_4,time/fps,174080,1243.0
PPO_4,time/fps,176128,1243.0
PPO_4,time/fps,178176,1243.0
PPO_4,time/fps,180224,1243.0
PPO_4,time/fps,182272,1243.0
PPO_4,time/fps,184320,1243.0
PPO_4,time/fps,186368,1243.0
PPO_4,time/fps,188416,1243.0
PPO_4,time/fps,190464,1244.0
PPO_4,time/fps,192512,1245.0
PPO_4,time/fps,194560,1244.0
PPO_4,time/fps,196608,1243.0
PPO_4,time/fps,198656,1242.0
PPO_4,time/fps,200704,1243.0
PPO_4,time/fps,202752,1243.0
PPO_4,time/fps,204800,1244.0
PPO_4,time/fps,206848,1245.0
PPO_4,time/fps,208896,1245.0
PPO_4,time/fps,210944,1246.0
PPO_4,time/fps,212992,1246.0
PPO_4,time/fps,215040,1245.0
PPO_4,time/fps,217088,1245.0
PPO_4,time/fps,219136,1245.0
PPO_4,time/fps,221184,1244.0
PPO_4,time/fps,223232,1244.0
PPO_4,time/fps,225280,1243.0
PPO_4,time/fps,227328,1242.0
PPO_4,time/fps,229376,1241.0
PPO_4,time/fps,231424,1241.0
PPO_4,time/fps,233472,1240.0
PPO_4,time/fps,235520,1240.0
PPO_4,time/fps,237568,1240.0
PPO_4,time/fps,239616,1241.0
PPO_4,time/fps,241664,1241.0
PPO_4,time/fps,243712,1241.0
PPO_4,time/fps,245760,1241.0
PPO_4,time/fps,247808,1242.0
PPO_4,time/fps,249856,1242.0
PPO_4,time/fps,251904,1242.0
PPO_4,time/fps,253952,1242.0
PPO_4,time/fps,256000,1241.0
PPO_4,time/fps,258048,1241.0
PPO_4,time/fps,260096,1241.0
PPO_4,time/fps,262144,1240.0
PPO_4,time/fps,264192,1239.0
PPO_4,time/fps,266240,1240.0
PPO_4,time/fps,268288,1240.0
PPO_4,time/fps,270336,1240.0
PPO_4,time/fps,272384,1241.0
PPO_4,time/fps,274432,1241.0
PPO_4,time/fps,276480,1242.0
PPO_4,time/fps,278528,1242.0
PPO_4,time/fps,280576,1242.0
PPO_4,time/fps,282624,1242.0
PPO_4,time/fps,284672,1242.0
PPO_4,time/fps,286720,1242.0
PPO_4,time/fps,288768,1243.0
PPO_4,time/fps,290816,1243.0
PPO_4,time/fps,292864,1243.0
PPO_4,time/fps,294912,1243.0
PPO_4,time/fps,296960,1244.0
PPO_4,time/fps,299008,1244.0
PPO_4,time/fps,301056,1244.0
PPO_4,train/approx_kl,4096,0.011054065078496933
PPO_4,train/approx_kl,6144,0.012645859271287918
PPO_4,train/approx_kl,8192,0.012548639439046383
PPO_4,train/approx_kl,10240,0.012040309607982635
PPO_4,train/approx_kl,12288,0.01333184726536274
PPO_4,train/approx_kl,14336,0.012881690636277199
PPO_4,train/approx_kl,16384,0.014892417006194592
PPO_4,train/approx_kl,18432,0.014143053442239761
PPO_4,train/approx_kl,20480,0.013204357586801052
PPO_4,train/approx_kl,22528,0.013975019566714764
PPO_4,train/approx_kl,24576,0.014880683273077011
PPO_4,train/approx_kl,26624,0.01399089116603136
PPO_4,train/approx_kl,28672,0.014595065265893936
PPO_4,train/approx_kl,30720,0.014361036941409111
PPO_4,train/approx_kl,32768,0.014803866855800152
PPO_4,train/approx_kl,34816,0.015608720481395721
PPO_4,train/approx_kl,36864,0.01429770328104496
PPO_4,train/approx_kl,38912,0.014280742034316063
PPO_4,train/approx_kl,40960,0.014552470296621323
PPO_4,train/approx_kl,43008,0.013902813196182251
PPO_4,train/approx_kl,45056,0.014738474041223526
PPO_4,train/approx_kl,47104,0.01454726979136467
PPO_4,train/approx_kl,49152,0.014690783806145191
PPO_4,train/approx_kl,51200,0.014418007805943489
PPO_4,train/approx_kl,53248,0.014363404363393784
PPO_4,train/approx_kl,55296,0.015192601829767227
PPO_4,train/approx_kl,57344,0.015619944781064987
PPO_4,train/approx_kl,59392,0.01427676435559988
PPO_4,train/approx_kl,61440,0.014396301470696926
PPO_4,train/approx_kl,63488,0.01400249544531107
PPO_4,train/approx_kl,65536,0.017354756593704224
PPO_4,train/approx_kl,67584,0.014422905631363392
PPO_4,train/approx_kl,69632,0.014917176216840744
PPO_4,train/approx_kl,71680,0.014856349676847458
PPO_4,train/approx_kl,73728,0.015193156898021698
PPO_4,train/approx_kl,75776,0.015189381316304207
PPO_4,train/approx_kl,77824,0.01597924903035164
PPO_4,train/approx_kl,79872,0.016325868666172028
PPO_4,train/approx_kl,81920,0.017055554315447807
PPO_4,train/approx_kl,83968,0.01574067212641239
PPO_4,train/approx_kl,86016,0.01578506827354431
PPO_4,train/approx_kl,88064,0.014823159202933311
PPO_4,train/approx_kl,90112,0.01550774835050106
PPO_4,train/approx_kl,92160,0.01646886020898819
PPO_4,train/approx_kl,94208,0.015521633438766003
PPO_4,train/approx_kl,96256,0.015874940901994705
PPO_4,train/approx_kl,98304,0.016995098441839218
PPO_4,train/approx_kl,100352,0.018651708960533142
PPO_4,train/approx_kl,102400,0.012319210916757584
PPO_4,train/approx_kl,104448,0.01602238044142723
PPO_4,train/approx_kl,106496,0.016256647184491158
PPO_4,train/approx_kl,108544,0.014763493090867996
PPO_4,train/approx_kl,110592,0.017551958560943604
PPO_4,train/approx_kl,112640,0.01376812718808651
PPO_4,train/approx_kl,114688,0.014499032869935036
PPO_4,train/approx_kl,116736,0.016287824138998985
PPO_4,train/approx_kl,118784,0.017466437071561813
PPO_4,train/approx_kl,120832,0.016479721292853355
PPO_4,train/approx_kl,122880,0.015198050066828728
PPO_4,train/approx_kl,124928,0.01580708846449852
PPO_4,train/approx_kl,126976,0.016344577074050903
PPO_4,train/approx_kl,129024,0.0168621689081192
PPO_4,train/approx_kl,131072,0.01580948755145073
PPO_4,train/approx_kl,133120,0.015189115889370441
PPO_4,train/approx_kl,135168,0.018918802961707115
PPO_4,train/approx_kl,137216,0.016394153237342834
PPO_4,train/approx_kl,139264,0.015307225286960602
PPO_4,train/approx_kl,141312,0.01571662351489067
PPO_4,train/approx_kl,143360,0.016950784251093864
PPO_4,train/approx_kl,145408,0.017073966562747955
PPO_4,train/approx_kl,147456,0.015310443006455898
PPO_4,train/approx_kl,149504,0.018835783004760742
PPO_4,train/approx_kl,151552,0.017135126516222954
PPO_4,train/approx_kl,153600,0.015289438888430595
PPO_4,train/approx_kl,155648,0.01602325588464737
PPO_4,train/approx_kl,157696,0.01819499209523201
PPO_4,train/approx_kl,159744,0.016710784286260605
PPO_4,train/approx_kl,161792,0.01609361730515957
PPO_4,train/approx_kl,163840,0.01712092012166977
PPO_4,train/approx_kl,165888,0.01787666417658329
PPO_4,train/approx_kl,167936,0.016027536243200302
PPO_4,train/approx_kl,169984,0.01703621633350849
PPO_4,train/approx_kl,172032,0.0173642560839653
PPO_4,train/approx_kl,174080,0.019105486571788788
PPO_4,train/approx_kl,176128,0.017651166766881943
PPO_4,train/approx_kl,178176,0.016435526311397552
PPO_4,train/approx_kl,180224,0.01711605302989483
PPO_4,train/approx_kl,182272,0.015592820942401886
PPO_4,train/approx_kl,184320,0.015568142756819725
PPO_4,train/approx_kl,186368,0.01699717529118061
PPO_4,train/approx_kl,188416,0.017385361716151237
PPO_4,train/approx_kl,190464,0.01584048569202423
PPO_4,train/approx_kl,192512,0.017669539898633957
PPO_4,train/approx_kl,194560,0.01633104309439659
PPO_4,train/approx_kl,196608,0.01769881881773472
PPO_4,train/approx_kl,198656,0.017405623570084572
PPO_4,train/approx_kl,200704,0.01885535940527916
PPO_4,train/approx_kl,202752,0.0143080810084939
PPO_4,train/approx_kl,204800,0.01639695093035698
PPO_4,train/approx_kl,206848,0.018280450254678726
PPO_4,train/approx_kl,208896,0.016697321087121964
PPO_4,train/approx_kl,210944,0.018637102097272873
PPO_4,train/approx_kl,212992,0.016718033701181412
PPO_4,train/approx_kl,215040,0.016556167975068092
PPO_4,train/approx_kl,217088,0.01619020290672779
PPO_4,train/approx_kl,219136,0.016961660236120224
PPO_4,train/approx_kl,221184,0.014682743698358536
PPO_4,train/approx_kl,223232,0.015627890825271606
PPO_4,train/approx_kl,225280,0.016896359622478485
PPO_4,train/approx_kl,227328,0.01681349240243435
PPO_4,train/approx_kl,229376,0.016131727024912834
PPO_4,train/approx_kl,231424,0.0160788893699646
PPO_4,train/approx_kl,233472,0.019614996388554573
PPO_4,train/approx_kl,235520,0.015068679116666317
PPO_4,train/approx_kl,237568,0.017272841185331345
PPO_4,train/approx_kl,239616,0.017335815355181694
PPO_4,train/approx_kl,241664,0.016494270414114
PPO_4,train/approx_kl,243712,0.014777977019548416
PPO_4,train/approx_kl,245760,0.015621630474925041
PPO_4,train/approx_kl,247808,0.018830468878149986
PPO_4,train/approx_kl,249856,0.01924304850399494
PPO_4,train/approx_kl,251904,0.018004190176725388
PPO_4,train/approx_kl,253952,0.01646139845252037
PPO_4,train/approx_kl,256000,0.019500035792589188
PPO_4,train/approx_kl,258048,0.017077675089240074
PPO_4,train/approx_kl,260096,0.01692841202020645
PPO_4,train/approx_kl,262144,0.016687437891960144
PPO_4,train/approx_kl,264192,0.016667772084474564
PPO_4,train/approx_kl,266240,0.01666335016489029
PPO_4,train/approx_kl,268288,0.01646227389574051
PPO_4,train/approx_kl,270336,0.016668833792209625
PPO_4,train/approx_kl,272384,0.01943831332027912
PPO_4,train/approx_kl,274432,0.017817672342061996
PPO_4,train/approx_kl,276480,0.018707673996686935
PPO_4,train/approx_kl,278528,0.017400959506630898
PPO_4,train/approx_kl,280576,0.01787056028842926
PPO_4,train/approx_kl,282624,0.01745881326496601
PPO_4,train/approx_kl,284672,0.018485020846128464
PPO_4,train/approx_kl,286720,0.015929602086544037
PPO_4,train/approx_kl,288768,0.01805628091096878
PPO_4,train/approx_kl,290816,0.018063750118017197
PPO_4,train/approx_kl,292864,0.01645786315202713
PPO_4,train/approx_kl,294912,0.017971128225326538
PPO_4,train/approx_kl,296960,0.01768752560019493
PPO_4,train/approx_kl,299008,0.016206491738557816
PPO_4,train/approx_kl,301056,0.018643468618392944
PPO_4,train/clip_fraction,4096,0.0947265625
PPO_4,train/clip_fraction,6144,0.11284179985523224
PPO_4,train/clip_fraction,8192,0.12827149033546448
PPO_4,train/clip_fraction,10240,0.10776367038488388
PPO_4,train/clip_fraction,12288,0.14008788764476776
PPO_4,train/clip_fraction,14336,0.11972656100988388
PPO_4,train/clip_fraction,16384,0.14692382514476776
PPO_4,train/clip_fraction,18432,0.14150390028953552
PPO_4,train/clip_fraction,20480,0.13808593153953552
PPO_4,train/clip_fraction,22528,0.13593749701976776
PPO_4,train/clip_fraction,24576,0.16103515028953552
PPO_4,train/clip_fraction,26624,0.14008788764476776
PPO_4,train/clip_fraction,28672,0.14619140326976776
PPO_4,train/clip_fraction,30720,0.13686522841453552
PPO_4,train/clip_fraction,32768,0.14594726264476776
PPO_4,train/clip_fraction,34816,0.14829102158546448
PPO_4,train/clip_fraction,36864,0.13002929091453552
PPO_4,train/clip_fraction,38912,0.14448241889476776
PPO_4,train/clip_fraction,40960,0.13530273735523224
PPO_4,train/clip_fraction,43008,0.130126953125
PPO_4,train/clip_fraction,45056,0.15380859375
PPO_4,train/clip_fraction,47104,0.14531250298023224
PPO_4,train/clip_fraction,49152,0.13627929985523224
PPO_4,train/clip_fraction,51200,0.14082030951976776
PPO_4,train/clip_fraction,53248,0.15004882216453552
PPO_4,train/clip_fraction,55296,0.14179687201976776
PPO_4,train/clip_fraction,57344,0.16396483778953552
PPO_4,train/clip_fraction,59392,0.149658203125
PPO_4,train/clip_fraction,61440,0.14926758408546448
PPO_4,train/clip_fraction,63488,0.13334961235523224
PPO_4,train/clip_fraction,65536,0.17363281548023224
PPO_4,train/clip_fraction,67584,0.14091797173023224
PPO_4,train/clip_fraction,69632,0.15078124403953552
PPO_4,train/clip_fraction,71680,0.14077147841453552
PPO_4,train/clip_fraction,73728,0.15541991591453552
PPO_4,train/clip_fraction,75776,0.16225585341453552
PPO_4,train/clip_fraction,77824,0.15673828125
PPO_4,train/clip_fraction,79872,0.153564453125
PPO_4,train/clip_fraction,81920,0.16435547173023224
PPO_4,train/clip_fraction,83968,0.15156249701976776
PPO_4,train/clip_fraction,86016,0.16713866591453552
PPO_4,train/clip_fraction,88064,0.13813476264476776
PPO_4,train/clip_fraction,90112,0.14619140326976776
PPO_4,train/clip_fraction,92160,0.152099609375
PPO_4,train/clip_fraction,94208,0.15444335341453552
PPO_4,train/clip_fraction,96256,0.16762694716453552
PPO_4,train/clip_fraction,98304,0.154296875
PPO_4,train/clip_fraction,100352,0.18789061903953552
PPO_4,train/clip_fraction,102400,0.12089844048023224
PPO_4,train/clip_fraction,104448,0.17324218153953552
PPO_4,train/clip_fraction,106496,0.15585938096046448
PPO_4,train/clip_fraction,108544,0.14892578125
PPO_4,train/clip_fraction,110592,0.16508789360523224
PPO_4,train/clip_fraction,112640,0.14633789658546448
PPO_4,train/clip_fraction,114688,0.14853516221046448
PPO_4,train/clip_fraction,116736,0.16020508110523224
PPO_4,train/clip_fraction,118784,0.16879883408546448
PPO_4,train/clip_fraction,120832,0.15854492783546448
PPO_4,train/clip_fraction,122880,0.14482422173023224
PPO_4,train/clip_fraction,124928,0.15117187798023224
PPO_4,train/clip_fraction,126976,0.174072265625
PPO_4,train/clip_fraction,129024,0.18325194716453552
PPO_4,train/clip_fraction,131072,0.15688475966453552
PPO_4,train/clip_fraction,133120,0.157470703125
PPO_4,train/clip_fraction,135168,0.19609375298023224
PPO_4,train/clip_fraction,137216,0.14306640625
PPO_4,train/clip_fraction,139264,0.143798828125
PPO_4,train/clip_fraction,141312,0.17578125
PPO_4,train/clip_fraction,143360,0.17788085341453552
PPO_4,train/clip_fraction,145408,0.17031249403953552
PPO_4,train/clip_fraction,147456,0.15561524033546448
PPO_4,train/clip_fraction,149504,0.187255859375
PPO_4,train/clip_fraction,151552,0.17939452826976776
PPO_4,train/clip_fraction,153600,0.14863280951976776
PPO_4,train/clip_fraction,155648,0.17788085341453552
PPO_4,train/clip_fraction,157696,0.18247070908546448
PPO_4,train/clip_fraction,159744,0.18232421576976776
PPO_4,train/clip_fraction,161792,0.17319336533546448
PPO_4,train/clip_fraction,163840,0.16997070610523224
PPO_4,train/clip_fraction,165888,0.191162109375
PPO_4,train/clip_fraction,167936,0.17915038764476776
PPO_4,train/clip_fraction,169984,0.19243164360523224
PPO_4,train/clip_fraction,172032,0.16513672471046448
PPO_4,train/clip_fraction,174080,0.18666991591453552
PPO_4,train/clip_fraction,176128,0.17690429091453552
PPO_4,train/clip_fraction,178176,0.145263671875
PPO_4,train/clip_fraction,180224,0.17416992783546448
PPO_4,train/clip_fraction,182272,0.16450195014476776
PPO_4,train/clip_fraction,184320,0.174072265625
PPO_4,train/clip_fraction,186368,0.17705078423023224
PPO_4,train/clip_fraction,188416,0.16933593153953552
PPO_4,train/clip_fraction,190464,0.154541015625
PPO_4,train/clip_fraction,192512,0.18291015923023224
PPO_4,train/clip_fraction,194560,0.17265625298023224
PPO_4,train/clip_fraction,196608,0.17709961533546448
PPO_4,train/clip_fraction,198656,0.16049805283546448
PPO_4,train/clip_fraction,200704,0.19609375298023224
PPO_4,train/clip_fraction,202752,0.14873047173023224
PPO_4,train/clip_fraction,204800,0.16557617485523224
PPO_4,train/clip_fraction,206848,0.17172852158546448
PPO_4,train/clip_fraction,208896,0.17885741591453552
PPO_4,train/clip_fraction,210944,0.18632812798023224
PPO_4,train/clip_fraction,212992,0.16997070610523224
PPO_4,train/clip_fraction,215040,0.16352538764476776
PPO_4,train/clip_fraction,217088,0.16884765028953552
PPO_4,train/clip_fraction,219136,0.18466797471046448
PPO_4,train/clip_fraction,221184,0.14580078423023224
PPO_4,train/clip_fraction,223232,0.14443358778953552
PPO_4,train/clip_fraction,225280,0.17495116591453552
PPO_4,train/clip_fraction,227328,0.17329101264476776
PPO_4,train/clip_fraction,229376,0.16264648735523224
PPO_4,train/clip_fraction,231424,0.15874023735523224
PPO_4,train/clip_fraction,233472,0.189208984375
PPO_4,train/clip_fraction,235520,0.157958984375
PPO_4,train/clip_fraction,237568,0.18256835639476776
PPO_4,train/clip_fraction,239616,0.15766601264476776
PPO_4,train/clip_fraction,241664,0.16762694716453552
PPO_4,train/clip_fraction,243712,0.15478515625
PPO_4,train/clip_fraction,245760,0.17353515326976776
PPO_4,train/clip_fraction,247808,0.18759766221046448
PPO_4,train/clip_fraction,249856,0.19282226264476776
PPO_4,train/clip_fraction,251904,0.17963866889476776
PPO_4,train/clip_fraction,253952,0.15078124403953552
PPO_4,train/clip_fraction,256000,0.18759766221046448
PPO_4,train/clip_fraction,258048,0.16733399033546448
PPO_4,train/clip_fraction,260096,0.18027344346046448
PPO_4,train/clip_fraction,262144,0.18793945014476776
PPO_4,train/clip_fraction,264192,0.17866210639476776
PPO_4,train/clip_fraction,266240,0.16591796278953552
PPO_4,train/clip_fraction,268288,0.17519530653953552
PPO_4,train/clip_fraction,270336,0.16240234673023224
PPO_4,train/clip_fraction,272384,0.185791015625
PPO_4,train/clip_fraction,274432,0.161865234375
PPO_4,train/clip_fraction,276480,0.18378905951976776
PPO_4,train/clip_fraction,278528,0.17192383110523224
PPO_4,train/clip_fraction,280576,0.20161132514476776
PPO_4,train/clip_fraction,282624,0.16689452528953552
PPO_4,train/clip_fraction,284672,0.19760742783546448
PPO_4,train/clip_fraction,286720,0.16245117783546448
PPO_4,train/clip_fraction,288768,0.18115234375
PPO_4,train/clip_fraction,290816,0.19301757216453552
PPO_4,train/clip_fraction,292864,0.17915038764476776
PPO_4,train/clip_fraction,294912,0.20844726264476776
PPO_4,train/clip_fraction,296960,0.18940429389476776
PPO_4,train/clip_fraction,299008,0.17441406846046448
PPO_4,train/clip_fraction,301056,0.18378905951976776
PPO_4,train/clip_range,4096,0.20000000298023224
PPO_4,train/clip_range,6144,0.20000000298023224
PPO_4,train/clip_range,8192,0.20000000298023224
PPO_4,train/clip_range,10240,0.20000000298023224
PPO_4,train/clip_range,12288,0.20000000298023224
PPO_4,train/clip_range,14336,0.20000000298023224
PPO_4,train/clip_range,16384,0.20000000298023224
PPO_4,train/clip_range,18432,0.20000000298023224
PPO_4,train/clip_range,20480,0.20000000298023224
PPO_4,train/clip_range,22528,0.20000000298023224
PPO_4,train/clip_range,24576,0.20000000298023224
PPO_4,train/clip_range,26624,0.20000000298023224
PPO_4,train/clip_range,28672,0.20000000298023224
PPO_4,train/clip_range,30720,0.20000000298023224
PPO_4,train/clip_range,32768,0.20000000298023224
PPO_4,train/clip_range,34816,0.20000000298023224
PPO_4,train/clip_range,36864,0.20000000298023224
PPO_4,train/clip_range,38912,0.20000000298023224
PPO_4,train/clip_range,40960,0.20000000298023224
PPO_4,train/clip_range,43008,0.20000000298023224
PPO_4,train/clip_range,45056,0.20000000298023224
PPO_4,train/clip_range,47104,0.20000000298023224
PPO_4,train/clip_range,49152,0.20000000298023224
PPO_4,train/clip_range,51200,0.20000000298023224
PPO_4,train/clip_range,53248,0.20000000298023224
PPO_4,train/clip_range,55296,0.20000000298023224
PPO_4,train/clip_range,57344,0.20000000298023224
PPO_4,train/clip_range,59392,0.20000000298023224
PPO_4,train/clip_range,61440,0.20000000298023224
PPO_4,train/clip_range,63488,0.20000000298023224
PPO_4,train/clip_range,65536,0.20000000298023224
PPO_4,train/clip_range,67584,0.20000000298023224
PPO_4,train/clip_range,69632,0.20000000298023224
PPO_4,train/clip_range,71680,0.20000000298023224
PPO_4,train/clip_range,73728,0.20000000298023224
PPO_4,train/clip_range,75776,0.20000000298023224
PPO_4,train/clip_range,77824,0.20000000298023224
PPO_4,train/clip_range,79872,0.20000000298023224
PPO_4,train/clip_range,81920,0.20000000298023224
PPO_4,train/clip_range,83968,0.20000000298023224
PPO_4,train/clip_range,86016,0.20000000298023224
PPO_4,train/clip_range,88064,0.20000000298023224
PPO_4,train/clip_range,90112,0.20000000298023224
PPO_4,train/clip_range,92160,0.20000000298023224
PPO_4,train/clip_range,94208,0.20000000298023224
PPO_4,train/clip_range,96256,0.20000000298023224
PPO_4,train/clip_range,98304,0.20000000298023224
PPO_4,train/clip_range,100352,0.20000000298023224
PPO_4,train/clip_range,102400,0.20000000298023224
PPO_4,train/clip_range,104448,0.20000000298023224
PPO_4,train/clip_range,106496,0.20000000298023224
PPO_4,train/clip_range,108544,0.20000000298023224
PPO_4,train/clip_range,110592,0.20000000298023224
PPO_4,train/clip_range,112640,0.20000000298023224
PPO_4,train/clip_range,114688,0.20000000298023224
PPO_4,train/clip_range,116736,0.20000000298023224
PPO_4,train/clip_range,118784,0.20000000298023224
PPO_4,train/clip_range,120832,0.20000000298023224
PPO_4,train/clip_range,122880,0.20000000298023224
PPO_4,train/clip_range,124928,0.20000000298023224
PPO_4,train/clip_range,126976,0.20000000298023224
PPO_4,train/clip_range,129024,0.20000000298023224
PPO_4,train/clip_range,131072,0.20000000298023224
PPO_4,train/clip_range,133120,0.20000000298023224
PPO_4,train/clip_range,135168,0.20000000298023224
PPO_4,train/clip_range,137216,0.20000000298023224
PPO_4,train/clip_range,139264,0.20000000298023224
PPO_4,train/clip_range,141312,0.20000000298023224
PPO_4,train/clip_range,143360,0.20000000298023224
PPO_4,train/clip_range,145408,0.20000000298023224
PPO_4,train/clip_range,147456,0.20000000298023224
PPO_4,train/clip_range,149504,0.20000000298023224
PPO_4,train/clip_range,151552,0.20000000298023224
PPO_4,train/clip_range,153600,0.20000000298023224
PPO_4,train/clip_range,155648,0.20000000298023224
PPO_4,train/clip_range,157696,0.20000000298023224
PPO_4,train/clip_range,159744,0.20000000298023224
PPO_4,train/clip_range,161792,0.20000000298023224
PPO_4,train/clip_range,163840,0.20000000298023224
PPO_4,train/clip_range,165888,0.20000000298023224
PPO_4,train/clip_range,167936,0.20000000298023224
PPO_4,train/clip_range,169984,0.20000000298023224
PPO_4,train/clip_range,172032,0.20000000298023224
PPO_4,train/clip_range,174080,0.20000000298023224
PPO_4,train/clip_range,176128,0.20000000298023224
PPO_4,train/clip_range,178176,0.20000000298023224
PPO_4,train/clip_range,180224,0.20000000298023224
PPO_4,train/clip_range,182272,0.20000000298023224
PPO_4,train/clip_range,184320,0.20000000298023224
PPO_4,train/clip_range,186368,0.20000000298023224
PPO_4,train/clip_range,188416,0.20000000298023224
PPO_4,train/clip_range,190464,0.20000000298023224
PPO_4,train/clip_range,192512,0.20000000298023224
PPO_4,train/clip_range,194560,0.20000000298023224
PPO_4,train/clip_range,196608,0.20000000298023224
PPO_4,train/clip_range,198656,0.20000000298023224
PPO_4,train/clip_range,200704,0.20000000298023224
PPO_4,train/clip_range,202752,0.20000000298023224
PPO_4,train/clip_range,204800,0.20000000298023224
PPO_4,train/clip_range,206848,0.20000000298023224
PPO_4,train/clip_range,208896,0.20000000298023224
PPO_4,train/clip_range,210944,0.20000000298023224
PPO_4,train/clip_range,212992,0.20000000298023224
PPO_4,train/clip_range,215040,0.20000000298023224
PPO_4,train/clip_range,217088,0.20000000298023224
PPO_4,train/clip_range,219136,0.20000000298023224
PPO_4,train/clip_range,221184,0.20000000298023224
PPO_4,train/clip_range,223232,0.20000000298023224
PPO_4,train/clip_range,225280,0.20000000298023224
PPO_4,train/clip_range,227328,0.20000000298023224
PPO_4,train/clip_range,229376,0.20000000298023224
PPO_4,train/clip_range,231424,0.20000000298023224
PPO_4,train/clip_range,233472,0.20000000298023224
PPO_4,train/clip_range,235520,0.20000000298023224
PPO_4,train/clip_range,237568,0.20000000298023224
PPO_4,train/clip_range,239616,0.20000000298023224
PPO_4,train/clip_range,241664,0.20000000298023224
PPO_4,train/clip_range,243712,0.20000000298023224
PPO_4,train/clip_range,245760,0.20000000298023224
PPO_4,train/clip_range,247808,0.20000000298023224
PPO_4,train/clip_range,249856,0.20000000298023224
PPO_4,train/clip_range,251904,0.20000000298023224
PPO_4,train/clip_range,253952,0.20000000298023224
PPO_4,train/clip_range,256000,0.20000000298023224
PPO_4,train/clip_range,258048,0.20000000298023224
PPO_4,train/clip_range,260096,0.20000000298023224
PPO_4,train/clip_range,262144,0.20000000298023224
PPO_4,train/clip_range,264192,0.20000000298023224
PPO_4,train/clip_range,266240,0.20000000298023224
PPO_4,train/clip_range,268288,0.20000000298023224
PPO_4,train/clip_range,270336,0.20000000298023224
PPO_4,train/clip_range,272384,0.20000000298023224
PPO_4,train/clip_range,274432,0.20000000298023224
PPO_4,train/clip_range,276480,0.20000000298023224
PPO_4,train/clip_range,278528,0.20000000298023224
PPO_4,train/clip_range,280576,0.20000000298023224
PPO_4,train/clip_range,282624,0.20000000298023224
PPO_4,train/clip_range,284672,0.20000000298023224
PPO_4,train/clip_range,286720,0.20000000298023224
PPO_4,train/clip_range,288768,0.20000000298023224
PPO_4,train/clip_range,290816,0.20000000298023224
PPO_4,train/clip_range,292864,0.20000000298023224
PPO_4,train/clip_range,294912,0.20000000298023224
PPO_4,train/clip_range,296960,0.20000000298023224
PPO_4,train/clip_range,299008,0.20000000298023224
PPO_4,train/clip_range,301056,0.20000000298023224
PPO_4,train/entropy_loss,4096,-22.71921730041504
PPO_4,train/entropy_loss,6144,-22.74213981628418
PPO_4,train/entropy_loss,8192,-22.772634506225586
PPO_4,train/entropy_loss,10240,-22.80538558959961
PPO_4,train/entropy_loss,12288,-22.827417373657227
PPO_4,train/entropy_loss,14336,-22.85124397277832
PPO_4,train/entropy_loss,16384,-22.8795166015625
PPO_4,train/entropy_loss,18432,-22.898353576660156
PPO_4,train/entropy_loss,20480,-22.91205596923828
PPO_4,train/entropy_loss,22528,-22.90463638305664
PPO_4,train/entropy_loss,24576,-22.895009994506836
PPO_4,train/entropy_loss,26624,-22.914546966552734
PPO_4,train/entropy_loss,28672,-22.94397735595703
PPO_4,train/entropy_loss,30720,-22.966642379760742
PPO_4,train/entropy_loss,32768,-22.9914493560791
PPO_4,train/entropy_loss,34816,-22.98875617980957
PPO_4,train/entropy_loss,36864,-22.978775024414062
PPO_4,train/entropy_loss,38912,-22.975465774536133
PPO_4,train/entropy_loss,40960,-22.99250602722168
PPO_4,train/entropy_loss,43008,-23.027345657348633
PPO_4,train/entropy_loss,45056,-23.074825286865234
PPO_4,train/entropy_loss,47104,-23.06344985961914
PPO_4,train/entropy_loss,49152,-23.059322357177734
PPO_4,train/entropy_loss,51200,-23.07762336730957
PPO_4,train/entropy_loss,53248,-23.09303855895996
PPO_4,train/entropy_loss,55296,-23.10747528076172
PPO_4,train/entropy_loss,57344,-23.11932373046875
PPO_4,train/entropy_loss,59392,-23.133480072021484
PPO_4,train/entropy_loss,61440,-23.16127586364746
PPO_4,train/entropy_loss,63488,-23.190439224243164
PPO_4,train/entropy_loss,65536,-23.19901466369629
PPO_4,train/entropy_loss,67584,-23.238664627075195
PPO_4,train/entropy_loss,69632,-23.267404556274414
PPO_4,train/entropy_loss,71680,-23.286529541015625
PPO_4,train/entropy_loss,73728,-23.317981719970703
PPO_4,train/entropy_loss,75776,-23.35091209411621
PPO_4,train/entropy_loss,77824,-23.402204513549805
PPO_4,train/entropy_loss,79872,-23.453397750854492
PPO_4,train/entropy_loss,81920,-23.504940032958984
PPO_4,train/entropy_loss,83968,-23.53725242614746
PPO_4,train/entropy_loss,86016,-23.588579177856445
PPO_4,train/entropy_loss,88064,-23.647397994995117
PPO_4,train/entropy_loss,90112,-23.68124771118164
PPO_4,train/entropy_loss,92160,-23.702314376831055
PPO_4,train/entropy_loss,94208,-23.710512161254883
PPO_4,train/entropy_loss,96256,-23.717512130737305
PPO_4,train/entropy_loss,98304,-23.7587890625
PPO_4,train/entropy_loss,100352,-23.794761657714844
PPO_4,train/entropy_loss,102400,-23.80388832092285
PPO_4,train/entropy_loss,104448,-23.813236236572266
PPO_4,train/entropy_loss,106496,-23.839569091796875
PPO_4,train/entropy_loss,108544,-23.883106231689453
PPO_4,train/entropy_loss,110592,-23.913177490234375
PPO_4,train/entropy_loss,112640,-23.944408416748047
PPO_4,train/entropy_loss,114688,-23.97906494140625
PPO_4,train/entropy_loss,116736,-24.017187118530273
PPO_4,train/entropy_loss,118784,-24.038877487182617
PPO_4,train/entropy_loss,120832,-24.062847137451172
PPO_4,train/entropy_loss,122880,-24.06321907043457
PPO_4,train/entropy_loss,124928,-24.089750289916992
PPO_4,train/entropy_loss,126976,-24.107799530029297
PPO_4,train/entropy_loss,129024,-24.101083755493164
PPO_4,train/entropy_loss,131072,-24.121564865112305
PPO_4,train/entropy_loss,133120,-24.155324935913086
PPO_4,train/entropy_loss,135168,-24.184247970581055
PPO_4,train/entropy_loss,137216,-24.221220016479492
PPO_4,train/entropy_loss,139264,-24.24679183959961
PPO_4,train/entropy_loss,141312,-24.286287307739258
PPO_4,train/entropy_loss,143360,-24.302906036376953
PPO_4,train/entropy_loss,145408,-24.322322845458984
PPO_4,train/entropy_loss,147456,-24.355342864990234
PPO_4,train/entropy_loss,149504,-24.39191246032715
PPO_4,train/entropy_loss,151552,-24.437034606933594
PPO_4,train/entropy_loss,153600,-24.465702056884766
PPO_4,train/entropy_loss,155648,-24.482027053833008
PPO_4,train/entropy_loss,157696,-24.51695442199707
PPO_4,train/entropy_loss,159744,-24.548221588134766
PPO_4,train/entropy_loss,161792,-24.572126388549805
PPO_4,train/entropy_loss,163840,-24.59668731689453
PPO_4,train/entropy_loss,165888,-24.605091094970703
PPO_4,train/entropy_loss,167936,-24.619586944580078
PPO_4,train/entropy_loss,169984,-24.64775848388672
PPO_4,train/entropy_loss,172032,-24.678482055664062
PPO_4,train/entropy_loss,174080,-24.715978622436523
PPO_4,train/entropy_loss,176128,-24.741596221923828
PPO_4,train/entropy_loss,178176,-24.744455337524414
PPO_4,train/entropy_loss,180224,-24.78804588317871
PPO_4,train/entropy_loss,182272,-24.836627960205078
PPO_4,train/entropy_loss,184320,-24.86424446105957
PPO_4,train/entropy_loss,186368,-24.891971588134766
PPO_4,train/entropy_loss,188416,-24.923795700073242
PPO_4,train/entropy_loss,190464,-24.98337173461914
PPO_4,train/entropy_loss,192512,-24.988000869750977
PPO_4,train/entropy_loss,194560,-24.967323303222656
PPO_4,train/entropy_loss,196608,-25.00419807434082
PPO_4,train/entropy_loss,198656,-25.05860710144043
PPO_4,train/entropy_loss,200704,-25.115829467773438
PPO_4,train/entropy_loss,202752,-25.12546157836914
PPO_4,train/entropy_loss,204800,-25.14398193359375
PPO_4,train/entropy_loss,206848,-25.1610050201416
PPO_4,train/entropy_loss,208896,-25.175399780273438
PPO_4,train/entropy_loss,210944,-25.20520782470703
PPO_4,train/entropy_loss,212992,-25.239343643188477
PPO_4,train/entropy_loss,215040,-25.260040283203125
PPO_4,train/entropy_loss,217088,-25.2641658782959
PPO_4,train/entropy_loss,219136,-25.255939483642578
PPO_4,train/entropy_loss,221184,-25.242652893066406
PPO_4,train/entropy_loss,223232,-25.244516372680664
PPO_4,train/entropy_loss,225280,-25.25170135498047
PPO_4,train/entropy_loss,227328,-25.272119522094727
PPO_4,train/entropy_loss,229376,-25.286081314086914
PPO_4,train/entropy_loss,231424,-25.307212829589844
PPO_4,train/entropy_loss,233472,-25.322044372558594
PPO_4,train/entropy_loss,235520,-25.347450256347656
PPO_4,train/entropy_loss,237568,-25.352264404296875
PPO_4,train/entropy_loss,239616,-25.375246047973633
PPO_4,train/entropy_loss,241664,-25.41059684753418
PPO_4,train/entropy_loss,243712,-25.434680938720703
PPO_4,train/entropy_loss,245760,-25.460636138916016
PPO_4,train/entropy_loss,247808,-25.455961227416992
PPO_4,train/entropy_loss,249856,-25.483522415161133
PPO_4,train/entropy_loss,251904,-25.537622451782227
PPO_4,train/entropy_loss,253952,-25.58953285217285
PPO_4,train/entropy_loss,256000,-25.637422561645508
PPO_4,train/entropy_loss,258048,-25.650667190551758
PPO_4,train/entropy_loss,260096,-25.635374069213867
PPO_4,train/entropy_loss,262144,-25.66675567626953
PPO_4,train/entropy_loss,264192,-25.6794490814209
PPO_4,train/entropy_loss,266240,-25.702728271484375
PPO_4,train/entropy_loss,268288,-25.735145568847656
PPO_4,train/entropy_loss,270336,-25.767765045166016
PPO_4,train/entropy_loss,272384,-25.794857025146484
PPO_4,train/entropy_loss,274432,-25.81717300415039
PPO_4,train/entropy_loss,276480,-25.83633804321289
PPO_4,train/entropy_loss,278528,-25.840328216552734
PPO_4,train/entropy_loss,280576,-25.838451385498047
PPO_4,train/entropy_loss,282624,-25.840057373046875
PPO_4,train/entropy_loss,284672,-25.858882904052734
PPO_4,train/entropy_loss,286720,-25.874252319335938
PPO_4,train/entropy_loss,288768,-25.896608352661133
PPO_4,train/entropy_loss,290816,-25.902687072753906
PPO_4,train/entropy_loss,292864,-25.924968719482422
PPO_4,train/entropy_loss,294912,-25.924365997314453
PPO_4,train/entropy_loss,296960,-25.943603515625
PPO_4,train/entropy_loss,299008,-25.987125396728516
PPO_4,train/entropy_loss,301056,-26.029483795166016
PPO_4,train/explained_variance,4096,-0.14282655715942383
PPO_4,train/explained_variance,6144,0.042257070541381836
PPO_4,train/explained_variance,8192,0.6860729455947876
PPO_4,train/explained_variance,10240,0.7509997487068176
PPO_4,train/explained_variance,12288,0.8904089331626892
PPO_4,train/explained_variance,14336,0.9112640619277954
PPO_4,train/explained_variance,16384,0.7565344572067261
PPO_4,train/explained_variance,18432,0.886067271232605
PPO_4,train/explained_variance,20480,0.9678936004638672
PPO_4,train/explained_variance,22528,0.9750992059707642
PPO_4,train/explained_variance,24576,0.9777899384498596
PPO_4,train/explained_variance,26624,0.9799883365631104
PPO_4,train/explained_variance,28672,0.92691570520401
PPO_4,train/explained_variance,30720,0.8992006182670593
PPO_4,train/explained_variance,32768,0.9887959957122803
PPO_4,train/explained_variance,34816,0.9760748744010925
PPO_4,train/explained_variance,36864,0.9620698690414429
PPO_4,train/explained_variance,38912,0.8506450057029724
PPO_4,train/explained_variance,40960,0.9843890070915222
PPO_4,train/explained_variance,43008,0.9851342439651489
PPO_4,train/explained_variance,45056,0.9852162003517151
PPO_4,train/explained_variance,47104,0.9903400540351868
PPO_4,train/explained_variance,49152,0.9750484824180603
PPO_4,train/explained_variance,51200,0.9628303647041321
PPO_4,train/explained_variance,53248,0.9894741773605347
PPO_4,train/explained_variance,55296,0.9773896932601929
PPO_4,train/explained_variance,57344,0.9937201142311096
PPO_4,train/explained_variance,59392,0.9929152727127075
PPO_4,train/explained_variance,61440,0.8907785415649414
PPO_4,train/explained_variance,63488,0.993087112903595
PPO_4,train/explained_variance,65536,0.9771967530250549
PPO_4,train/explained_variance,67584,0.9940792322158813
PPO_4,train/explained_variance,69632,0.9601477384567261
PPO_4,train/explained_variance,71680,0.9890742301940918
PPO_4,train/explained_variance,73728,0.34533995389938354
PPO_4,train/explained_variance,75776,0.9883466958999634
PPO_4,train/explained_variance,77824,0.9907910227775574
PPO_4,train/explained_variance,79872,0.9850268363952637
PPO_4,train/explained_variance,81920,0.9908120036125183
PPO_4,train/explained_variance,83968,0.99298495054245
PPO_4,train/explained_variance,86016,0.9930909872055054
PPO_4,train/explained_variance,88064,0.9909257292747498
PPO_4,train/explained_variance,90112,0.986537754535675
PPO_4,train/explained_variance,92160,0.9913152456283569
PPO_4,train/explained_variance,94208,0.2418563961982727
PPO_4,train/explained_variance,96256,0.907837986946106
PPO_4,train/explained_variance,98304,0.9929273128509521
PPO_4,train/explained_variance,100352,0.9936437010765076
PPO_4,train/explained_variance,102400,0.9624174237251282
PPO_4,train/explained_variance,104448,0.9931928515434265
PPO_4,train/explained_variance,106496,0.9956279397010803
PPO_4,train/explained_variance,108544,0.985308825969696
PPO_4,train/explained_variance,110592,0.9917752742767334
PPO_4,train/explained_variance,112640,0.9942822456359863
PPO_4,train/explained_variance,114688,0.980217695236206
PPO_4,train/explained_variance,116736,0.9922626614570618
PPO_4,train/explained_variance,118784,0.9938035011291504
PPO_4,train/explained_variance,120832,0.9921674132347107
PPO_4,train/explained_variance,122880,0.9939484000205994
PPO_4,train/explained_variance,124928,0.9927632212638855
PPO_4,train/explained_variance,126976,0.9934029579162598
PPO_4,train/explained_variance,129024,0.9911547303199768
PPO_4,train/explained_variance,131072,0.9856809973716736
PPO_4,train/explained_variance,133120,0.9614559412002563
PPO_4,train/explained_variance,135168,0.99364173412323
PPO_4,train/explained_variance,137216,0.9882304668426514
PPO_4,train/explained_variance,139264,0.9889841079711914
PPO_4,train/explained_variance,141312,0.9931968450546265
PPO_4,train/explained_variance,143360,0.9899603128433228
PPO_4,train/explained_variance,145408,0.992434561252594
PPO_4,train/explained_variance,147456,0.9919038414955139
PPO_4,train/explained_variance,149504,0.9957566857337952
PPO_4,train/explained_variance,151552,0.9921051859855652
PPO_4,train/explained_variance,153600,0.9870005249977112
PPO_4,train/explained_variance,155648,0.9920614957809448
PPO_4,train/explained_variance,157696,0.990261435508728
PPO_4,train/explained_variance,159744,0.9645357131958008
PPO_4,train/explained_variance,161792,0.9938439726829529
PPO_4,train/explained_variance,163840,0.9947625994682312
PPO_4,train/explained_variance,165888,0.9904198050498962
PPO_4,train/explained_variance,167936,0.9953147172927856
PPO_4,train/explained_variance,169984,0.9967625737190247
PPO_4,train/explained_variance,172032,0.9856183528900146
PPO_4,train/explained_variance,174080,0.9881241321563721
PPO_4,train/explained_variance,176128,0.9933971762657166
PPO_4,train/explained_variance,178176,0.9805041551589966
PPO_4,train/explained_variance,180224,0.9358012080192566
PPO_4,train/explained_variance,182272,0.986610472202301
PPO_4,train/explained_variance,184320,0.9939019680023193
PPO_4,train/explained_variance,186368,0.993328869342804
PPO_4,train/explained_variance,188416,0.9872138500213623
PPO_4,train/explained_variance,190464,0.972356379032135
PPO_4,train/explained_variance,192512,0.9950422644615173
PPO_4,train/explained_variance,194560,0.9843802452087402
PPO_4,train/explained_variance,196608,0.9933754801750183
PPO_4,train/explained_variance,198656,0.9902148246765137
PPO_4,train/explained_variance,200704,0.7914618253707886
PPO_4,train/explained_variance,202752,0.8508138656616211
PPO_4,train/explained_variance,204800,0.8670989274978638
PPO_4,train/explained_variance,206848,0.9921620488166809
PPO_4,train/explained_variance,208896,0.9920556545257568
PPO_4,train/explained_variance,210944,0.9925129413604736
PPO_4,train/explained_variance,212992,0.995960533618927
PPO_4,train/explained_variance,215040,0.9863139986991882
PPO_4,train/explained_variance,217088,0.9867380857467651
PPO_4,train/explained_variance,219136,0.9888886213302612
PPO_4,train/explained_variance,221184,0.9855914115905762
PPO_4,train/explained_variance,223232,0.9325523376464844
PPO_4,train/explained_variance,225280,0.9833866953849792
PPO_4,train/explained_variance,227328,0.974524974822998
PPO_4,train/explained_variance,229376,0.984544038772583
PPO_4,train/explained_variance,231424,0.9878793954849243
PPO_4,train/explained_variance,233472,0.9854220747947693
PPO_4,train/explained_variance,235520,0.9849465489387512
PPO_4,train/explained_variance,237568,0.988891065120697
PPO_4,train/explained_variance,239616,0.9882907867431641
PPO_4,train/explained_variance,241664,0.963944137096405
PPO_4,train/explained_variance,243712,0.9535161852836609
PPO_4,train/explained_variance,245760,0.9701128602027893
PPO_4,train/explained_variance,247808,0.990286111831665
PPO_4,train/explained_variance,249856,0.9912821054458618
PPO_4,train/explained_variance,251904,0.9780125021934509
PPO_4,train/explained_variance,253952,0.9888465404510498
PPO_4,train/explained_variance,256000,0.9899596571922302
PPO_4,train/explained_variance,258048,0.9902158975601196
PPO_4,train/explained_variance,260096,0.9526781439781189
PPO_4,train/explained_variance,262144,0.9874942898750305
PPO_4,train/explained_variance,264192,0.9878277778625488
PPO_4,train/explained_variance,266240,0.897882878780365
PPO_4,train/explained_variance,268288,0.8675751686096191
PPO_4,train/explained_variance,270336,0.9811704158782959
PPO_4,train/explained_variance,272384,0.98628830909729
PPO_4,train/explained_variance,274432,0.9158656597137451
PPO_4,train/explained_variance,276480,0.9846985340118408
PPO_4,train/explained_variance,278528,0.962546169757843
PPO_4,train/explained_variance,280576,0.9457509517669678
PPO_4,train/explained_variance,282624,0.9834933876991272
PPO_4,train/explained_variance,284672,0.9709879755973816
PPO_4,train/explained_variance,286720,0.9490116834640503
PPO_4,train/explained_variance,288768,0.9734667539596558
PPO_4,train/explained_variance,290816,0.9676550030708313
PPO_4,train/explained_variance,292864,0.9525120258331299
PPO_4,train/explained_variance,294912,0.9740104675292969
PPO_4,train/explained_variance,296960,0.8898462653160095
PPO_4,train/explained_variance,299008,0.9791056513786316
PPO_4,train/explained_variance,301056,0.9786618947982788
PPO_4,train/learning_rate,4096,0.0003000000142492354
PPO_4,train/learning_rate,6144,0.0003000000142492354
PPO_4,train/learning_rate,8192,0.0003000000142492354
PPO_4,train/learning_rate,10240,0.0003000000142492354
PPO_4,train/learning_rate,12288,0.0003000000142492354
PPO_4,train/learning_rate,14336,0.0003000000142492354
PPO_4,train/learning_rate,16384,0.0003000000142492354
PPO_4,train/learning_rate,18432,0.0003000000142492354
PPO_4,train/learning_rate,20480,0.0003000000142492354
PPO_4,train/learning_rate,22528,0.0003000000142492354
PPO_4,train/learning_rate,24576,0.0003000000142492354
PPO_4,train/learning_rate,26624,0.0003000000142492354
PPO_4,train/learning_rate,28672,0.0003000000142492354
PPO_4,train/learning_rate,30720,0.0003000000142492354
PPO_4,train/learning_rate,32768,0.0003000000142492354
PPO_4,train/learning_rate,34816,0.0003000000142492354
PPO_4,train/learning_rate,36864,0.0003000000142492354
PPO_4,train/learning_rate,38912,0.0003000000142492354
PPO_4,train/learning_rate,40960,0.0003000000142492354
PPO_4,train/learning_rate,43008,0.0003000000142492354
PPO_4,train/learning_rate,45056,0.0003000000142492354
PPO_4,train/learning_rate,47104,0.0003000000142492354
PPO_4,train/learning_rate,49152,0.0003000000142492354
PPO_4,train/learning_rate,51200,0.0003000000142492354
PPO_4,train/learning_rate,53248,0.0003000000142492354
PPO_4,train/learning_rate,55296,0.0003000000142492354
PPO_4,train/learning_rate,57344,0.0003000000142492354
PPO_4,train/learning_rate,59392,0.0003000000142492354
PPO_4,train/learning_rate,61440,0.0003000000142492354
PPO_4,train/learning_rate,63488,0.0003000000142492354
PPO_4,train/learning_rate,65536,0.0003000000142492354
PPO_4,train/learning_rate,67584,0.0003000000142492354
PPO_4,train/learning_rate,69632,0.0003000000142492354
PPO_4,train/learning_rate,71680,0.0003000000142492354
PPO_4,train/learning_rate,73728,0.0003000000142492354
PPO_4,train/learning_rate,75776,0.0003000000142492354
PPO_4,train/learning_rate,77824,0.0003000000142492354
PPO_4,train/learning_rate,79872,0.0003000000142492354
PPO_4,train/learning_rate,81920,0.0003000000142492354
PPO_4,train/learning_rate,83968,0.0003000000142492354
PPO_4,train/learning_rate,86016,0.0003000000142492354
PPO_4,train/learning_rate,88064,0.0003000000142492354
PPO_4,train/learning_rate,90112,0.0003000000142492354
PPO_4,train/learning_rate,92160,0.0003000000142492354
PPO_4,train/learning_rate,94208,0.0003000000142492354
PPO_4,train/learning_rate,96256,0.0003000000142492354
PPO_4,train/learning_rate,98304,0.0003000000142492354
PPO_4,train/learning_rate,100352,0.0003000000142492354
PPO_4,train/learning_rate,102400,0.0003000000142492354
PPO_4,train/learning_rate,104448,0.0003000000142492354
PPO_4,train/learning_rate,106496,0.0003000000142492354
PPO_4,train/learning_rate,108544,0.0003000000142492354
PPO_4,train/learning_rate,110592,0.0003000000142492354
PPO_4,train/learning_rate,112640,0.0003000000142492354
PPO_4,train/learning_rate,114688,0.0003000000142492354
PPO_4,train/learning_rate,116736,0.0003000000142492354
PPO_4,train/learning_rate,118784,0.0003000000142492354
PPO_4,train/learning_rate,120832,0.0003000000142492354
PPO_4,train/learning_rate,122880,0.0003000000142492354
PPO_4,train/learning_rate,124928,0.0003000000142492354
PPO_4,train/learning_rate,126976,0.0003000000142492354
PPO_4,train/learning_rate,129024,0.0003000000142492354
PPO_4,train/learning_rate,131072,0.0003000000142492354
PPO_4,train/learning_rate,133120,0.0003000000142492354
PPO_4,train/learning_rate,135168,0.0003000000142492354
PPO_4,train/learning_rate,137216,0.0003000000142492354
PPO_4,train/learning_rate,139264,0.0003000000142492354
PPO_4,train/learning_rate,141312,0.0003000000142492354
PPO_4,train/learning_rate,143360,0.0003000000142492354
PPO_4,train/learning_rate,145408,0.0003000000142492354
PPO_4,train/learning_rate,147456,0.0003000000142492354
PPO_4,train/learning_rate,149504,0.0003000000142492354
PPO_4,train/learning_rate,151552,0.0003000000142492354
PPO_4,train/learning_rate,153600,0.0003000000142492354
PPO_4,train/learning_rate,155648,0.0003000000142492354
PPO_4,train/learning_rate,157696,0.0003000000142492354
PPO_4,train/learning_rate,159744,0.0003000000142492354
PPO_4,train/learning_rate,161792,0.0003000000142492354
PPO_4,train/learning_rate,163840,0.0003000000142492354
PPO_4,train/learning_rate,165888,0.0003000000142492354
PPO_4,train/learning_rate,167936,0.0003000000142492354
PPO_4,train/learning_rate,169984,0.0003000000142492354
PPO_4,train/learning_rate,172032,0.0003000000142492354
PPO_4,train/learning_rate,174080,0.0003000000142492354
PPO_4,train/learning_rate,176128,0.0003000000142492354
PPO_4,train/learning_rate,178176,0.0003000000142492354
PPO_4,train/learning_rate,180224,0.0003000000142492354
PPO_4,train/learning_rate,182272,0.0003000000142492354
PPO_4,train/learning_rate,184320,0.0003000000142492354
PPO_4,train/learning_rate,186368,0.0003000000142492354
PPO_4,train/learning_rate,188416,0.0003000000142492354
PPO_4,train/learning_rate,190464,0.0003000000142492354
PPO_4,train/learning_rate,192512,0.0003000000142492354
PPO_4,train/learning_rate,194560,0.0003000000142492354
PPO_4,train/learning_rate,196608,0.0003000000142492354
PPO_4,train/learning_rate,198656,0.0003000000142492354
PPO_4,train/learning_rate,200704,0.0003000000142492354
PPO_4,train/learning_rate,202752,0.0003000000142492354
PPO_4,train/learning_rate,204800,0.0003000000142492354
PPO_4,train/learning_rate,206848,0.0003000000142492354
PPO_4,train/learning_rate,208896,0.0003000000142492354
PPO_4,train/learning_rate,210944,0.0003000000142492354
PPO_4,train/learning_rate,212992,0.0003000000142492354
PPO_4,train/learning_rate,215040,0.0003000000142492354
PPO_4,train/learning_rate,217088,0.0003000000142492354
PPO_4,train/learning_rate,219136,0.0003000000142492354
PPO_4,train/learning_rate,221184,0.0003000000142492354
PPO_4,train/learning_rate,223232,0.0003000000142492354
PPO_4,train/learning_rate,225280,0.0003000000142492354
PPO_4,train/learning_rate,227328,0.0003000000142492354
PPO_4,train/learning_rate,229376,0.0003000000142492354
PPO_4,train/learning_rate,231424,0.0003000000142492354
PPO_4,train/learning_rate,233472,0.0003000000142492354
PPO_4,train/learning_rate,235520,0.0003000000142492354
PPO_4,train/learning_rate,237568,0.0003000000142492354
PPO_4,train/learning_rate,239616,0.0003000000142492354
PPO_4,train/learning_rate,241664,0.0003000000142492354
PPO_4,train/learning_rate,243712,0.0003000000142492354
PPO_4,train/learning_rate,245760,0.0003000000142492354
PPO_4,train/learning_rate,247808,0.0003000000142492354
PPO_4,train/learning_rate,249856,0.0003000000142492354
PPO_4,train/learning_rate,251904,0.0003000000142492354
PPO_4,train/learning_rate,253952,0.0003000000142492354
PPO_4,train/learning_rate,256000,0.0003000000142492354
PPO_4,train/learning_rate,258048,0.0003000000142492354
PPO_4,train/learning_rate,260096,0.0003000000142492354
PPO_4,train/learning_rate,262144,0.0003000000142492354
PPO_4,train/learning_rate,264192,0.0003000000142492354
PPO_4,train/learning_rate,266240,0.0003000000142492354
PPO_4,train/learning_rate,268288,0.0003000000142492354
PPO_4,train/learning_rate,270336,0.0003000000142492354
PPO_4,train/learning_rate,272384,0.0003000000142492354
PPO_4,train/learning_rate,274432,0.0003000000142492354
PPO_4,train/learning_rate,276480,0.0003000000142492354
PPO_4,train/learning_rate,278528,0.0003000000142492354
PPO_4,train/learning_rate,280576,0.0003000000142492354
PPO_4,train/learning_rate,282624,0.0003000000142492354
PPO_4,train/learning_rate,284672,0.0003000000142492354
PPO_4,train/learning_rate,286720,0.0003000000142492354
PPO_4,train/learning_rate,288768,0.0003000000142492354
PPO_4,train/learning_rate,290816,0.0003000000142492354
PPO_4,train/learning_rate,292864,0.0003000000142492354
PPO_4,train/learning_rate,294912,0.0003000000142492354
PPO_4,train/learning_rate,296960,0.0003000000142492354
PPO_4,train/learning_rate,299008,0.0003000000142492354
PPO_4,train/learning_rate,301056,0.0003000000142492354
PPO_4,train/loss,4096,-0.2446933090686798
PPO_4,train/loss,6144,-0.2711507976055145
PPO_4,train/loss,8192,-0.26585960388183594
PPO_4,train/loss,10240,-0.2818499505519867
PPO_4,train/loss,12288,-0.28431934118270874
PPO_4,train/loss,14336,-0.2840283513069153
PPO_4,train/loss,16384,-0.2819051742553711
PPO_4,train/loss,18432,-0.2700810730457306
PPO_4,train/loss,20480,-0.2875102758407593
PPO_4,train/loss,22528,-0.28000909090042114
PPO_4,train/loss,24576,-0.2842084467411041
PPO_4,train/loss,26624,-0.29320523142814636
PPO_4,train/loss,28672,-0.28206518292427063
PPO_4,train/loss,30720,-0.2866063714027405
PPO_4,train/loss,32768,-0.2923004925251007
PPO_4,train/loss,34816,-0.2843928337097168
PPO_4,train/loss,36864,-0.2876909375190735
PPO_4,train/loss,38912,-0.27802103757858276
PPO_4,train/loss,40960,-0.2938438355922699
PPO_4,train/loss,43008,-0.2908026874065399
PPO_4,train/loss,45056,-0.28855031728744507
PPO_4,train/loss,47104,-0.29030129313468933
PPO_4,train/loss,49152,-0.2798808217048645
PPO_4,train/loss,51200,-0.27491289377212524
PPO_4,train/loss,53248,-0.28924211859703064
PPO_4,train/loss,55296,-0.29197776317596436
PPO_4,train/loss,57344,-0.2947941720485687
PPO_4,train/loss,59392,-0.2911643385887146
PPO_4,train/loss,61440,-0.2977312207221985
PPO_4,train/loss,63488,-0.2861175835132599
PPO_4,train/loss,65536,-0.28496137261390686
PPO_4,train/loss,67584,-0.2891811430454254
PPO_4,train/loss,69632,-0.29140347242355347
PPO_4,train/loss,71680,-0.2948063015937805
PPO_4,train/loss,73728,-0.2938845455646515
PPO_4,train/loss,75776,-0.29160720109939575
PPO_4,train/loss,77824,-0.29310765862464905
PPO_4,train/loss,79872,-0.30963945388793945
PPO_4,train/loss,81920,-0.296924889087677
PPO_4,train/loss,83968,-0.30074450373649597
PPO_4,train/loss,86016,-0.30218586325645447
PPO_4,train/loss,88064,-0.2977745532989502
PPO_4,train/loss,90112,-0.2859552502632141
PPO_4,train/loss,92160,-0.29220691323280334
PPO_4,train/loss,94208,-0.29749828577041626
PPO_4,train/loss,96256,-0.28878897428512573
PPO_4,train/loss,98304,-0.29849037528038025
PPO_4,train/loss,100352,-0.31611061096191406
PPO_4,train/loss,102400,-0.29530736804008484
PPO_4,train/loss,104448,-0.3078433573246002
PPO_4,train/loss,106496,-0.28400659561157227
PPO_4,train/loss,108544,-0.293986439704895
PPO_4,train/loss,110592,-0.2815660834312439
PPO_4,train/loss,112640,-0.2870677709579468
PPO_4,train/loss,114688,-0.3037573993206024
PPO_4,train/loss,116736,-0.29363781213760376
PPO_4,train/loss,118784,-0.3090818226337433
PPO_4,train/loss,120832,-0.3076009452342987
PPO_4,train/loss,122880,-0.3101333975791931
PPO_4,train/loss,124928,-0.2859758138656616
PPO_4,train/loss,126976,-0.31744375824928284
PPO_4,train/loss,129024,-0.3013375401496887
PPO_4,train/loss,131072,-0.2765161693096161
PPO_4,train/loss,133120,-0.29843154549598694
PPO_4,train/loss,135168,-0.3022552728652954
PPO_4,train/loss,137216,-0.2966644763946533
PPO_4,train/loss,139264,-0.2837161123752594
PPO_4,train/loss,141312,-0.3051990270614624
PPO_4,train/loss,143360,-0.29970407485961914
PPO_4,train/loss,145408,-0.30364611744880676
PPO_4,train/loss,147456,-0.304862916469574
PPO_4,train/loss,149504,-0.29853007197380066
PPO_4,train/loss,151552,-0.30346935987472534
PPO_4,train/loss,153600,-0.30383217334747314
PPO_4,train/loss,155648,-0.30619946122169495
PPO_4,train/loss,157696,-0.312669575214386
PPO_4,train/loss,159744,-0.32332319021224976
PPO_4,train/loss,161792,-0.313909113407135
PPO_4,train/loss,163840,-0.3123335540294647
PPO_4,train/loss,165888,-0.3203715682029724
PPO_4,train/loss,167936,-0.3105122148990631
PPO_4,train/loss,169984,-0.29445984959602356
PPO_4,train/loss,172032,-0.3126595616340637
PPO_4,train/loss,174080,-0.3089263141155243
PPO_4,train/loss,176128,-0.3207738399505615
PPO_4,train/loss,178176,-0.3040962517261505
PPO_4,train/loss,180224,-0.3223731219768524
PPO_4,train/loss,182272,-0.30756327509880066
PPO_4,train/loss,184320,-0.32917988300323486
PPO_4,train/loss,186368,-0.3157692849636078
PPO_4,train/loss,188416,-0.3079516291618347
PPO_4,train/loss,190464,-0.30874255299568176
PPO_4,train/loss,192512,-0.3267993628978729
PPO_4,train/loss,194560,-0.31049877405166626
PPO_4,train/loss,196608,-0.29154911637306213
PPO_4,train/loss,198656,-0.3018099367618561
PPO_4,train/loss,200704,-0.31136438250541687
PPO_4,train/loss,202752,-0.31235820055007935
PPO_4,train/loss,204800,-0.3201674222946167
PPO_4,train/loss,206848,-0.30788272619247437
PPO_4,train/loss,208896,-0.32283473014831543
PPO_4,train/loss,210944,-0.3218664228916168
PPO_4,train/loss,212992,-0.3224501609802246
PPO_4,train/loss,215040,-0.32459375262260437
PPO_4,train/loss,217088,-0.3295850157737732
PPO_4,train/loss,219136,-0.32214978337287903
PPO_4,train/loss,221184,-0.3200395703315735
PPO_4,train/loss,223232,-0.29774177074432373
PPO_4,train/loss,225280,-0.31258684396743774
PPO_4,train/loss,227328,-0.31507056951522827
PPO_4,train/loss,229376,-0.31671977043151855
PPO_4,train/loss,231424,-0.32533833384513855
PPO_4,train/loss,233472,-0.3149855434894562
PPO_4,train/loss,235520,-0.32778891921043396
PPO_4,train/loss,237568,-0.3266885280609131
PPO_4,train/loss,239616,-0.30904674530029297
PPO_4,train/loss,241664,-0.31434330344200134
PPO_4,train/loss,243712,-0.31532615423202515
PPO_4,train/loss,245760,-0.326859712600708
PPO_4,train/loss,247808,-0.3124734163284302
PPO_4,train/loss,249856,-0.323482871055603
PPO_4,train/loss,251904,-0.3248802125453949
PPO_4,train/loss,253952,-0.31233468651771545
PPO_4,train/loss,256000,-0.32497313618659973
PPO_4,train/loss,258048,-0.33500343561172485
PPO_4,train/loss,260096,-0.3324112296104431
PPO_4,train/loss,262144,-0.31787028908729553
PPO_4,train/loss,264192,-0.33075347542762756
PPO_4,train/loss,266240,-0.31123775243759155
PPO_4,train/loss,268288,-0.3168175518512726
PPO_4,train/loss,270336,-0.3080359995365143
PPO_4,train/loss,272384,-0.3117843568325043
PPO_4,train/loss,274432,-0.3338759243488312
PPO_4,train/loss,276480,-0.322183758020401
PPO_4,train/loss,278528,-0.32569020986557007
PPO_4,train/loss,280576,-0.3375416398048401
PPO_4,train/loss,282624,-0.32596904039382935
PPO_4,train/loss,284672,-0.3335840404033661
PPO_4,train/loss,286720,-0.3118494749069214
PPO_4,train/loss,288768,-0.32053956389427185
PPO_4,train/loss,290816,-0.32237520813941956
PPO_4,train/loss,292864,-0.32044169306755066
PPO_4,train/loss,294912,-0.32331085205078125
PPO_4,train/loss,296960,-0.33257654309272766
PPO_4,train/loss,299008,-0.33144858479499817
PPO_4,train/loss,301056,-0.31805098056793213
PPO_4,train/policy_gradient_loss,4096,-0.027537904679775238
PPO_4,train/policy_gradient_loss,6144,-0.028789661824703217
PPO_4,train/policy_gradient_loss,8192,-0.030492642894387245
PPO_4,train/policy_gradient_loss,10240,-0.03450753539800644
PPO_4,train/policy_gradient_loss,12288,-0.036951132118701935
PPO_4,train/policy_gradient_loss,14336,-0.03550940752029419
PPO_4,train/policy_gradient_loss,16384,-0.038315508514642715
PPO_4,train/policy_gradient_loss,18432,-0.03689593821763992
PPO_4,train/policy_gradient_loss,20480,-0.04036468639969826
PPO_4,train/policy_gradient_loss,22528,-0.041100867092609406
PPO_4,train/policy_gradient_loss,24576,-0.04221224784851074
PPO_4,train/policy_gradient_loss,26624,-0.03836260735988617
PPO_4,train/policy_gradient_loss,28672,-0.039992719888687134
PPO_4,train/policy_gradient_loss,30720,-0.038068436086177826
PPO_4,train/policy_gradient_loss,32768,-0.03969910740852356
PPO_4,train/policy_gradient_loss,34816,-0.039099790155887604
PPO_4,train/policy_gradient_loss,36864,-0.03473878651857376
PPO_4,train/policy_gradient_loss,38912,-0.03826155140995979
PPO_4,train/policy_gradient_loss,40960,-0.038459412753582
PPO_4,train/policy_gradient_loss,43008,-0.037577010691165924
PPO_4,train/policy_gradient_loss,45056,-0.039399582892656326
PPO_4,train/policy_gradient_loss,47104,-0.03819245845079422
PPO_4,train/policy_gradient_loss,49152,-0.039573438465595245
PPO_4,train/policy_gradient_loss,51200,-0.04047294333577156
PPO_4,train/policy_gradient_loss,53248,-0.03878387436270714
PPO_4,train/policy_gradient_loss,55296,-0.04074244573712349
PPO_4,train/policy_gradient_loss,57344,-0.04216755926609039
PPO_4,train/policy_gradient_loss,59392,-0.040534038096666336
PPO_4,train/policy_gradient_loss,61440,-0.04160502925515175
PPO_4,train/policy_gradient_loss,63488,-0.03631780296564102
PPO_4,train/policy_gradient_loss,65536,-0.03923007845878601
PPO_4,train/policy_gradient_loss,67584,-0.0378887802362442
PPO_4,train/policy_gradient_loss,69632,-0.039684172719717026
PPO_4,train/policy_gradient_loss,71680,-0.0402119979262352
PPO_4,train/policy_gradient_loss,73728,-0.03713662549853325
PPO_4,train/policy_gradient_loss,75776,-0.04010212793946266
PPO_4,train/policy_gradient_loss,77824,-0.0397772453725338
PPO_4,train/policy_gradient_loss,79872,-0.04274472966790199
PPO_4,train/policy_gradient_loss,81920,-0.04144284501671791
PPO_4,train/policy_gradient_loss,83968,-0.039282962679862976
PPO_4,train/policy_gradient_loss,86016,-0.04259701073169708
PPO_4,train/policy_gradient_loss,88064,-0.03913368284702301
PPO_4,train/policy_gradient_loss,90112,-0.037866201251745224
PPO_4,train/policy_gradient_loss,92160,-0.03990606591105461
PPO_4,train/policy_gradient_loss,94208,-0.03734758123755455
PPO_4,train/policy_gradient_loss,96256,-0.041974522173404694
PPO_4,train/policy_gradient_loss,98304,-0.04272511228919029
PPO_4,train/policy_gradient_loss,100352,-0.043332088738679886
PPO_4,train/policy_gradient_loss,102400,-0.03466424718499184
PPO_4,train/policy_gradient_loss,104448,-0.04434818774461746
PPO_4,train/policy_gradient_loss,106496,-0.04158506169915199
PPO_4,train/policy_gradient_loss,108544,-0.03652522340416908
PPO_4,train/policy_gradient_loss,110592,-0.03769852966070175
PPO_4,train/policy_gradient_loss,112640,-0.03769493103027344
PPO_4,train/policy_gradient_loss,114688,-0.04322062060236931
PPO_4,train/policy_gradient_loss,116736,-0.04215996339917183
PPO_4,train/policy_gradient_loss,118784,-0.044147856533527374
PPO_4,train/policy_gradient_loss,120832,-0.04098484665155411
PPO_4,train/policy_gradient_loss,122880,-0.03981776908040047
PPO_4,train/policy_gradient_loss,124928,-0.03682534024119377
PPO_4,train/policy_gradient_loss,126976,-0.04529586434364319
PPO_4,train/policy_gradient_loss,129024,-0.04310779646039009
PPO_4,train/policy_gradient_loss,131072,-0.04016503691673279
PPO_4,train/policy_gradient_loss,133120,-0.03984244912862778
PPO_4,train/policy_gradient_loss,135168,-0.04340878501534462
PPO_4,train/policy_gradient_loss,137216,-0.03755613788962364
PPO_4,train/policy_gradient_loss,139264,-0.03613249957561493
PPO_4,train/policy_gradient_loss,141312,-0.04191800206899643
PPO_4,train/policy_gradient_loss,143360,-0.04468743875622749
PPO_4,train/policy_gradient_loss,145408,-0.04788602143526077
PPO_4,train/policy_gradient_loss,147456,-0.042075976729393005
PPO_4,train/policy_gradient_loss,149504,-0.04570773243904114
PPO_4,train/policy_gradient_loss,151552,-0.04575585201382637
PPO_4,train/policy_gradient_loss,153600,-0.039659533649683
PPO_4,train/policy_gradient_loss,155648,-0.04387228190898895
PPO_4,train/policy_gradient_loss,157696,-0.04331161454319954
PPO_4,train/policy_gradient_loss,159744,-0.04442555457353592
PPO_4,train/policy_gradient_loss,161792,-0.04425988718867302
PPO_4,train/policy_gradient_loss,163840,-0.04273262619972229
PPO_4,train/policy_gradient_loss,165888,-0.04917188361287117
PPO_4,train/policy_gradient_loss,167936,-0.045305896550416946
PPO_4,train/policy_gradient_loss,169984,-0.04295336455106735
PPO_4,train/policy_gradient_loss,172032,-0.04649693891406059
PPO_4,train/policy_gradient_loss,174080,-0.04611540213227272
PPO_4,train/policy_gradient_loss,176128,-0.043713342398405075
PPO_4,train/policy_gradient_loss,178176,-0.03671431541442871
PPO_4,train/policy_gradient_loss,180224,-0.04796140268445015
PPO_4,train/policy_gradient_loss,182272,-0.04228757694363594
PPO_4,train/policy_gradient_loss,184320,-0.0429290235042572
PPO_4,train/policy_gradient_loss,186368,-0.04615413397550583
PPO_4,train/policy_gradient_loss,188416,-0.04111533612012863
PPO_4,train/policy_gradient_loss,190464,-0.041542477905750275
PPO_4,train/policy_gradient_loss,192512,-0.04534026235342026
PPO_4,train/policy_gradient_loss,194560,-0.04379934445023537
PPO_4,train/policy_gradient_loss,196608,-0.04121803492307663
PPO_4,train/policy_gradient_loss,198656,-0.03610535338521004
PPO_4,train/policy_gradient_loss,200704,-0.04620642587542534
PPO_4,train/policy_gradient_loss,202752,-0.03888417035341263
PPO_4,train/policy_gradient_loss,204800,-0.04343249648809433
PPO_4,train/policy_gradient_loss,206848,-0.042233772575855255
PPO_4,train/policy_gradient_loss,208896,-0.04165998473763466
PPO_4,train/policy_gradient_loss,210944,-0.044296279549598694
PPO_4,train/policy_gradient_loss,212992,-0.0439218245446682
PPO_4,train/policy_gradient_loss,215040,-0.043795712292194366
PPO_4,train/policy_gradient_loss,217088,-0.04395654425024986
PPO_4,train/policy_gradient_loss,219136,-0.04662184789776802
PPO_4,train/policy_gradient_loss,221184,-0.040990911424160004
PPO_4,train/policy_gradient_loss,223232,-0.039897821843624115
PPO_4,train/policy_gradient_loss,225280,-0.0425657220184803
PPO_4,train/policy_gradient_loss,227328,-0.04578419029712677
PPO_4,train/policy_gradient_loss,229376,-0.04364180192351341
PPO_4,train/policy_gradient_loss,231424,-0.04185635223984718
PPO_4,train/policy_gradient_loss,233472,-0.04449775815010071
PPO_4,train/policy_gradient_loss,235520,-0.043714553117752075
PPO_4,train/policy_gradient_loss,237568,-0.04940860718488693
PPO_4,train/policy_gradient_loss,239616,-0.04121909663081169
PPO_4,train/policy_gradient_loss,241664,-0.0455278642475605
PPO_4,train/policy_gradient_loss,243712,-0.039827894419431686
PPO_4,train/policy_gradient_loss,245760,-0.044319432228803635
PPO_4,train/policy_gradient_loss,247808,-0.04739946871995926
PPO_4,train/policy_gradient_loss,249856,-0.04741362854838371
PPO_4,train/policy_gradient_loss,251904,-0.043575793504714966
PPO_4,train/policy_gradient_loss,253952,-0.04080994054675102
PPO_4,train/policy_gradient_loss,256000,-0.04971405491232872
PPO_4,train/policy_gradient_loss,258048,-0.04389218986034393
PPO_4,train/policy_gradient_loss,260096,-0.04315872862935066
PPO_4,train/policy_gradient_loss,262144,-0.04367760196328163
PPO_4,train/policy_gradient_loss,264192,-0.04576559364795685
PPO_4,train/policy_gradient_loss,266240,-0.039633609354496
PPO_4,train/policy_gradient_loss,268288,-0.04159235581755638
PPO_4,train/policy_gradient_loss,270336,-0.04141015559434891
PPO_4,train/policy_gradient_loss,272384,-0.044389426708221436
PPO_4,train/policy_gradient_loss,274432,-0.045838259160518646
PPO_4,train/policy_gradient_loss,276480,-0.046990081667900085
PPO_4,train/policy_gradient_loss,278528,-0.045650385320186615
PPO_4,train/policy_gradient_loss,280576,-0.04775816202163696
PPO_4,train/policy_gradient_loss,282624,-0.04291946440935135
PPO_4,train/policy_gradient_loss,284672,-0.04766343533992767
PPO_4,train/policy_gradient_loss,286720,-0.03974946588277817
PPO_4,train/policy_gradient_loss,288768,-0.04533625766634941
PPO_4,train/policy_gradient_loss,290816,-0.047660935670137405
PPO_4,train/policy_gradient_loss,292864,-0.04615556076169014
PPO_4,train/policy_gradient_loss,294912,-0.04904033988714218
PPO_4,train/policy_gradient_loss,296960,-0.04717274382710457
PPO_4,train/policy_gradient_loss,299008,-0.04213723540306091
PPO_4,train/policy_gradient_loss,301056,-0.04587937518954277
PPO_4,train/std,4096,1.0014758110046387
PPO_4,train/std,6144,1.003277063369751
PPO_4,train/std,8192,1.0055205821990967
PPO_4,train/std,10240,1.007083535194397
PPO_4,train/std,12288,1.0078864097595215
PPO_4,train/std,14336,1.0105092525482178
PPO_4,train/std,16384,1.0118154287338257
PPO_4,train/std,18432,1.0128077268600464
PPO_4,train/std,20480,1.0134565830230713
PPO_4,train/std,22528,1.0119410753250122
PPO_4,train/std,24576,1.0126123428344727
PPO_4,train/std,26624,1.014609456062317
PPO_4,train/std,28672,1.0154621601104736
PPO_4,train/std,30720,1.0180532932281494
PPO_4,train/std,32768,1.0187482833862305
PPO_4,train/std,34816,1.0176717042922974
PPO_4,train/std,36864,1.0173178911209106
PPO_4,train/std,38912,1.0176364183425903
PPO_4,train/std,40960,1.0190463066101074
PPO_4,train/std,43008,1.0230848789215088
PPO_4,train/std,45056,1.0239218473434448
PPO_4,train/std,47104,1.0216163396835327
PPO_4,train/std,49152,1.023736834526062
PPO_4,train/std,51200,1.0244415998458862
PPO_4,train/std,53248,1.0254682302474976
PPO_4,train/std,55296,1.0261943340301514
PPO_4,train/std,57344,1.026733160018921
PPO_4,train/std,59392,1.0286939144134521
PPO_4,train/std,61440,1.0306684970855713
PPO_4,train/std,63488,1.0319159030914307
PPO_4,train/std,65536,1.0322670936584473
PPO_4,train/std,67584,1.036281943321228
PPO_4,train/std,69632,1.0366376638412476
PPO_4,train/std,71680,1.0386860370635986
PPO_4,train/std,73728,1.040630578994751
PPO_4,train/std,75776,1.0431828498840332
PPO_4,train/std,77824,1.0470736026763916
PPO_4,train/std,79872,1.0507789850234985
PPO_4,train/std,81920,1.0529797077178955
PPO_4,train/std,83968,1.0555421113967896
PPO_4,train/std,86016,1.060362458229065
PPO_4,train/std,88064,1.063137412071228
PPO_4,train/std,90112,1.0648036003112793
PPO_4,train/std,92160,1.0659620761871338
PPO_4,train/std,94208,1.0660823583602905
PPO_4,train/std,96256,1.066800594329834
PPO_4,train/std,98304,1.070850133895874
PPO_4,train/std,100352,1.0723289251327515
PPO_4,train/std,102400,1.071739912033081
PPO_4,train/std,104448,1.0734777450561523
PPO_4,train/std,106496,1.07596755027771
PPO_4,train/std,108544,1.0788625478744507
PPO_4,train/std,110592,1.0811704397201538
PPO_4,train/std,112640,1.082486867904663
PPO_4,train/std,114688,1.0860953330993652
PPO_4,train/std,116736,1.0871797800064087
PPO_4,train/std,118784,1.0900368690490723
PPO_4,train/std,120832,1.0894522666931152
PPO_4,train/std,122880,1.0906963348388672
PPO_4,train/std,124928,1.0931634902954102
PPO_4,train/std,126976,1.0930111408233643
PPO_4,train/std,129024,1.0926175117492676
PPO_4,train/std,131072,1.0956236124038696
PPO_4,train/std,133120,1.0972576141357422
PPO_4,train/std,135168,1.1005799770355225
PPO_4,train/std,137216,1.1020044088363647
PPO_4,train/std,139264,1.1044164896011353
PPO_4,train/std,141312,1.1063003540039062
PPO_4,train/std,143360,1.1075422763824463
PPO_4,train/std,145408,1.1088433265686035
PPO_4,train/std,147456,1.1121716499328613
PPO_4,train/std,149504,1.1142805814743042
PPO_4,train/std,151552,1.1184357404708862
PPO_4,train/std,153600,1.1180713176727295
PPO_4,train/std,155648,1.1211271286010742
PPO_4,train/std,157696,1.1232280731201172
PPO_4,train/std,159744,1.1249781847000122
PPO_4,train/std,161792,1.12693190574646
PPO_4,train/std,163840,1.1278170347213745
PPO_4,train/std,165888,1.1282849311828613
PPO_4,train/std,167936,1.1297954320907593
PPO_4,train/std,169984,1.132219672203064
PPO_4,train/std,172032,1.1344884634017944
PPO_4,train/std,174080,1.1376254558563232
PPO_4,train/std,176128,1.1379005908966064
PPO_4,train/std,178176,1.1391047239303589
PPO_4,train/std,180224,1.143541693687439
PPO_4,train/std,182272,1.1459001302719116
PPO_4,train/std,184320,1.1481094360351562
PPO_4,train/std,186368,1.14971125125885
PPO_4,train/std,188416,1.1533643007278442
PPO_4,train/std,190464,1.1573240756988525
PPO_4,train/std,192512,1.1542465686798096
PPO_4,train/std,194560,1.1553456783294678
PPO_4,train/std,196608,1.1588358879089355
PPO_4,train/std,198656,1.1637853384017944
PPO_4,train/std,200704,1.1658875942230225
PPO_4,train/std,202752,1.166086196899414
PPO_4,train/std,204800,1.1676371097564697
PPO_4,train/std,206848,1.1688863039016724
PPO_4,train/std,208896,1.1700782775878906
PPO_4,train/std,210944,1.1732263565063477
PPO_4,train/std,212992,1.174760103225708
PPO_4,train/std,215040,1.1766941547393799
PPO_4,train/std,217088,1.1760283708572388
PPO_4,train/std,219136,1.1750611066818237
PPO_4,train/std,221184,1.1743147373199463
PPO_4,train/std,223232,1.1749553680419922
PPO_4,train/std,225280,1.1762793064117432
PPO_4,train/std,227328,1.1768847703933716
PPO_4,train/std,229376,1.1791608333587646
PPO_4,train/std,231424,1.1795368194580078
PPO_4,train/std,233472,1.182413935661316
PPO_4,train/std,235520,1.1824748516082764
PPO_4,train/std,237568,1.1840262413024902
PPO_4,train/std,239616,1.1863168478012085
PPO_4,train/std,241664,1.187828540802002
PPO_4,train/std,243712,1.1907957792282104
PPO_4,train/std,245760,1.191367506980896
PPO_4,train/std,247808,1.1906274557113647
PPO_4,train/std,249856,1.19574773311615
PPO_4,train/std,251904,1.1983646154403687
PPO_4,train/std,253952,1.2030892372131348
PPO_4,train/std,256000,1.206502914428711
PPO_4,train/std,258048,1.2044522762298584
PPO_4,train/std,260096,1.205896019935608
PPO_4,train/std,262144,1.2070287466049194
PPO_4,train/std,264192,1.2090375423431396
PPO_4,train/std,266240,1.211182951927185
PPO_4,train/std,268288,1.2135934829711914
PPO_4,train/std,270336,1.2159695625305176
PPO_4,train/std,272384,1.2180533409118652
PPO_4,train/std,274432,1.22008216381073
PPO_4,train/std,276480,1.2202688455581665
PPO_4,train/std,278528,1.221222162246704
PPO_4,train/std,280576,1.2195885181427002
PPO_4,train/std,282624,1.2214208841323853
PPO_4,train/std,284672,1.2222354412078857
PPO_4,train/std,286720,1.2242918014526367
PPO_4,train/std,288768,1.2249562740325928
PPO_4,train/std,290816,1.2265292406082153
PPO_4,train/std,292864,1.228229284286499
PPO_4,train/std,294912,1.226746916770935
PPO_4,train/std,296960,1.231041431427002
PPO_4,train/std,299008,1.2331042289733887
PPO_4,train/std,301056,1.2382889986038208
PPO_4,train/value_loss,4096,0.308109313249588
PPO_4,train/value_loss,6144,0.05124872550368309
PPO_4,train/value_loss,8192,0.035252414643764496
PPO_4,train/value_loss,10240,0.025198299437761307
PPO_4,train/value_loss,12288,0.01890849694609642
PPO_4,train/value_loss,14336,0.018568243831396103
PPO_4,train/value_loss,16384,0.016541387885808945
PPO_4,train/value_loss,18432,0.01824415661394596
PPO_4,train/value_loss,20480,0.017056172713637352
PPO_4,train/value_loss,22528,0.01459743082523346
PPO_4,train/value_loss,24576,0.01253256294876337
PPO_4,train/value_loss,26624,0.013703439384698868
PPO_4,train/value_loss,28672,0.009635437279939651
PPO_4,train/value_loss,30720,0.01954953558743
PPO_4,train/value_loss,32768,0.010338356718420982
PPO_4,train/value_loss,34816,0.012974290177226067
PPO_4,train/value_loss,36864,0.015022688545286655
PPO_4,train/value_loss,38912,0.007017266005277634
PPO_4,train/value_loss,40960,0.011597804725170135
PPO_4,train/value_loss,43008,0.009712751023471355
PPO_4,train/value_loss,45056,0.009345701895654202
PPO_4,train/value_loss,47104,0.01095306221395731
PPO_4,train/value_loss,49152,0.012590034864842892
PPO_4,train/value_loss,51200,0.010888802818953991
PPO_4,train/value_loss,53248,0.0076372153125703335
PPO_4,train/value_loss,55296,0.011340387165546417
PPO_4,train/value_loss,57344,0.00987214408814907
PPO_4,train/value_loss,59392,0.009339932352304459
PPO_4,train/value_loss,61440,0.005952415522187948
PPO_4,train/value_loss,63488,0.009173010475933552
PPO_4,train/value_loss,65536,0.011997122317552567
PPO_4,train/value_loss,67584,0.007199776358902454
PPO_4,train/value_loss,69632,0.014970893040299416
PPO_4,train/value_loss,71680,0.010249599814414978
PPO_4,train/value_loss,73728,0.007497899234294891
PPO_4,train/value_loss,75776,0.007561072241514921
PPO_4,train/value_loss,77824,0.01369669009000063
PPO_4,train/value_loss,79872,0.006975068245083094
PPO_4,train/value_loss,81920,0.010402194224298
PPO_4,train/value_loss,83968,0.009026113897562027
PPO_4,train/value_loss,86016,0.009877067990601063
PPO_4,train/value_loss,88064,0.00680606160312891
PPO_4,train/value_loss,90112,0.004900903441011906
PPO_4,train/value_loss,92160,0.008643336594104767
PPO_4,train/value_loss,94208,0.004629208240658045
PPO_4,train/value_loss,96256,0.01303840521723032
PPO_4,train/value_loss,98304,0.008314074017107487
PPO_4,train/value_loss,100352,0.007723141927272081
PPO_4,train/value_loss,102400,0.007651687599718571
PPO_4,train/value_loss,104448,0.007830594666302204
PPO_4,train/value_loss,106496,0.00666017783805728
PPO_4,train/value_loss,108544,0.008308885619044304
PPO_4,train/value_loss,110592,0.011706769466400146
PPO_4,train/value_loss,112640,0.006417468655854464
PPO_4,train/value_loss,114688,0.009322510100901127
PPO_4,train/value_loss,116736,0.008497986011207104
PPO_4,train/value_loss,118784,0.006760674063116312
PPO_4,train/value_loss,120832,0.009026098065078259
PPO_4,train/value_loss,122880,0.0067893704399466515
PPO_4,train/value_loss,124928,0.004632721655070782
PPO_4,train/value_loss,126976,0.005585693288594484
PPO_4,train/value_loss,129024,0.006392217706888914
PPO_4,train/value_loss,131072,0.0087327491492033
PPO_4,train/value_loss,133120,0.005786514841020107
PPO_4,train/value_loss,135168,0.006421075202524662
PPO_4,train/value_loss,137216,0.010154232382774353
PPO_4,train/value_loss,139264,0.009240788407623768
PPO_4,train/value_loss,141312,0.00773010915145278
PPO_4,train/value_loss,143360,0.007746064569801092
PPO_4,train/value_loss,145408,0.006795360706746578
PPO_4,train/value_loss,147456,0.007417208980768919
PPO_4,train/value_loss,149504,0.005211054813116789
PPO_4,train/value_loss,151552,0.009471303783357143
PPO_4,train/value_loss,153600,0.009878730401396751
PPO_4,train/value_loss,155648,0.00964423082768917
PPO_4,train/value_loss,157696,0.00749214505776763
PPO_4,train/value_loss,159744,0.008892979472875595
PPO_4,train/value_loss,161792,0.007715629879385233
PPO_4,train/value_loss,163840,0.005032268352806568
PPO_4,train/value_loss,165888,0.0065835583955049515
PPO_4,train/value_loss,167936,0.0048287915997207165
PPO_4,train/value_loss,169984,0.004322749562561512
PPO_4,train/value_loss,172032,0.009880064986646175
PPO_4,train/value_loss,174080,0.008981534279882908
PPO_4,train/value_loss,176128,0.004893635865300894
PPO_4,train/value_loss,178176,0.006870118901133537
PPO_4,train/value_loss,180224,0.00755199883133173
PPO_4,train/value_loss,182272,0.011216534301638603
PPO_4,train/value_loss,184320,0.0059214928187429905
PPO_4,train/value_loss,186368,0.006570783443748951
PPO_4,train/value_loss,188416,0.007781289052218199
PPO_4,train/value_loss,190464,0.028712457045912743
PPO_4,train/value_loss,192512,0.007053515873849392
PPO_4,train/value_loss,194560,0.0088471295312047
PPO_4,train/value_loss,196608,0.007944007404148579
PPO_4,train/value_loss,198656,0.008180985227227211
PPO_4,train/value_loss,200704,0.009292959235608578
PPO_4,train/value_loss,202752,0.010425412096083164
PPO_4,train/value_loss,204800,0.007880570366978645
PPO_4,train/value_loss,206848,0.005995360668748617
PPO_4,train/value_loss,208896,0.006554712075740099
PPO_4,train/value_loss,210944,0.006663176696747541
PPO_4,train/value_loss,212992,0.005152863450348377
PPO_4,train/value_loss,215040,0.008715282194316387
PPO_4,train/value_loss,217088,0.0062866853550076485
PPO_4,train/value_loss,219136,0.006311279255896807
PPO_4,train/value_loss,221184,0.007268205285072327
PPO_4,train/value_loss,223232,0.009427018463611603
PPO_4,train/value_loss,225280,0.008985243737697601
PPO_4,train/value_loss,227328,0.010217583738267422
PPO_4,train/value_loss,229376,0.008801701478660107
PPO_4,train/value_loss,231424,0.0073621501214802265
PPO_4,train/value_loss,233472,0.010414103977382183
PPO_4,train/value_loss,235520,0.008671869523823261
PPO_4,train/value_loss,237568,0.009417177177965641
PPO_4,train/value_loss,239616,0.011417098343372345
PPO_4,train/value_loss,241664,0.010849213227629662
PPO_4,train/value_loss,243712,0.014364739879965782
PPO_4,train/value_loss,245760,0.00847555696964264
PPO_4,train/value_loss,247808,0.0060805585235357285
PPO_4,train/value_loss,249856,0.011464529670774937
PPO_4,train/value_loss,251904,0.011710808612406254
PPO_4,train/value_loss,253952,0.012473294511437416
PPO_4,train/value_loss,256000,0.008442886173725128
PPO_4,train/value_loss,258048,0.012101545929908752
PPO_4,train/value_loss,260096,0.009128483943641186
PPO_4,train/value_loss,262144,0.010627605952322483
PPO_4,train/value_loss,264192,0.016857780516147614
PPO_4,train/value_loss,266240,0.013582599349319935
PPO_4,train/value_loss,268288,0.008434835821390152
PPO_4,train/value_loss,270336,0.011370723135769367
PPO_4,train/value_loss,272384,0.008380236104130745
PPO_4,train/value_loss,274432,0.010129555128514767
PPO_4,train/value_loss,276480,0.009055214002728462
PPO_4,train/value_loss,278528,0.01341867446899414
PPO_4,train/value_loss,280576,0.010247797705233097
PPO_4,train/value_loss,282624,0.009925871156156063
PPO_4,train/value_loss,284672,0.016889985650777817
PPO_4,train/value_loss,286720,0.011326638050377369
PPO_4,train/value_loss,288768,0.01081395149230957
PPO_4,train/value_loss,290816,0.011255009099841118
PPO_4,train/value_loss,292864,0.027527032420039177
PPO_4,train/value_loss,294912,0.008726703003048897
PPO_4,train/value_loss,296960,0.009032533504068851
PPO_4,train/value_loss,299008,0.013059532269835472
PPO_4,train/value_loss,301056,0.006305672228336334
PPO_5,time/fps,2048,1619.0
PPO_5,time/fps,4096,1512.0
PPO_5,time/fps,6144,1490.0
PPO_5,time/fps,8192,1479.0
PPO_5,time/fps,10240,1475.0
PPO_5,time/fps,12288,1472.0
PPO_5,time/fps,14336,1469.0
PPO_5,time/fps,16384,1465.0
PPO_5,time/fps,18432,1462.0
PPO_5,time/fps,20480,1458.0
PPO_5,time/fps,22528,1456.0
PPO_5,time/fps,24576,1454.0
PPO_5,time/fps,26624,1447.0
PPO_5,time/fps,28672,1447.0
PPO_5,time/fps,30720,1440.0
PPO_5,time/fps,32768,1429.0
PPO_5,time/fps,34816,1427.0
PPO_5,time/fps,36864,1427.0
PPO_5,time/fps,38912,1425.0
PPO_5,time/fps,40960,1418.0
PPO_5,time/fps,43008,1418.0
PPO_5,time/fps,45056,1417.0
PPO_5,time/fps,47104,1417.0
PPO_5,time/fps,49152,1417.0
PPO_5,time/fps,51200,1414.0
PPO_5,time/fps,53248,1416.0
PPO_5,time/fps,55296,1417.0
PPO_5,time/fps,57344,1418.0
PPO_5,time/fps,59392,1419.0
PPO_5,time/fps,61440,1420.0
PPO_5,time/fps,63488,1420.0
PPO_5,time/fps,65536,1416.0
PPO_5,time/fps,67584,1412.0
PPO_5,time/fps,69632,1408.0
PPO_5,time/fps,71680,1405.0
PPO_5,time/fps,73728,1401.0
PPO_5,time/fps,75776,1398.0
PPO_5,time/fps,77824,1395.0
PPO_5,time/fps,79872,1392.0
PPO_5,time/fps,81920,1389.0
PPO_5,time/fps,83968,1389.0
PPO_5,time/fps,86016,1387.0
PPO_5,time/fps,88064,1384.0
PPO_5,time/fps,90112,1382.0
PPO_5,time/fps,92160,1380.0
PPO_5,time/fps,94208,1381.0
PPO_5,time/fps,96256,1381.0
PPO_5,time/fps,98304,1383.0
PPO_5,time/fps,100352,1384.0
PPO_5,time/fps,102400,1385.0
PPO_5,time/fps,104448,1385.0
PPO_5,time/fps,106496,1385.0
PPO_5,time/fps,108544,1386.0
PPO_5,time/fps,110592,1387.0
PPO_5,time/fps,112640,1387.0
PPO_5,time/fps,114688,1388.0
PPO_5,time/fps,116736,1388.0
PPO_5,time/fps,118784,1389.0
PPO_5,time/fps,120832,1390.0
PPO_5,time/fps,122880,1390.0
PPO_5,time/fps,124928,1391.0
PPO_5,time/fps,126976,1392.0
PPO_5,time/fps,129024,1392.0
PPO_5,time/fps,131072,1393.0
PPO_5,time/fps,133120,1393.0
PPO_5,time/fps,135168,1393.0
PPO_5,time/fps,137216,1393.0
PPO_5,time/fps,139264,1392.0
PPO_5,time/fps,141312,1390.0
PPO_5,time/fps,143360,1389.0
PPO_5,time/fps,145408,1389.0
PPO_5,time/fps,147456,1387.0
PPO_5,time/fps,149504,1386.0
PPO_5,time/fps,151552,1384.0
PPO_5,time/fps,153600,1383.0
PPO_5,time/fps,155648,1382.0
PPO_5,time/fps,157696,1382.0
PPO_5,time/fps,159744,1383.0
PPO_5,time/fps,161792,1383.0
PPO_5,time/fps,163840,1384.0
PPO_5,time/fps,165888,1385.0
PPO_5,time/fps,167936,1385.0
PPO_5,time/fps,169984,1386.0
PPO_5,time/fps,172032,1387.0
PPO_5,time/fps,174080,1388.0
PPO_5,time/fps,176128,1388.0
PPO_5,time/fps,178176,1389.0
PPO_5,time/fps,180224,1390.0
PPO_5,time/fps,182272,1390.0
PPO_5,time/fps,184320,1391.0
PPO_5,time/fps,186368,1392.0
PPO_5,time/fps,188416,1391.0
PPO_5,time/fps,190464,1389.0
PPO_5,time/fps,192512,1388.0
PPO_5,time/fps,194560,1387.0
PPO_5,time/fps,196608,1386.0
PPO_5,time/fps,198656,1385.0
PPO_5,time/fps,200704,1385.0
PPO_5,time/fps,202752,1385.0
PPO_5,time/fps,204800,1386.0
PPO_5,time/fps,206848,1386.0
PPO_5,time/fps,208896,1387.0
PPO_5,time/fps,210944,1388.0
PPO_5,time/fps,212992,1387.0
PPO_5,time/fps,215040,1386.0
PPO_5,time/fps,217088,1385.0
PPO_5,time/fps,219136,1385.0
PPO_5,time/fps,221184,1384.0
PPO_5,time/fps,223232,1385.0
PPO_5,time/fps,225280,1385.0
PPO_5,time/fps,227328,1386.0
PPO_5,time/fps,229376,1385.0
PPO_5,time/fps,231424,1386.0
PPO_5,time/fps,233472,1386.0
PPO_5,time/fps,235520,1386.0
PPO_5,time/fps,237568,1386.0
PPO_5,time/fps,239616,1387.0
PPO_5,time/fps,241664,1387.0
PPO_5,time/fps,243712,1387.0
PPO_5,time/fps,245760,1387.0
PPO_5,time/fps,247808,1386.0
PPO_5,time/fps,249856,1385.0
PPO_5,time/fps,251904,1384.0
PPO_5,time/fps,253952,1383.0
PPO_5,time/fps,256000,1382.0
PPO_5,time/fps,258048,1382.0
PPO_5,time/fps,260096,1381.0
PPO_5,time/fps,262144,1381.0
PPO_5,time/fps,264192,1381.0
PPO_5,time/fps,266240,1382.0
PPO_5,time/fps,268288,1383.0
PPO_5,time/fps,270336,1383.0
PPO_5,time/fps,272384,1384.0
PPO_5,time/fps,274432,1383.0
PPO_5,time/fps,276480,1383.0
PPO_5,time/fps,278528,1383.0
PPO_5,time/fps,280576,1384.0
PPO_5,time/fps,282624,1384.0
PPO_5,time/fps,284672,1385.0
PPO_5,time/fps,286720,1385.0
PPO_5,time/fps,288768,1386.0
PPO_5,time/fps,290816,1386.0
PPO_5,time/fps,292864,1386.0
PPO_5,time/fps,294912,1387.0
PPO_5,time/fps,296960,1387.0
PPO_5,time/fps,299008,1387.0
PPO_5,time/fps,301056,1386.0
PPO_5,train/approx_kl,4096,0.012844497337937355
PPO_5,train/approx_kl,6144,0.013727447018027306
PPO_5,train/approx_kl,8192,0.014823151752352715
PPO_5,train/approx_kl,10240,0.013804960995912552
PPO_5,train/approx_kl,12288,0.012986291199922562
PPO_5,train/approx_kl,14336,0.014660759828984737
PPO_5,train/approx_kl,16384,0.012987235561013222
PPO_5,train/approx_kl,18432,0.014243223704397678
PPO_5,train/approx_kl,20480,0.015519307926297188
PPO_5,train/approx_kl,22528,0.014193028211593628
PPO_5,train/approx_kl,24576,0.01394767314195633
PPO_5,train/approx_kl,26624,0.014071066863834858
PPO_5,train/approx_kl,28672,0.013221874833106995
PPO_5,train/approx_kl,30720,0.01502363383769989
PPO_5,train/approx_kl,32768,0.013893908821046352
PPO_5,train/approx_kl,34816,0.016123786568641663
PPO_5,train/approx_kl,36864,0.015164093114435673
PPO_5,train/approx_kl,38912,0.013523533940315247
PPO_5,train/approx_kl,40960,0.015065593644976616
PPO_5,train/approx_kl,43008,0.014940807595849037
PPO_5,train/approx_kl,45056,0.01665543206036091
PPO_5,train/approx_kl,47104,0.012874073348939419
PPO_5,train/approx_kl,49152,0.014150221832096577
PPO_5,train/approx_kl,51200,0.015119468793272972
PPO_5,train/approx_kl,53248,0.014473398216068745
PPO_5,train/approx_kl,55296,0.015396630391478539
PPO_5,train/approx_kl,57344,0.014165710657835007
PPO_5,train/approx_kl,59392,0.015416692942380905
PPO_5,train/approx_kl,61440,0.014693429693579674
PPO_5,train/approx_kl,63488,0.015580777078866959
PPO_5,train/approx_kl,65536,0.016438689082860947
PPO_5,train/approx_kl,67584,0.015593773685395718
PPO_5,train/approx_kl,69632,0.014424207620322704
PPO_5,train/approx_kl,71680,0.015438079833984375
PPO_5,train/approx_kl,73728,0.015401442535221577
PPO_5,train/approx_kl,75776,0.01587115228176117
PPO_5,train/approx_kl,77824,0.015513916499912739
PPO_5,train/approx_kl,79872,0.01653961092233658
PPO_5,train/approx_kl,81920,0.016727764159440994
PPO_5,train/approx_kl,83968,0.013580083847045898
PPO_5,train/approx_kl,86016,0.01622208207845688
PPO_5,train/approx_kl,88064,0.013889774680137634
PPO_5,train/approx_kl,90112,0.016184814274311066
PPO_5,train/approx_kl,92160,0.016581805422902107
PPO_5,train/approx_kl,94208,0.014975124970078468
PPO_5,train/approx_kl,96256,0.01604124903678894
PPO_5,train/approx_kl,98304,0.015556859783828259
PPO_5,train/approx_kl,100352,0.014753296971321106
PPO_5,train/approx_kl,102400,0.014286572113633156
PPO_5,train/approx_kl,104448,0.014209103770554066
PPO_5,train/approx_kl,106496,0.014250749722123146
PPO_5,train/approx_kl,108544,0.016124438494443893
PPO_5,train/approx_kl,110592,0.015741614624857903
PPO_5,train/approx_kl,112640,0.01657060533761978
PPO_5,train/approx_kl,114688,0.014974197372794151
PPO_5,train/approx_kl,116736,0.015680190175771713
PPO_5,train/approx_kl,118784,0.01489342749118805
PPO_5,train/approx_kl,120832,0.01575709879398346
PPO_5,train/approx_kl,122880,0.015512187033891678
PPO_5,train/approx_kl,124928,0.017105109989643097
PPO_5,train/approx_kl,126976,0.014932265505194664
PPO_5,train/approx_kl,129024,0.01770547218620777
PPO_5,train/approx_kl,131072,0.013872205279767513
PPO_5,train/approx_kl,133120,0.014313429594039917
PPO_5,train/approx_kl,135168,0.016205333173274994
PPO_5,train/approx_kl,137216,0.013966870494186878
PPO_5,train/approx_kl,139264,0.016426384449005127
PPO_5,train/approx_kl,141312,0.017150139436125755
PPO_5,train/approx_kl,143360,0.015478994697332382
PPO_5,train/approx_kl,145408,0.01581164076924324
PPO_5,train/approx_kl,147456,0.015062127262353897
PPO_5,train/approx_kl,149504,0.015282590873539448
PPO_5,train/approx_kl,151552,0.016719337552785873
PPO_5,train/approx_kl,153600,0.016654688864946365
PPO_5,train/approx_kl,155648,0.014808502979576588
PPO_5,train/approx_kl,157696,0.015024781227111816
PPO_5,train/approx_kl,159744,0.015839774161577225
PPO_5,train/approx_kl,161792,0.014114446938037872
PPO_5,train/approx_kl,163840,0.01769181527197361
PPO_5,train/approx_kl,165888,0.017434345558285713
PPO_5,train/approx_kl,167936,0.01493396982550621
PPO_5,train/approx_kl,169984,0.014549465849995613
PPO_5,train/approx_kl,172032,0.016552608460187912
PPO_5,train/approx_kl,174080,0.014558026567101479
PPO_5,train/approx_kl,176128,0.015020348131656647
PPO_5,train/approx_kl,178176,0.01561824232339859
PPO_5,train/approx_kl,180224,0.01510484516620636
PPO_5,train/approx_kl,182272,0.015717703849077225
PPO_5,train/approx_kl,184320,0.015803666785359383
PPO_5,train/approx_kl,186368,0.014323506504297256
PPO_5,train/approx_kl,188416,0.015894360840320587
PPO_5,train/approx_kl,190464,0.014499017037451267
PPO_5,train/approx_kl,192512,0.01441904716193676
PPO_5,train/approx_kl,194560,0.015017061494290829
PPO_5,train/approx_kl,196608,0.01642325147986412
PPO_5,train/approx_kl,198656,0.012077197432518005
PPO_5,train/approx_kl,200704,0.014558102004230022
PPO_5,train/approx_kl,202752,0.01587795838713646
PPO_5,train/approx_kl,204800,0.014633964747190475
PPO_5,train/approx_kl,206848,0.013450173661112785
PPO_5,train/approx_kl,208896,0.017297938466072083
PPO_5,train/approx_kl,210944,0.01477469876408577
PPO_5,train/approx_kl,212992,0.018148083239793777
PPO_5,train/approx_kl,215040,0.016745183616876602
PPO_5,train/approx_kl,217088,0.015838705003261566
PPO_5,train/approx_kl,219136,0.014705224893987179
PPO_5,train/approx_kl,221184,0.013988688588142395
PPO_5,train/approx_kl,223232,0.015586568042635918
PPO_5,train/approx_kl,225280,0.01547779981046915
PPO_5,train/approx_kl,227328,0.015871884301304817
PPO_5,train/approx_kl,229376,0.01599656417965889
PPO_5,train/approx_kl,231424,0.017042063176631927
PPO_5,train/approx_kl,233472,0.016280295327305794
PPO_5,train/approx_kl,235520,0.014603511430323124
PPO_5,train/approx_kl,237568,0.013452325947582722
PPO_5,train/approx_kl,239616,0.016256120055913925
PPO_5,train/approx_kl,241664,0.013958143070340157
PPO_5,train/approx_kl,243712,0.014931179583072662
PPO_5,train/approx_kl,245760,0.015729572623968124
PPO_5,train/approx_kl,247808,0.01423242874443531
PPO_5,train/approx_kl,249856,0.016040688380599022
PPO_5,train/approx_kl,251904,0.01702326349914074
PPO_5,train/approx_kl,253952,0.013696459122002125
PPO_5,train/approx_kl,256000,0.016649238765239716
PPO_5,train/approx_kl,258048,0.015610041096806526
PPO_5,train/approx_kl,260096,0.014617659151554108
PPO_5,train/approx_kl,262144,0.017607230693101883
PPO_5,train/approx_kl,264192,0.016531143337488174
PPO_5,train/approx_kl,266240,0.015732022002339363
PPO_5,train/approx_kl,268288,0.015511265955865383
PPO_5,train/approx_kl,270336,0.014982287771999836
PPO_5,train/approx_kl,272384,0.01449174527078867
PPO_5,train/approx_kl,274432,0.014802224934101105
PPO_5,train/approx_kl,276480,0.015056803822517395
PPO_5,train/approx_kl,278528,0.013901855796575546
PPO_5,train/approx_kl,280576,0.01561391819268465
PPO_5,train/approx_kl,282624,0.014677455648779869
PPO_5,train/approx_kl,284672,0.017975162714719772
PPO_5,train/approx_kl,286720,0.015594988130033016
PPO_5,train/approx_kl,288768,0.015334169380366802
PPO_5,train/approx_kl,290816,0.014686434529721737
PPO_5,train/approx_kl,292864,0.01485881395637989
PPO_5,train/approx_kl,294912,0.017225544899702072
PPO_5,train/approx_kl,296960,0.017078019678592682
PPO_5,train/approx_kl,299008,0.015976592898368835
PPO_5,train/approx_kl,301056,0.01706555485725403
PPO_5,train/clip_fraction,4096,0.11879882961511612
PPO_5,train/clip_fraction,6144,0.11093749850988388
PPO_5,train/clip_fraction,8192,0.12885741889476776
PPO_5,train/clip_fraction,10240,0.123046875
PPO_5,train/clip_fraction,12288,0.11787109076976776
PPO_5,train/clip_fraction,14336,0.14272460341453552
PPO_5,train/clip_fraction,16384,0.11826171725988388
PPO_5,train/clip_fraction,18432,0.12812499701976776
PPO_5,train/clip_fraction,20480,0.14145508408546448
PPO_5,train/clip_fraction,22528,0.13393554091453552
PPO_5,train/clip_fraction,24576,0.126953125
PPO_5,train/clip_fraction,26624,0.11904297024011612
PPO_5,train/clip_fraction,28672,0.12109375
PPO_5,train/clip_fraction,30720,0.13847656548023224
PPO_5,train/clip_fraction,32768,0.13608399033546448
PPO_5,train/clip_fraction,34816,0.16694335639476776
PPO_5,train/clip_fraction,36864,0.14897461235523224
PPO_5,train/clip_fraction,38912,0.11928711086511612
PPO_5,train/clip_fraction,40960,0.13925781846046448
PPO_5,train/clip_fraction,43008,0.14360351860523224
PPO_5,train/clip_fraction,45056,0.14096680283546448
PPO_5,train/clip_fraction,47104,0.109619140625
PPO_5,train/clip_fraction,49152,0.12841796875
PPO_5,train/clip_fraction,51200,0.171630859375
PPO_5,train/clip_fraction,53248,0.14096680283546448
PPO_5,train/clip_fraction,55296,0.15458984673023224
PPO_5,train/clip_fraction,57344,0.14384765923023224
PPO_5,train/clip_fraction,59392,0.15468749403953552
PPO_5,train/clip_fraction,61440,0.13857421278953552
PPO_5,train/clip_fraction,63488,0.136962890625
PPO_5,train/clip_fraction,65536,0.15024414658546448
PPO_5,train/clip_fraction,67584,0.1533203125
PPO_5,train/clip_fraction,69632,0.11977539211511612
PPO_5,train/clip_fraction,71680,0.15219727158546448
PPO_5,train/clip_fraction,73728,0.14130859076976776
PPO_5,train/clip_fraction,75776,0.15815429389476776
PPO_5,train/clip_fraction,77824,0.13222655653953552
PPO_5,train/clip_fraction,79872,0.14414063096046448
PPO_5,train/clip_fraction,81920,0.146728515625
PPO_5,train/clip_fraction,83968,0.14775390923023224
PPO_5,train/clip_fraction,86016,0.16694335639476776
PPO_5,train/clip_fraction,88064,0.13603515923023224
PPO_5,train/clip_fraction,90112,0.139404296875
PPO_5,train/clip_fraction,92160,0.15751953423023224
PPO_5,train/clip_fraction,94208,0.15053710341453552
PPO_5,train/clip_fraction,96256,0.16074219346046448
PPO_5,train/clip_fraction,98304,0.13300780951976776
PPO_5,train/clip_fraction,100352,0.15678711235523224
PPO_5,train/clip_fraction,102400,0.137451171875
PPO_5,train/clip_fraction,104448,0.15361328423023224
PPO_5,train/clip_fraction,106496,0.12871094048023224
PPO_5,train/clip_fraction,108544,0.15214844048023224
PPO_5,train/clip_fraction,110592,0.14951172471046448
PPO_5,train/clip_fraction,112640,0.148193359375
PPO_5,train/clip_fraction,114688,0.132080078125
PPO_5,train/clip_fraction,116736,0.15869140625
PPO_5,train/clip_fraction,118784,0.13398437201976776
PPO_5,train/clip_fraction,120832,0.14912109076976776
PPO_5,train/clip_fraction,122880,0.14057616889476776
PPO_5,train/clip_fraction,124928,0.15058593451976776
PPO_5,train/clip_fraction,126976,0.14541015028953552
PPO_5,train/clip_fraction,129024,0.16484375298023224
PPO_5,train/clip_fraction,131072,0.13955077528953552
PPO_5,train/clip_fraction,133120,0.14169922471046448
PPO_5,train/clip_fraction,135168,0.16630859673023224
PPO_5,train/clip_fraction,137216,0.1416015625
PPO_5,train/clip_fraction,139264,0.15239258110523224
PPO_5,train/clip_fraction,141312,0.16542968153953552
PPO_5,train/clip_fraction,143360,0.158203125
PPO_5,train/clip_fraction,145408,0.13339844346046448
PPO_5,train/clip_fraction,147456,0.13540038466453552
PPO_5,train/clip_fraction,149504,0.14204101264476776
PPO_5,train/clip_fraction,151552,0.15537109971046448
PPO_5,train/clip_fraction,153600,0.15791015326976776
PPO_5,train/clip_fraction,155648,0.138671875
PPO_5,train/clip_fraction,157696,0.1357421875
PPO_5,train/clip_fraction,159744,0.16455078125
PPO_5,train/clip_fraction,161792,0.14521484076976776
PPO_5,train/clip_fraction,163840,0.17045898735523224
PPO_5,train/clip_fraction,165888,0.15380859375
PPO_5,train/clip_fraction,167936,0.15434570610523224
PPO_5,train/clip_fraction,169984,0.14140625298023224
PPO_5,train/clip_fraction,172032,0.152587890625
PPO_5,train/clip_fraction,174080,0.14956054091453552
PPO_5,train/clip_fraction,176128,0.13857421278953552
PPO_5,train/clip_fraction,178176,0.147705078125
PPO_5,train/clip_fraction,180224,0.13544921576976776
PPO_5,train/clip_fraction,182272,0.15605469048023224
PPO_5,train/clip_fraction,184320,0.13037109375
PPO_5,train/clip_fraction,186368,0.13999024033546448
PPO_5,train/clip_fraction,188416,0.12968750298023224
PPO_5,train/clip_fraction,190464,0.12749023735523224
PPO_5,train/clip_fraction,192512,0.12031249701976776
PPO_5,train/clip_fraction,194560,0.13471679389476776
PPO_5,train/clip_fraction,196608,0.13300780951976776
PPO_5,train/clip_fraction,198656,0.12080077826976776
PPO_5,train/clip_fraction,200704,0.14467772841453552
PPO_5,train/clip_fraction,202752,0.15751953423023224
PPO_5,train/clip_fraction,204800,0.130859375
PPO_5,train/clip_fraction,206848,0.134521484375
PPO_5,train/clip_fraction,208896,0.15581054985523224
PPO_5,train/clip_fraction,210944,0.12978515028953552
PPO_5,train/clip_fraction,212992,0.18300780653953552
PPO_5,train/clip_fraction,215040,0.13994140923023224
PPO_5,train/clip_fraction,217088,0.150390625
PPO_5,train/clip_fraction,219136,0.12480469048023224
PPO_5,train/clip_fraction,221184,0.12534180283546448
PPO_5,train/clip_fraction,223232,0.13803711533546448
PPO_5,train/clip_fraction,225280,0.13388672471046448
PPO_5,train/clip_fraction,227328,0.15908202528953552
PPO_5,train/clip_fraction,229376,0.1572265625
PPO_5,train/clip_fraction,231424,0.15898437798023224
PPO_5,train/clip_fraction,233472,0.14013671875
PPO_5,train/clip_fraction,235520,0.11733398586511612
PPO_5,train/clip_fraction,237568,0.10366211086511612
PPO_5,train/clip_fraction,239616,0.14951172471046448
PPO_5,train/clip_fraction,241664,0.13261719048023224
PPO_5,train/clip_fraction,243712,0.14433594048023224
PPO_5,train/clip_fraction,245760,0.1376953125
PPO_5,train/clip_fraction,247808,0.13193359971046448
PPO_5,train/clip_fraction,249856,0.146240234375
PPO_5,train/clip_fraction,251904,0.168701171875
PPO_5,train/clip_fraction,253952,0.122802734375
PPO_5,train/clip_fraction,256000,0.16582031548023224
PPO_5,train/clip_fraction,258048,0.150390625
PPO_5,train/clip_fraction,260096,0.14985351264476776
PPO_5,train/clip_fraction,262144,0.1494140625
PPO_5,train/clip_fraction,264192,0.15966796875
PPO_5,train/clip_fraction,266240,0.15244141221046448
PPO_5,train/clip_fraction,268288,0.13920898735523224
PPO_5,train/clip_fraction,270336,0.13876953721046448
PPO_5,train/clip_fraction,272384,0.12299804389476776
PPO_5,train/clip_fraction,274432,0.13002929091453552
PPO_5,train/clip_fraction,276480,0.12875977158546448
PPO_5,train/clip_fraction,278528,0.11665038764476776
PPO_5,train/clip_fraction,280576,0.146240234375
PPO_5,train/clip_fraction,282624,0.12993164360523224
PPO_5,train/clip_fraction,284672,0.14374999701976776
PPO_5,train/clip_fraction,286720,0.15034179389476776
PPO_5,train/clip_fraction,288768,0.13818359375
PPO_5,train/clip_fraction,290816,0.13408203423023224
PPO_5,train/clip_fraction,292864,0.14697265625
PPO_5,train/clip_fraction,294912,0.15102538466453552
PPO_5,train/clip_fraction,296960,0.145263671875
PPO_5,train/clip_fraction,299008,0.13447265326976776
PPO_5,train/clip_fraction,301056,0.16249999403953552
PPO_5,train/clip_range,4096,0.20000000298023224
PPO_5,train/clip_range,6144,0.20000000298023224
PPO_5,train/clip_range,8192,0.20000000298023224
PPO_5,train/clip_range,10240,0.20000000298023224
PPO_5,train/clip_range,12288,0.20000000298023224
PPO_5,train/clip_range,14336,0.20000000298023224
PPO_5,train/clip_range,16384,0.20000000298023224
PPO_5,train/clip_range,18432,0.20000000298023224
PPO_5,train/clip_range,20480,0.20000000298023224
PPO_5,train/clip_range,22528,0.20000000298023224
PPO_5,train/clip_range,24576,0.20000000298023224
PPO_5,train/clip_range,26624,0.20000000298023224
PPO_5,train/clip_range,28672,0.20000000298023224
PPO_5,train/clip_range,30720,0.20000000298023224
PPO_5,train/clip_range,32768,0.20000000298023224
PPO_5,train/clip_range,34816,0.20000000298023224
PPO_5,train/clip_range,36864,0.20000000298023224
PPO_5,train/clip_range,38912,0.20000000298023224
PPO_5,train/clip_range,40960,0.20000000298023224
PPO_5,train/clip_range,43008,0.20000000298023224
PPO_5,train/clip_range,45056,0.20000000298023224
PPO_5,train/clip_range,47104,0.20000000298023224
PPO_5,train/clip_range,49152,0.20000000298023224
PPO_5,train/clip_range,51200,0.20000000298023224
PPO_5,train/clip_range,53248,0.20000000298023224
PPO_5,train/clip_range,55296,0.20000000298023224
PPO_5,train/clip_range,57344,0.20000000298023224
PPO_5,train/clip_range,59392,0.20000000298023224
PPO_5,train/clip_range,61440,0.20000000298023224
PPO_5,train/clip_range,63488,0.20000000298023224
PPO_5,train/clip_range,65536,0.20000000298023224
PPO_5,train/clip_range,67584,0.20000000298023224
PPO_5,train/clip_range,69632,0.20000000298023224
PPO_5,train/clip_range,71680,0.20000000298023224
PPO_5,train/clip_range,73728,0.20000000298023224
PPO_5,train/clip_range,75776,0.20000000298023224
PPO_5,train/clip_range,77824,0.20000000298023224
PPO_5,train/clip_range,79872,0.20000000298023224
PPO_5,train/clip_range,81920,0.20000000298023224
PPO_5,train/clip_range,83968,0.20000000298023224
PPO_5,train/clip_range,86016,0.20000000298023224
PPO_5,train/clip_range,88064,0.20000000298023224
PPO_5,train/clip_range,90112,0.20000000298023224
PPO_5,train/clip_range,92160,0.20000000298023224
PPO_5,train/clip_range,94208,0.20000000298023224
PPO_5,train/clip_range,96256,0.20000000298023224
PPO_5,train/clip_range,98304,0.20000000298023224
PPO_5,train/clip_range,100352,0.20000000298023224
PPO_5,train/clip_range,102400,0.20000000298023224
PPO_5,train/clip_range,104448,0.20000000298023224
PPO_5,train/clip_range,106496,0.20000000298023224
PPO_5,train/clip_range,108544,0.20000000298023224
PPO_5,train/clip_range,110592,0.20000000298023224
PPO_5,train/clip_range,112640,0.20000000298023224
PPO_5,train/clip_range,114688,0.20000000298023224
PPO_5,train/clip_range,116736,0.20000000298023224
PPO_5,train/clip_range,118784,0.20000000298023224
PPO_5,train/clip_range,120832,0.20000000298023224
PPO_5,train/clip_range,122880,0.20000000298023224
PPO_5,train/clip_range,124928,0.20000000298023224
PPO_5,train/clip_range,126976,0.20000000298023224
PPO_5,train/clip_range,129024,0.20000000298023224
PPO_5,train/clip_range,131072,0.20000000298023224
PPO_5,train/clip_range,133120,0.20000000298023224
PPO_5,train/clip_range,135168,0.20000000298023224
PPO_5,train/clip_range,137216,0.20000000298023224
PPO_5,train/clip_range,139264,0.20000000298023224
PPO_5,train/clip_range,141312,0.20000000298023224
PPO_5,train/clip_range,143360,0.20000000298023224
PPO_5,train/clip_range,145408,0.20000000298023224
PPO_5,train/clip_range,147456,0.20000000298023224
PPO_5,train/clip_range,149504,0.20000000298023224
PPO_5,train/clip_range,151552,0.20000000298023224
PPO_5,train/clip_range,153600,0.20000000298023224
PPO_5,train/clip_range,155648,0.20000000298023224
PPO_5,train/clip_range,157696,0.20000000298023224
PPO_5,train/clip_range,159744,0.20000000298023224
PPO_5,train/clip_range,161792,0.20000000298023224
PPO_5,train/clip_range,163840,0.20000000298023224
PPO_5,train/clip_range,165888,0.20000000298023224
PPO_5,train/clip_range,167936,0.20000000298023224
PPO_5,train/clip_range,169984,0.20000000298023224
PPO_5,train/clip_range,172032,0.20000000298023224
PPO_5,train/clip_range,174080,0.20000000298023224
PPO_5,train/clip_range,176128,0.20000000298023224
PPO_5,train/clip_range,178176,0.20000000298023224
PPO_5,train/clip_range,180224,0.20000000298023224
PPO_5,train/clip_range,182272,0.20000000298023224
PPO_5,train/clip_range,184320,0.20000000298023224
PPO_5,train/clip_range,186368,0.20000000298023224
PPO_5,train/clip_range,188416,0.20000000298023224
PPO_5,train/clip_range,190464,0.20000000298023224
PPO_5,train/clip_range,192512,0.20000000298023224
PPO_5,train/clip_range,194560,0.20000000298023224
PPO_5,train/clip_range,196608,0.20000000298023224
PPO_5,train/clip_range,198656,0.20000000298023224
PPO_5,train/clip_range,200704,0.20000000298023224
PPO_5,train/clip_range,202752,0.20000000298023224
PPO_5,train/clip_range,204800,0.20000000298023224
PPO_5,train/clip_range,206848,0.20000000298023224
PPO_5,train/clip_range,208896,0.20000000298023224
PPO_5,train/clip_range,210944,0.20000000298023224
PPO_5,train/clip_range,212992,0.20000000298023224
PPO_5,train/clip_range,215040,0.20000000298023224
PPO_5,train/clip_range,217088,0.20000000298023224
PPO_5,train/clip_range,219136,0.20000000298023224
PPO_5,train/clip_range,221184,0.20000000298023224
PPO_5,train/clip_range,223232,0.20000000298023224
PPO_5,train/clip_range,225280,0.20000000298023224
PPO_5,train/clip_range,227328,0.20000000298023224
PPO_5,train/clip_range,229376,0.20000000298023224
PPO_5,train/clip_range,231424,0.20000000298023224
PPO_5,train/clip_range,233472,0.20000000298023224
PPO_5,train/clip_range,235520,0.20000000298023224
PPO_5,train/clip_range,237568,0.20000000298023224
PPO_5,train/clip_range,239616,0.20000000298023224
PPO_5,train/clip_range,241664,0.20000000298023224
PPO_5,train/clip_range,243712,0.20000000298023224
PPO_5,train/clip_range,245760,0.20000000298023224
PPO_5,train/clip_range,247808,0.20000000298023224
PPO_5,train/clip_range,249856,0.20000000298023224
PPO_5,train/clip_range,251904,0.20000000298023224
PPO_5,train/clip_range,253952,0.20000000298023224
PPO_5,train/clip_range,256000,0.20000000298023224
PPO_5,train/clip_range,258048,0.20000000298023224
PPO_5,train/clip_range,260096,0.20000000298023224
PPO_5,train/clip_range,262144,0.20000000298023224
PPO_5,train/clip_range,264192,0.20000000298023224
PPO_5,train/clip_range,266240,0.20000000298023224
PPO_5,train/clip_range,268288,0.20000000298023224
PPO_5,train/clip_range,270336,0.20000000298023224
PPO_5,train/clip_range,272384,0.20000000298023224
PPO_5,train/clip_range,274432,0.20000000298023224
PPO_5,train/clip_range,276480,0.20000000298023224
PPO_5,train/clip_range,278528,0.20000000298023224
PPO_5,train/clip_range,280576,0.20000000298023224
PPO_5,train/clip_range,282624,0.20000000298023224
PPO_5,train/clip_range,284672,0.20000000298023224
PPO_5,train/clip_range,286720,0.20000000298023224
PPO_5,train/clip_range,288768,0.20000000298023224
PPO_5,train/clip_range,290816,0.20000000298023224
PPO_5,train/clip_range,292864,0.20000000298023224
PPO_5,train/clip_range,294912,0.20000000298023224
PPO_5,train/clip_range,296960,0.20000000298023224
PPO_5,train/clip_range,299008,0.20000000298023224
PPO_5,train/clip_range,301056,0.20000000298023224
PPO_5,train/entropy_loss,4096,-22.720718383789062
PPO_5,train/entropy_loss,6144,-22.75092315673828
PPO_5,train/entropy_loss,8192,-22.7740421295166
PPO_5,train/entropy_loss,10240,-22.808269500732422
PPO_5,train/entropy_loss,12288,-22.835050582885742
PPO_5,train/entropy_loss,14336,-22.848299026489258
PPO_5,train/entropy_loss,16384,-22.87590217590332
PPO_5,train/entropy_loss,18432,-22.906789779663086
PPO_5,train/entropy_loss,20480,-22.903268814086914
PPO_5,train/entropy_loss,22528,-22.9039306640625
PPO_5,train/entropy_loss,24576,-22.91957664489746
PPO_5,train/entropy_loss,26624,-22.940462112426758
PPO_5,train/entropy_loss,28672,-22.972475051879883
PPO_5,train/entropy_loss,30720,-23.00898551940918
PPO_5,train/entropy_loss,32768,-23.048866271972656
PPO_5,train/entropy_loss,34816,-23.07962989807129
PPO_5,train/entropy_loss,36864,-23.107290267944336
PPO_5,train/entropy_loss,38912,-23.143342971801758
PPO_5,train/entropy_loss,40960,-23.19450569152832
PPO_5,train/entropy_loss,43008,-23.214462280273438
PPO_5,train/entropy_loss,45056,-23.23674964904785
PPO_5,train/entropy_loss,47104,-23.265405654907227
PPO_5,train/entropy_loss,49152,-23.286136627197266
PPO_5,train/entropy_loss,51200,-23.31822967529297
PPO_5,train/entropy_loss,53248,-23.347707748413086
PPO_5,train/entropy_loss,55296,-23.359590530395508
PPO_5,train/entropy_loss,57344,-23.391645431518555
PPO_5,train/entropy_loss,59392,-23.432510375976562
PPO_5,train/entropy_loss,61440,-23.458677291870117
PPO_5,train/entropy_loss,63488,-23.487773895263672
PPO_5,train/entropy_loss,65536,-23.541458129882812
PPO_5,train/entropy_loss,67584,-23.56046485900879
PPO_5,train/entropy_loss,69632,-23.554000854492188
PPO_5,train/entropy_loss,71680,-23.578840255737305
PPO_5,train/entropy_loss,73728,-23.606842041015625
PPO_5,train/entropy_loss,75776,-23.636783599853516
PPO_5,train/entropy_loss,77824,-23.652143478393555
PPO_5,train/entropy_loss,79872,-23.67268943786621
PPO_5,train/entropy_loss,81920,-23.706674575805664
PPO_5,train/entropy_loss,83968,-23.760007858276367
PPO_5,train/entropy_loss,86016,-23.802711486816406
PPO_5,train/entropy_loss,88064,-23.838491439819336
PPO_5,train/entropy_loss,90112,-23.86920166015625
PPO_5,train/entropy_loss,92160,-23.913869857788086
PPO_5,train/entropy_loss,94208,-23.94634246826172
PPO_5,train/entropy_loss,96256,-23.985538482666016
PPO_5,train/entropy_loss,98304,-24.006074905395508
PPO_5,train/entropy_loss,100352,-24.03232192993164
PPO_5,train/entropy_loss,102400,-24.08655548095703
PPO_5,train/entropy_loss,104448,-24.126054763793945
PPO_5,train/entropy_loss,106496,-24.1492862701416
PPO_5,train/entropy_loss,108544,-24.21480941772461
PPO_5,train/entropy_loss,110592,-24.251358032226562
PPO_5,train/entropy_loss,112640,-24.288257598876953
PPO_5,train/entropy_loss,114688,-24.354141235351562
PPO_5,train/entropy_loss,116736,-24.3931827545166
PPO_5,train/entropy_loss,118784,-24.40740966796875
PPO_5,train/entropy_loss,120832,-24.46090316772461
PPO_5,train/entropy_loss,122880,-24.506452560424805
PPO_5,train/entropy_loss,124928,-24.534902572631836
PPO_5,train/entropy_loss,126976,-24.554224014282227
PPO_5,train/entropy_loss,129024,-24.601470947265625
PPO_5,train/entropy_loss,131072,-24.651933670043945
PPO_5,train/entropy_loss,133120,-24.714075088500977
PPO_5,train/entropy_loss,135168,-24.756206512451172
PPO_5,train/entropy_loss,137216,-24.786895751953125
PPO_5,train/entropy_loss,139264,-24.841873168945312
PPO_5,train/entropy_loss,141312,-24.896873474121094
PPO_5,train/entropy_loss,143360,-24.936941146850586
PPO_5,train/entropy_loss,145408,-24.9757022857666
PPO_5,train/entropy_loss,147456,-25.030353546142578
PPO_5,train/entropy_loss,149504,-25.050010681152344
PPO_5,train/entropy_loss,151552,-25.063451766967773
PPO_5,train/entropy_loss,153600,-25.083202362060547
PPO_5,train/entropy_loss,155648,-25.09469223022461
PPO_5,train/entropy_loss,157696,-25.130464553833008
PPO_5,train/entropy_loss,159744,-25.16025161743164
PPO_5,train/entropy_loss,161792,-25.190887451171875
PPO_5,train/entropy_loss,163840,-25.211851119995117
PPO_5,train/entropy_loss,165888,-25.28902244567871
PPO_5,train/entropy_loss,167936,-25.342798233032227
PPO_5,train/entropy_loss,169984,-25.349939346313477
PPO_5,train/entropy_loss,172032,-25.391742706298828
PPO_5,train/entropy_loss,174080,-25.416650772094727
PPO_5,train/entropy_loss,176128,-25.451839447021484
PPO_5,train/entropy_loss,178176,-25.505054473876953
PPO_5,train/entropy_loss,180224,-25.546106338500977
PPO_5,train/entropy_loss,182272,-25.56444549560547
PPO_5,train/entropy_loss,184320,-25.594907760620117
PPO_5,train/entropy_loss,186368,-25.643707275390625
PPO_5,train/entropy_loss,188416,-25.677465438842773
PPO_5,train/entropy_loss,190464,-25.74761962890625
PPO_5,train/entropy_loss,192512,-25.823041915893555
PPO_5,train/entropy_loss,194560,-25.875797271728516
PPO_5,train/entropy_loss,196608,-25.919214248657227
PPO_5,train/entropy_loss,198656,-25.94672966003418
PPO_5,train/entropy_loss,200704,-25.9785213470459
PPO_5,train/entropy_loss,202752,-25.999786376953125
PPO_5,train/entropy_loss,204800,-26.021757125854492
PPO_5,train/entropy_loss,206848,-26.051008224487305
PPO_5,train/entropy_loss,208896,-26.073780059814453
PPO_5,train/entropy_loss,210944,-26.09221649169922
PPO_5,train/entropy_loss,212992,-26.145925521850586
PPO_5,train/entropy_loss,215040,-26.190614700317383
PPO_5,train/entropy_loss,217088,-26.229759216308594
PPO_5,train/entropy_loss,219136,-26.26738739013672
PPO_5,train/entropy_loss,221184,-26.315921783447266
PPO_5,train/entropy_loss,223232,-26.380512237548828
PPO_5,train/entropy_loss,225280,-26.434513092041016
PPO_5,train/entropy_loss,227328,-26.477256774902344
PPO_5,train/entropy_loss,229376,-26.510623931884766
PPO_5,train/entropy_loss,231424,-26.52940559387207
PPO_5,train/entropy_loss,233472,-26.571287155151367
PPO_5,train/entropy_loss,235520,-26.644678115844727
PPO_5,train/entropy_loss,237568,-26.739479064941406
PPO_5,train/entropy_loss,239616,-26.809127807617188
PPO_5,train/entropy_loss,241664,-26.83298110961914
PPO_5,train/entropy_loss,243712,-26.84198570251465
PPO_5,train/entropy_loss,245760,-26.915117263793945
PPO_5,train/entropy_loss,247808,-26.996339797973633
PPO_5,train/entropy_loss,249856,-27.03706169128418
PPO_5,train/entropy_loss,251904,-27.06878089904785
PPO_5,train/entropy_loss,253952,-27.120243072509766
PPO_5,train/entropy_loss,256000,-27.157150268554688
PPO_5,train/entropy_loss,258048,-27.18569564819336
PPO_5,train/entropy_loss,260096,-27.213842391967773
PPO_5,train/entropy_loss,262144,-27.255046844482422
PPO_5,train/entropy_loss,264192,-27.3059139251709
PPO_5,train/entropy_loss,266240,-27.35500144958496
PPO_5,train/entropy_loss,268288,-27.396793365478516
PPO_5,train/entropy_loss,270336,-27.418067932128906
PPO_5,train/entropy_loss,272384,-27.456825256347656
PPO_5,train/entropy_loss,274432,-27.4727840423584
PPO_5,train/entropy_loss,276480,-27.48175048828125
PPO_5,train/entropy_loss,278528,-27.51032829284668
PPO_5,train/entropy_loss,280576,-27.543628692626953
PPO_5,train/entropy_loss,282624,-27.592113494873047
PPO_5,train/entropy_loss,284672,-27.637357711791992
PPO_5,train/entropy_loss,286720,-27.690942764282227
PPO_5,train/entropy_loss,288768,-27.721149444580078
PPO_5,train/entropy_loss,290816,-27.76941680908203
PPO_5,train/entropy_loss,292864,-27.822874069213867
PPO_5,train/entropy_loss,294912,-27.840517044067383
PPO_5,train/entropy_loss,296960,-27.844158172607422
PPO_5,train/entropy_loss,299008,-27.875988006591797
PPO_5,train/entropy_loss,301056,-27.933557510375977
PPO_5,train/explained_variance,4096,0.11824828386306763
PPO_5,train/explained_variance,6144,0.7553690671920776
PPO_5,train/explained_variance,8192,0.6519745588302612
PPO_5,train/explained_variance,10240,0.6975665092468262
PPO_5,train/explained_variance,12288,0.7965940833091736
PPO_5,train/explained_variance,14336,0.7910722494125366
PPO_5,train/explained_variance,16384,0.889372706413269
PPO_5,train/explained_variance,18432,0.8541215062141418
PPO_5,train/explained_variance,20480,0.8298061490058899
PPO_5,train/explained_variance,22528,0.8535770177841187
PPO_5,train/explained_variance,24576,0.8789028525352478
PPO_5,train/explained_variance,26624,0.8337081074714661
PPO_5,train/explained_variance,28672,0.8856269121170044
PPO_5,train/explained_variance,30720,0.8616450428962708
PPO_5,train/explained_variance,32768,0.9184311628341675
PPO_5,train/explained_variance,34816,0.8943015336990356
PPO_5,train/explained_variance,36864,0.8936699032783508
PPO_5,train/explained_variance,38912,0.9020998477935791
PPO_5,train/explained_variance,40960,0.8888922929763794
PPO_5,train/explained_variance,43008,0.9205930233001709
PPO_5,train/explained_variance,45056,0.8967203497886658
PPO_5,train/explained_variance,47104,0.9382838606834412
PPO_5,train/explained_variance,49152,0.9720394015312195
PPO_5,train/explained_variance,51200,0.9214307069778442
PPO_5,train/explained_variance,53248,0.9346693754196167
PPO_5,train/explained_variance,55296,0.9244245886802673
PPO_5,train/explained_variance,57344,0.9151578545570374
PPO_5,train/explained_variance,59392,0.9137288928031921
PPO_5,train/explained_variance,61440,0.9122598767280579
PPO_5,train/explained_variance,63488,0.9504004120826721
PPO_5,train/explained_variance,65536,0.9369186758995056
PPO_5,train/explained_variance,67584,0.929138720035553
PPO_5,train/explained_variance,69632,0.9223387241363525
PPO_5,train/explained_variance,71680,0.9457286596298218
PPO_5,train/explained_variance,73728,0.9172614216804504
PPO_5,train/explained_variance,75776,0.947866678237915
PPO_5,train/explained_variance,77824,0.9157710671424866
PPO_5,train/explained_variance,79872,0.9379976987838745
PPO_5,train/explained_variance,81920,0.9273329973220825
PPO_5,train/explained_variance,83968,0.9555835127830505
PPO_5,train/explained_variance,86016,0.9247105121612549
PPO_5,train/explained_variance,88064,0.9504047632217407
PPO_5,train/explained_variance,90112,0.9296391010284424
PPO_5,train/explained_variance,92160,0.9467771053314209
PPO_5,train/explained_variance,94208,0.9211837649345398
PPO_5,train/explained_variance,96256,0.9288570880889893
PPO_5,train/explained_variance,98304,0.9331042170524597
PPO_5,train/explained_variance,100352,0.938941478729248
PPO_5,train/explained_variance,102400,0.935289740562439
PPO_5,train/explained_variance,104448,0.9389674067497253
PPO_5,train/explained_variance,106496,0.9353055953979492
PPO_5,train/explained_variance,108544,0.9309021830558777
PPO_5,train/explained_variance,110592,0.9340742826461792
PPO_5,train/explained_variance,112640,0.9229657649993896
PPO_5,train/explained_variance,114688,0.9329137802124023
PPO_5,train/explained_variance,116736,0.9530786871910095
PPO_5,train/explained_variance,118784,0.956829309463501
PPO_5,train/explained_variance,120832,0.960569441318512
PPO_5,train/explained_variance,122880,0.9606326818466187
PPO_5,train/explained_variance,124928,0.96123868227005
PPO_5,train/explained_variance,126976,0.9397683143615723
PPO_5,train/explained_variance,129024,0.9407476186752319
PPO_5,train/explained_variance,131072,0.9198448061943054
PPO_5,train/explained_variance,133120,0.9345011711120605
PPO_5,train/explained_variance,135168,0.9656192660331726
PPO_5,train/explained_variance,137216,0.9609850645065308
PPO_5,train/explained_variance,139264,0.9649145603179932
PPO_5,train/explained_variance,141312,0.968512237071991
PPO_5,train/explained_variance,143360,0.9489609599113464
PPO_5,train/explained_variance,145408,0.9502966403961182
PPO_5,train/explained_variance,147456,0.957584023475647
PPO_5,train/explained_variance,149504,0.9287847876548767
PPO_5,train/explained_variance,151552,0.9466416835784912
PPO_5,train/explained_variance,153600,0.9540933966636658
PPO_5,train/explained_variance,155648,0.9141759276390076
PPO_5,train/explained_variance,157696,0.895978569984436
PPO_5,train/explained_variance,159744,0.9227095246315002
PPO_5,train/explained_variance,161792,0.960794985294342
PPO_5,train/explained_variance,163840,0.9153186678886414
PPO_5,train/explained_variance,165888,0.9509338140487671
PPO_5,train/explained_variance,167936,0.9394932985305786
PPO_5,train/explained_variance,169984,0.944800078868866
PPO_5,train/explained_variance,172032,0.8267531991004944
PPO_5,train/explained_variance,174080,0.953800618648529
PPO_5,train/explained_variance,176128,0.9240092635154724
PPO_5,train/explained_variance,178176,0.9527366161346436
PPO_5,train/explained_variance,180224,0.9509406089782715
PPO_5,train/explained_variance,182272,0.9359087944030762
PPO_5,train/explained_variance,184320,0.9023391604423523
PPO_5,train/explained_variance,186368,0.9506605863571167
PPO_5,train/explained_variance,188416,0.8977871537208557
PPO_5,train/explained_variance,190464,0.9476915001869202
PPO_5,train/explained_variance,192512,0.9729236960411072
PPO_5,train/explained_variance,194560,0.9384766221046448
PPO_5,train/explained_variance,196608,0.9190378189086914
PPO_5,train/explained_variance,198656,0.9729727506637573
PPO_5,train/explained_variance,200704,0.9426378607749939
PPO_5,train/explained_variance,202752,0.9629849791526794
PPO_5,train/explained_variance,204800,0.9434746503829956
PPO_5,train/explained_variance,206848,0.9486710429191589
PPO_5,train/explained_variance,208896,0.9584019780158997
PPO_5,train/explained_variance,210944,0.9478384852409363
PPO_5,train/explained_variance,212992,0.9488182067871094
PPO_5,train/explained_variance,215040,0.9454622268676758
PPO_5,train/explained_variance,217088,0.9471133947372437
PPO_5,train/explained_variance,219136,0.9572428464889526
PPO_5,train/explained_variance,221184,0.956874430179596
PPO_5,train/explained_variance,223232,0.9699962139129639
PPO_5,train/explained_variance,225280,0.9551553130149841
PPO_5,train/explained_variance,227328,0.8986222743988037
PPO_5,train/explained_variance,229376,0.9581887125968933
PPO_5,train/explained_variance,231424,0.9548658132553101
PPO_5,train/explained_variance,233472,0.9437373876571655
PPO_5,train/explained_variance,235520,0.9460236430168152
PPO_5,train/explained_variance,237568,0.964362382888794
PPO_5,train/explained_variance,239616,0.9607028365135193
PPO_5,train/explained_variance,241664,0.960881769657135
PPO_5,train/explained_variance,243712,0.9607425928115845
PPO_5,train/explained_variance,245760,0.9157033562660217
PPO_5,train/explained_variance,247808,0.9396433234214783
PPO_5,train/explained_variance,249856,0.956397533416748
PPO_5,train/explained_variance,251904,0.9412328600883484
PPO_5,train/explained_variance,253952,0.9653641581535339
PPO_5,train/explained_variance,256000,0.9503405094146729
PPO_5,train/explained_variance,258048,0.9501457810401917
PPO_5,train/explained_variance,260096,0.9737432599067688
PPO_5,train/explained_variance,262144,0.9610680341720581
PPO_5,train/explained_variance,264192,0.9468175768852234
PPO_5,train/explained_variance,266240,0.9631595611572266
PPO_5,train/explained_variance,268288,0.9495255947113037
PPO_5,train/explained_variance,270336,0.9713796377182007
PPO_5,train/explained_variance,272384,0.955773651599884
PPO_5,train/explained_variance,274432,0.9712746739387512
PPO_5,train/explained_variance,276480,0.9362492561340332
PPO_5,train/explained_variance,278528,0.9687027335166931
PPO_5,train/explained_variance,280576,0.9558545351028442
PPO_5,train/explained_variance,282624,0.9457466006278992
PPO_5,train/explained_variance,284672,0.9145513772964478
PPO_5,train/explained_variance,286720,0.9617869257926941
PPO_5,train/explained_variance,288768,0.9611964225769043
PPO_5,train/explained_variance,290816,0.9558462500572205
PPO_5,train/explained_variance,292864,0.9534677267074585
PPO_5,train/explained_variance,294912,0.9244058132171631
PPO_5,train/explained_variance,296960,0.9852590560913086
PPO_5,train/explained_variance,299008,0.9580866098403931
PPO_5,train/explained_variance,301056,0.9626914858818054
PPO_5,train/learning_rate,4096,0.0003000000142492354
PPO_5,train/learning_rate,6144,0.0003000000142492354
PPO_5,train/learning_rate,8192,0.0003000000142492354
PPO_5,train/learning_rate,10240,0.0003000000142492354
PPO_5,train/learning_rate,12288,0.0003000000142492354
PPO_5,train/learning_rate,14336,0.0003000000142492354
PPO_5,train/learning_rate,16384,0.0003000000142492354
PPO_5,train/learning_rate,18432,0.0003000000142492354
PPO_5,train/learning_rate,20480,0.0003000000142492354
PPO_5,train/learning_rate,22528,0.0003000000142492354
PPO_5,train/learning_rate,24576,0.0003000000142492354
PPO_5,train/learning_rate,26624,0.0003000000142492354
PPO_5,train/learning_rate,28672,0.0003000000142492354
PPO_5,train/learning_rate,30720,0.0003000000142492354
PPO_5,train/learning_rate,32768,0.0003000000142492354
PPO_5,train/learning_rate,34816,0.0003000000142492354
PPO_5,train/learning_rate,36864,0.0003000000142492354
PPO_5,train/learning_rate,38912,0.0003000000142492354
PPO_5,train/learning_rate,40960,0.0003000000142492354
PPO_5,train/learning_rate,43008,0.0003000000142492354
PPO_5,train/learning_rate,45056,0.0003000000142492354
PPO_5,train/learning_rate,47104,0.0003000000142492354
PPO_5,train/learning_rate,49152,0.0003000000142492354
PPO_5,train/learning_rate,51200,0.0003000000142492354
PPO_5,train/learning_rate,53248,0.0003000000142492354
PPO_5,train/learning_rate,55296,0.0003000000142492354
PPO_5,train/learning_rate,57344,0.0003000000142492354
PPO_5,train/learning_rate,59392,0.0003000000142492354
PPO_5,train/learning_rate,61440,0.0003000000142492354
PPO_5,train/learning_rate,63488,0.0003000000142492354
PPO_5,train/learning_rate,65536,0.0003000000142492354
PPO_5,train/learning_rate,67584,0.0003000000142492354
PPO_5,train/learning_rate,69632,0.0003000000142492354
PPO_5,train/learning_rate,71680,0.0003000000142492354
PPO_5,train/learning_rate,73728,0.0003000000142492354
PPO_5,train/learning_rate,75776,0.0003000000142492354
PPO_5,train/learning_rate,77824,0.0003000000142492354
PPO_5,train/learning_rate,79872,0.0003000000142492354
PPO_5,train/learning_rate,81920,0.0003000000142492354
PPO_5,train/learning_rate,83968,0.0003000000142492354
PPO_5,train/learning_rate,86016,0.0003000000142492354
PPO_5,train/learning_rate,88064,0.0003000000142492354
PPO_5,train/learning_rate,90112,0.0003000000142492354
PPO_5,train/learning_rate,92160,0.0003000000142492354
PPO_5,train/learning_rate,94208,0.0003000000142492354
PPO_5,train/learning_rate,96256,0.0003000000142492354
PPO_5,train/learning_rate,98304,0.0003000000142492354
PPO_5,train/learning_rate,100352,0.0003000000142492354
PPO_5,train/learning_rate,102400,0.0003000000142492354
PPO_5,train/learning_rate,104448,0.0003000000142492354
PPO_5,train/learning_rate,106496,0.0003000000142492354
PPO_5,train/learning_rate,108544,0.0003000000142492354
PPO_5,train/learning_rate,110592,0.0003000000142492354
PPO_5,train/learning_rate,112640,0.0003000000142492354
PPO_5,train/learning_rate,114688,0.0003000000142492354
PPO_5,train/learning_rate,116736,0.0003000000142492354
PPO_5,train/learning_rate,118784,0.0003000000142492354
PPO_5,train/learning_rate,120832,0.0003000000142492354
PPO_5,train/learning_rate,122880,0.0003000000142492354
PPO_5,train/learning_rate,124928,0.0003000000142492354
PPO_5,train/learning_rate,126976,0.0003000000142492354
PPO_5,train/learning_rate,129024,0.0003000000142492354
PPO_5,train/learning_rate,131072,0.0003000000142492354
PPO_5,train/learning_rate,133120,0.0003000000142492354
PPO_5,train/learning_rate,135168,0.0003000000142492354
PPO_5,train/learning_rate,137216,0.0003000000142492354
PPO_5,train/learning_rate,139264,0.0003000000142492354
PPO_5,train/learning_rate,141312,0.0003000000142492354
PPO_5,train/learning_rate,143360,0.0003000000142492354
PPO_5,train/learning_rate,145408,0.0003000000142492354
PPO_5,train/learning_rate,147456,0.0003000000142492354
PPO_5,train/learning_rate,149504,0.0003000000142492354
PPO_5,train/learning_rate,151552,0.0003000000142492354
PPO_5,train/learning_rate,153600,0.0003000000142492354
PPO_5,train/learning_rate,155648,0.0003000000142492354
PPO_5,train/learning_rate,157696,0.0003000000142492354
PPO_5,train/learning_rate,159744,0.0003000000142492354
PPO_5,train/learning_rate,161792,0.0003000000142492354
PPO_5,train/learning_rate,163840,0.0003000000142492354
PPO_5,train/learning_rate,165888,0.0003000000142492354
PPO_5,train/learning_rate,167936,0.0003000000142492354
PPO_5,train/learning_rate,169984,0.0003000000142492354
PPO_5,train/learning_rate,172032,0.0003000000142492354
PPO_5,train/learning_rate,174080,0.0003000000142492354
PPO_5,train/learning_rate,176128,0.0003000000142492354
PPO_5,train/learning_rate,178176,0.0003000000142492354
PPO_5,train/learning_rate,180224,0.0003000000142492354
PPO_5,train/learning_rate,182272,0.0003000000142492354
PPO_5,train/learning_rate,184320,0.0003000000142492354
PPO_5,train/learning_rate,186368,0.0003000000142492354
PPO_5,train/learning_rate,188416,0.0003000000142492354
PPO_5,train/learning_rate,190464,0.0003000000142492354
PPO_5,train/learning_rate,192512,0.0003000000142492354
PPO_5,train/learning_rate,194560,0.0003000000142492354
PPO_5,train/learning_rate,196608,0.0003000000142492354
PPO_5,train/learning_rate,198656,0.0003000000142492354
PPO_5,train/learning_rate,200704,0.0003000000142492354
PPO_5,train/learning_rate,202752,0.0003000000142492354
PPO_5,train/learning_rate,204800,0.0003000000142492354
PPO_5,train/learning_rate,206848,0.0003000000142492354
PPO_5,train/learning_rate,208896,0.0003000000142492354
PPO_5,train/learning_rate,210944,0.0003000000142492354
PPO_5,train/learning_rate,212992,0.0003000000142492354
PPO_5,train/learning_rate,215040,0.0003000000142492354
PPO_5,train/learning_rate,217088,0.0003000000142492354
PPO_5,train/learning_rate,219136,0.0003000000142492354
PPO_5,train/learning_rate,221184,0.0003000000142492354
PPO_5,train/learning_rate,223232,0.0003000000142492354
PPO_5,train/learning_rate,225280,0.0003000000142492354
PPO_5,train/learning_rate,227328,0.0003000000142492354
PPO_5,train/learning_rate,229376,0.0003000000142492354
PPO_5,train/learning_rate,231424,0.0003000000142492354
PPO_5,train/learning_rate,233472,0.0003000000142492354
PPO_5,train/learning_rate,235520,0.0003000000142492354
PPO_5,train/learning_rate,237568,0.0003000000142492354
PPO_5,train/learning_rate,239616,0.0003000000142492354
PPO_5,train/learning_rate,241664,0.0003000000142492354
PPO_5,train/learning_rate,243712,0.0003000000142492354
PPO_5,train/learning_rate,245760,0.0003000000142492354
PPO_5,train/learning_rate,247808,0.0003000000142492354
PPO_5,train/learning_rate,249856,0.0003000000142492354
PPO_5,train/learning_rate,251904,0.0003000000142492354
PPO_5,train/learning_rate,253952,0.0003000000142492354
PPO_5,train/learning_rate,256000,0.0003000000142492354
PPO_5,train/learning_rate,258048,0.0003000000142492354
PPO_5,train/learning_rate,260096,0.0003000000142492354
PPO_5,train/learning_rate,262144,0.0003000000142492354
PPO_5,train/learning_rate,264192,0.0003000000142492354
PPO_5,train/learning_rate,266240,0.0003000000142492354
PPO_5,train/learning_rate,268288,0.0003000000142492354
PPO_5,train/learning_rate,270336,0.0003000000142492354
PPO_5,train/learning_rate,272384,0.0003000000142492354
PPO_5,train/learning_rate,274432,0.0003000000142492354
PPO_5,train/learning_rate,276480,0.0003000000142492354
PPO_5,train/learning_rate,278528,0.0003000000142492354
PPO_5,train/learning_rate,280576,0.0003000000142492354
PPO_5,train/learning_rate,282624,0.0003000000142492354
PPO_5,train/learning_rate,284672,0.0003000000142492354
PPO_5,train/learning_rate,286720,0.0003000000142492354
PPO_5,train/learning_rate,288768,0.0003000000142492354
PPO_5,train/learning_rate,290816,0.0003000000142492354
PPO_5,train/learning_rate,292864,0.0003000000142492354
PPO_5,train/learning_rate,294912,0.0003000000142492354
PPO_5,train/learning_rate,296960,0.0003000000142492354
PPO_5,train/learning_rate,299008,0.0003000000142492354
PPO_5,train/learning_rate,301056,0.0003000000142492354
PPO_5,train/loss,4096,-0.2338462769985199
PPO_5,train/loss,6144,-0.2587474584579468
PPO_5,train/loss,8192,-0.2711569666862488
PPO_5,train/loss,10240,-0.2796761095523834
PPO_5,train/loss,12288,-0.2789037823677063
PPO_5,train/loss,14336,-0.2733321487903595
PPO_5,train/loss,16384,-0.280598908662796
PPO_5,train/loss,18432,-0.2822944223880768
PPO_5,train/loss,20480,-0.2821970582008362
PPO_5,train/loss,22528,-0.2712123990058899
PPO_5,train/loss,24576,-0.29451972246170044
PPO_5,train/loss,26624,-0.2861955463886261
PPO_5,train/loss,28672,-0.2762939929962158
PPO_5,train/loss,30720,-0.2726533114910126
PPO_5,train/loss,32768,-0.27851518988609314
PPO_5,train/loss,34816,-0.2857932448387146
PPO_5,train/loss,36864,-0.2819136381149292
PPO_5,train/loss,38912,-0.28215688467025757
PPO_5,train/loss,40960,-0.2941059172153473
PPO_5,train/loss,43008,-0.28630709648132324
PPO_5,train/loss,45056,-0.2833569347858429
PPO_5,train/loss,47104,-0.27695733308792114
PPO_5,train/loss,49152,-0.2809135615825653
PPO_5,train/loss,51200,-0.3013231158256531
PPO_5,train/loss,53248,-0.27467817068099976
PPO_5,train/loss,55296,-0.2803081274032593
PPO_5,train/loss,57344,-0.27371591329574585
PPO_5,train/loss,59392,-0.27799639105796814
PPO_5,train/loss,61440,-0.2854834794998169
PPO_5,train/loss,63488,-0.2883274555206299
PPO_5,train/loss,65536,-0.2869899570941925
PPO_5,train/loss,67584,-0.29344651103019714
PPO_5,train/loss,69632,-0.26944535970687866
PPO_5,train/loss,71680,-0.29009291529655457
PPO_5,train/loss,73728,-0.29691511392593384
PPO_5,train/loss,75776,-0.2826675474643707
PPO_5,train/loss,77824,-0.29146450757980347
PPO_5,train/loss,79872,-0.2836452126502991
PPO_5,train/loss,81920,-0.275248646736145
PPO_5,train/loss,83968,-0.27479442954063416
PPO_5,train/loss,86016,-0.287247896194458
PPO_5,train/loss,88064,-0.2845856249332428
PPO_5,train/loss,90112,-0.2942420542240143
PPO_5,train/loss,92160,-0.28981372714042664
PPO_5,train/loss,94208,-0.281249463558197
PPO_5,train/loss,96256,-0.3029121160507202
PPO_5,train/loss,98304,-0.30827808380126953
PPO_5,train/loss,100352,-0.29344531893730164
PPO_5,train/loss,102400,-0.2764764726161957
PPO_5,train/loss,104448,-0.2878895401954651
PPO_5,train/loss,106496,-0.27858787775039673
PPO_5,train/loss,108544,-0.2896885573863983
PPO_5,train/loss,110592,-0.29714545607566833
PPO_5,train/loss,112640,-0.2869736850261688
PPO_5,train/loss,114688,-0.29917609691619873
PPO_5,train/loss,116736,-0.2919236719608307
PPO_5,train/loss,118784,-0.27977919578552246
PPO_5,train/loss,120832,-0.28880611062049866
PPO_5,train/loss,122880,-0.28793370723724365
PPO_5,train/loss,124928,-0.3059822618961334
PPO_5,train/loss,126976,-0.2957953214645386
PPO_5,train/loss,129024,-0.28287437558174133
PPO_5,train/loss,131072,-0.28749698400497437
PPO_5,train/loss,133120,-0.30265486240386963
PPO_5,train/loss,135168,-0.30402830243110657
PPO_5,train/loss,137216,-0.3006706237792969
PPO_5,train/loss,139264,-0.28706514835357666
PPO_5,train/loss,141312,-0.2946234941482544
PPO_5,train/loss,143360,-0.2895974814891815
PPO_5,train/loss,145408,-0.3114129900932312
PPO_5,train/loss,147456,-0.31106916069984436
PPO_5,train/loss,149504,-0.30789315700531006
PPO_5,train/loss,151552,-0.29911527037620544
PPO_5,train/loss,153600,-0.30869531631469727
PPO_5,train/loss,155648,-0.284118115901947
PPO_5,train/loss,157696,-0.30128389596939087
PPO_5,train/loss,159744,-0.30111220479011536
PPO_5,train/loss,161792,-0.28662440180778503
PPO_5,train/loss,163840,-0.2912897765636444
PPO_5,train/loss,165888,-0.30558034777641296
PPO_5,train/loss,167936,-0.30763429403305054
PPO_5,train/loss,169984,-0.3023175001144409
PPO_5,train/loss,172032,-0.302791565656662
PPO_5,train/loss,174080,-0.28565236926078796
PPO_5,train/loss,176128,-0.3004802465438843
PPO_5,train/loss,178176,-0.3153846263885498
PPO_5,train/loss,180224,-0.3087747395038605
PPO_5,train/loss,182272,-0.3103080093860626
PPO_5,train/loss,184320,-0.29545021057128906
PPO_5,train/loss,186368,-0.28819212317466736
PPO_5,train/loss,188416,-0.3055994212627411
PPO_5,train/loss,190464,-0.2866554856300354
PPO_5,train/loss,192512,-0.2915346920490265
PPO_5,train/loss,194560,-0.30227383971214294
PPO_5,train/loss,196608,-0.31298404932022095
PPO_5,train/loss,198656,-0.31504249572753906
PPO_5,train/loss,200704,-0.3198316991329193
PPO_5,train/loss,202752,-0.3090314269065857
PPO_5,train/loss,204800,-0.2860303819179535
PPO_5,train/loss,206848,-0.30800750851631165
PPO_5,train/loss,208896,-0.3136891722679138
PPO_5,train/loss,210944,-0.31629079580307007
PPO_5,train/loss,212992,-0.3115578591823578
PPO_5,train/loss,215040,-0.29541540145874023
PPO_5,train/loss,217088,-0.32930788397789
PPO_5,train/loss,219136,-0.293936163187027
PPO_5,train/loss,221184,-0.2941044270992279
PPO_5,train/loss,223232,-0.30318135023117065
PPO_5,train/loss,225280,-0.301827996969223
PPO_5,train/loss,227328,-0.3011244535446167
PPO_5,train/loss,229376,-0.29825133085250854
PPO_5,train/loss,231424,-0.31263306736946106
PPO_5,train/loss,233472,-0.31525513529777527
PPO_5,train/loss,235520,-0.3127914369106293
PPO_5,train/loss,237568,-0.3062812089920044
PPO_5,train/loss,239616,-0.31693077087402344
PPO_5,train/loss,241664,-0.32439959049224854
PPO_5,train/loss,243712,-0.30614668130874634
PPO_5,train/loss,245760,-0.31505459547042847
PPO_5,train/loss,247808,-0.32538241147994995
PPO_5,train/loss,249856,-0.3263061046600342
PPO_5,train/loss,251904,-0.3186705708503723
PPO_5,train/loss,253952,-0.3143521249294281
PPO_5,train/loss,256000,-0.3214351534843445
PPO_5,train/loss,258048,-0.33710938692092896
PPO_5,train/loss,260096,-0.3098703622817993
PPO_5,train/loss,262144,-0.3193008005619049
PPO_5,train/loss,264192,-0.3233322501182556
PPO_5,train/loss,266240,-0.30936896800994873
PPO_5,train/loss,268288,-0.3380548059940338
PPO_5,train/loss,270336,-0.31851544976234436
PPO_5,train/loss,272384,-0.32646939158439636
PPO_5,train/loss,274432,-0.3110807538032532
PPO_5,train/loss,276480,-0.3192718029022217
PPO_5,train/loss,278528,-0.31319549679756165
PPO_5,train/loss,280576,-0.3194986581802368
PPO_5,train/loss,282624,-0.31054118275642395
PPO_5,train/loss,284672,-0.3212689459323883
PPO_5,train/loss,286720,-0.3286014497280121
PPO_5,train/loss,288768,-0.33692657947540283
PPO_5,train/loss,290816,-0.3136642277240753
PPO_5,train/loss,292864,-0.330099493265152
PPO_5,train/loss,294912,-0.33360207080841064
PPO_5,train/loss,296960,-0.3345893919467926
PPO_5,train/loss,299008,-0.3203698694705963
PPO_5,train/loss,301056,-0.3422146737575531
PPO_5,train/policy_gradient_loss,4096,-0.032465364784002304
PPO_5,train/policy_gradient_loss,6144,-0.03387751430273056
PPO_5,train/policy_gradient_loss,8192,-0.039631351828575134
PPO_5,train/policy_gradient_loss,10240,-0.037740353494882584
PPO_5,train/policy_gradient_loss,12288,-0.03585231676697731
PPO_5,train/policy_gradient_loss,14336,-0.041030000895261765
PPO_5,train/policy_gradient_loss,16384,-0.03715584799647331
PPO_5,train/policy_gradient_loss,18432,-0.03940407559275627
PPO_5,train/policy_gradient_loss,20480,-0.04190336912870407
PPO_5,train/policy_gradient_loss,22528,-0.0385558046400547
PPO_5,train/policy_gradient_loss,24576,-0.03887743875384331
PPO_5,train/policy_gradient_loss,26624,-0.03702257201075554
PPO_5,train/policy_gradient_loss,28672,-0.03904278203845024
PPO_5,train/policy_gradient_loss,30720,-0.03805530071258545
PPO_5,train/policy_gradient_loss,32768,-0.03904317691922188
PPO_5,train/policy_gradient_loss,34816,-0.03969733789563179
PPO_5,train/policy_gradient_loss,36864,-0.04155781865119934
PPO_5,train/policy_gradient_loss,38912,-0.0343477763235569
PPO_5,train/policy_gradient_loss,40960,-0.040996208786964417
PPO_5,train/policy_gradient_loss,43008,-0.03847680985927582
PPO_5,train/policy_gradient_loss,45056,-0.04012441262602806
PPO_5,train/policy_gradient_loss,47104,-0.029256006702780724
PPO_5,train/policy_gradient_loss,49152,-0.036349426954984665
PPO_5,train/policy_gradient_loss,51200,-0.03932465985417366
PPO_5,train/policy_gradient_loss,53248,-0.039124757051467896
PPO_5,train/policy_gradient_loss,55296,-0.039994820952415466
PPO_5,train/policy_gradient_loss,57344,-0.03519401326775551
PPO_5,train/policy_gradient_loss,59392,-0.039340440183877945
PPO_5,train/policy_gradient_loss,61440,-0.035126786679029465
PPO_5,train/policy_gradient_loss,63488,-0.0354175865650177
PPO_5,train/policy_gradient_loss,65536,-0.039185862988233566
PPO_5,train/policy_gradient_loss,67584,-0.03962261974811554
PPO_5,train/policy_gradient_loss,69632,-0.03148994222283363
PPO_5,train/policy_gradient_loss,71680,-0.037156492471694946
PPO_5,train/policy_gradient_loss,73728,-0.03186279535293579
PPO_5,train/policy_gradient_loss,75776,-0.03673822432756424
PPO_5,train/policy_gradient_loss,77824,-0.035026997327804565
PPO_5,train/policy_gradient_loss,79872,-0.03583724424242973
PPO_5,train/policy_gradient_loss,81920,-0.03106893226504326
PPO_5,train/policy_gradient_loss,83968,-0.03311992809176445
PPO_5,train/policy_gradient_loss,86016,-0.03870756924152374
PPO_5,train/policy_gradient_loss,88064,-0.03574185445904732
PPO_5,train/policy_gradient_loss,90112,-0.03572913631796837
PPO_5,train/policy_gradient_loss,92160,-0.03508656099438667
PPO_5,train/policy_gradient_loss,94208,-0.03434988856315613
PPO_5,train/policy_gradient_loss,96256,-0.03772546350955963
PPO_5,train/policy_gradient_loss,98304,-0.03635411337018013
PPO_5,train/policy_gradient_loss,100352,-0.04115612059831619
PPO_5,train/policy_gradient_loss,102400,-0.029201598837971687
PPO_5,train/policy_gradient_loss,104448,-0.034354254603385925
PPO_5,train/policy_gradient_loss,106496,-0.03182753920555115
PPO_5,train/policy_gradient_loss,108544,-0.03838564455509186
PPO_5,train/policy_gradient_loss,110592,-0.033512260764837265
PPO_5,train/policy_gradient_loss,112640,-0.034535497426986694
PPO_5,train/policy_gradient_loss,114688,-0.03580041229724884
PPO_5,train/policy_gradient_loss,116736,-0.033294178545475006
PPO_5,train/policy_gradient_loss,118784,-0.02888747677206993
PPO_5,train/policy_gradient_loss,120832,-0.031738199293613434
PPO_5,train/policy_gradient_loss,122880,-0.032218679785728455
PPO_5,train/policy_gradient_loss,124928,-0.04092702642083168
PPO_5,train/policy_gradient_loss,126976,-0.03664260730147362
PPO_5,train/policy_gradient_loss,129024,-0.03566886857151985
PPO_5,train/policy_gradient_loss,131072,-0.03187214583158493
PPO_5,train/policy_gradient_loss,133120,-0.030824342742562294
PPO_5,train/policy_gradient_loss,135168,-0.038175009191036224
PPO_5,train/policy_gradient_loss,137216,-0.03276801109313965
PPO_5,train/policy_gradient_loss,139264,-0.03571842238306999
PPO_5,train/policy_gradient_loss,141312,-0.03621486574411392
PPO_5,train/policy_gradient_loss,143360,-0.033151187002658844
PPO_5,train/policy_gradient_loss,145408,-0.03505284711718559
PPO_5,train/policy_gradient_loss,147456,-0.03541932255029678
PPO_5,train/policy_gradient_loss,149504,-0.0399700291454792
PPO_5,train/policy_gradient_loss,151552,-0.03754137456417084
PPO_5,train/policy_gradient_loss,153600,-0.04231509938836098
PPO_5,train/policy_gradient_loss,155648,-0.02925349958240986
PPO_5,train/policy_gradient_loss,157696,-0.03381714969873428
PPO_5,train/policy_gradient_loss,159744,-0.034261200577020645
PPO_5,train/policy_gradient_loss,161792,-0.031976766884326935
PPO_5,train/policy_gradient_loss,163840,-0.032978009432554245
PPO_5,train/policy_gradient_loss,165888,-0.030750565230846405
PPO_5,train/policy_gradient_loss,167936,-0.036957889795303345
PPO_5,train/policy_gradient_loss,169984,-0.038511183112859726
PPO_5,train/policy_gradient_loss,172032,-0.03375527262687683
PPO_5,train/policy_gradient_loss,174080,-0.02966918610036373
PPO_5,train/policy_gradient_loss,176128,-0.03152505308389664
PPO_5,train/policy_gradient_loss,178176,-0.0323367640376091
PPO_5,train/policy_gradient_loss,180224,-0.032503724098205566
PPO_5,train/policy_gradient_loss,182272,-0.03789825737476349
PPO_5,train/policy_gradient_loss,184320,-0.03272724151611328
PPO_5,train/policy_gradient_loss,186368,-0.0299871526658535
PPO_5,train/policy_gradient_loss,188416,-0.03439202904701233
PPO_5,train/policy_gradient_loss,190464,-0.025356121361255646
PPO_5,train/policy_gradient_loss,192512,-0.029101770371198654
PPO_5,train/policy_gradient_loss,194560,-0.02634073607623577
PPO_5,train/policy_gradient_loss,196608,-0.03688544034957886
PPO_5,train/policy_gradient_loss,198656,-0.02114087902009487
PPO_5,train/policy_gradient_loss,200704,-0.036529697477817535
PPO_5,train/policy_gradient_loss,202752,-0.0339379720389843
PPO_5,train/policy_gradient_loss,204800,-0.03147108107805252
PPO_5,train/policy_gradient_loss,206848,-0.030543534085154533
PPO_5,train/policy_gradient_loss,208896,-0.034399062395095825
PPO_5,train/policy_gradient_loss,210944,-0.03710746020078659
PPO_5,train/policy_gradient_loss,212992,-0.03898224979639053
PPO_5,train/policy_gradient_loss,215040,-0.02739785984158516
PPO_5,train/policy_gradient_loss,217088,-0.034822773188352585
PPO_5,train/policy_gradient_loss,219136,-0.028221765533089638
PPO_5,train/policy_gradient_loss,221184,-0.028433648869395256
PPO_5,train/policy_gradient_loss,223232,-0.03336202725768089
PPO_5,train/policy_gradient_loss,225280,-0.029929332435131073
PPO_5,train/policy_gradient_loss,227328,-0.033867139369249344
PPO_5,train/policy_gradient_loss,229376,-0.028224533423781395
PPO_5,train/policy_gradient_loss,231424,-0.03995456546545029
PPO_5,train/policy_gradient_loss,233472,-0.03137168660759926
PPO_5,train/policy_gradient_loss,235520,-0.025939036160707474
PPO_5,train/policy_gradient_loss,237568,-0.022800013422966003
PPO_5,train/policy_gradient_loss,239616,-0.029038293287158012
PPO_5,train/policy_gradient_loss,241664,-0.03211945295333862
PPO_5,train/policy_gradient_loss,243712,-0.02956586889922619
PPO_5,train/policy_gradient_loss,245760,-0.03319048509001732
PPO_5,train/policy_gradient_loss,247808,-0.03179885447025299
PPO_5,train/policy_gradient_loss,249856,-0.03967631608247757
PPO_5,train/policy_gradient_loss,251904,-0.038611870259046555
PPO_5,train/policy_gradient_loss,253952,-0.02734728902578354
PPO_5,train/policy_gradient_loss,256000,-0.035381019115448
PPO_5,train/policy_gradient_loss,258048,-0.029086241498589516
PPO_5,train/policy_gradient_loss,260096,-0.030233582481741905
PPO_5,train/policy_gradient_loss,262144,-0.03298760578036308
PPO_5,train/policy_gradient_loss,264192,-0.038379356265068054
PPO_5,train/policy_gradient_loss,266240,-0.03485630825161934
PPO_5,train/policy_gradient_loss,268288,-0.03757967799901962
PPO_5,train/policy_gradient_loss,270336,-0.029184315353631973
PPO_5,train/policy_gradient_loss,272384,-0.03075222112238407
PPO_5,train/policy_gradient_loss,274432,-0.028664685785770416
PPO_5,train/policy_gradient_loss,276480,-0.03135465830564499
PPO_5,train/policy_gradient_loss,278528,-0.027192410081624985
PPO_5,train/policy_gradient_loss,280576,-0.032226093113422394
PPO_5,train/policy_gradient_loss,282624,-0.02566373161971569
PPO_5,train/policy_gradient_loss,284672,-0.029889654368162155
PPO_5,train/policy_gradient_loss,286720,-0.03298241272568703
PPO_5,train/policy_gradient_loss,288768,-0.0349598303437233
PPO_5,train/policy_gradient_loss,290816,-0.030805055052042007
PPO_5,train/policy_gradient_loss,292864,-0.03267998620867729
PPO_5,train/policy_gradient_loss,294912,-0.037519752979278564
PPO_5,train/policy_gradient_loss,296960,-0.03620662912726402
PPO_5,train/policy_gradient_loss,299008,-0.02973012812435627
PPO_5,train/policy_gradient_loss,301056,-0.036416228860616684
PPO_5,train/std,4096,1.0025378465652466
PPO_5,train/std,6144,1.0032249689102173
PPO_5,train/std,8192,1.0057599544525146
PPO_5,train/std,10240,1.0076390504837036
PPO_5,train/std,12288,1.0088534355163574
PPO_5,train/std,14336,1.0091289281845093
PPO_5,train/std,16384,1.0123744010925293
PPO_5,train/std,18432,1.0131008625030518
PPO_5,train/std,20480,1.0121326446533203
PPO_5,train/std,22528,1.0135504007339478
PPO_5,train/std,24576,1.0139763355255127
PPO_5,train/std,26624,1.0160716772079468
PPO_5,train/std,28672,1.0180656909942627
PPO_5,train/std,30720,1.020783543586731
PPO_5,train/std,32768,1.0229722261428833
PPO_5,train/std,34816,1.024894118309021
PPO_5,train/std,36864,1.0264036655426025
PPO_5,train/std,38912,1.0300770998001099
PPO_5,train/std,40960,1.0322895050048828
PPO_5,train/std,43008,1.032949447631836
PPO_5,train/std,45056,1.0354641675949097
PPO_5,train/std,47104,1.0368191003799438
PPO_5,train/std,49152,1.0380915403366089
PPO_5,train/std,51200,1.0412184000015259
PPO_5,train/std,53248,1.0411975383758545
PPO_5,train/std,55296,1.043174147605896
PPO_5,train/std,57344,1.0455886125564575
PPO_5,train/std,59392,1.048585057258606
PPO_5,train/std,61440,1.0488433837890625
PPO_5,train/std,63488,1.0526020526885986
PPO_5,train/std,65536,1.0557997226715088
PPO_5,train/std,67584,1.0549371242523193
PPO_5,train/std,69632,1.0557489395141602
PPO_5,train/std,71680,1.0578645467758179
PPO_5,train/std,73728,1.0598443746566772
PPO_5,train/std,75776,1.061273217201233
PPO_5,train/std,77824,1.0624185800552368
PPO_5,train/std,79872,1.0639982223510742
PPO_5,train/std,81920,1.06723153591156
PPO_5,train/std,83968,1.0700937509536743
PPO_5,train/std,86016,1.073603868484497
PPO_5,train/std,88064,1.0749847888946533
PPO_5,train/std,90112,1.0773983001708984
PPO_5,train/std,92160,1.0805025100708008
PPO_5,train/std,94208,1.0826315879821777
PPO_5,train/std,96256,1.0852760076522827
PPO_5,train/std,98304,1.0857731103897095
PPO_5,train/std,100352,1.0887902975082397
PPO_5,train/std,102400,1.0931586027145386
PPO_5,train/std,104448,1.0936757326126099
PPO_5,train/std,106496,1.0971702337265015
PPO_5,train/std,108544,1.1016583442687988
PPO_5,train/std,110592,1.102677583694458
PPO_5,train/std,112640,1.106398344039917
PPO_5,train/std,114688,1.1121004819869995
PPO_5,train/std,116736,1.111816644668579
PPO_5,train/std,118784,1.1147149801254272
PPO_5,train/std,120832,1.1184234619140625
PPO_5,train/std,122880,1.1217682361602783
PPO_5,train/std,124928,1.1218891143798828
PPO_5,train/std,126976,1.124819040298462
PPO_5,train/std,129024,1.1283918619155884
PPO_5,train/std,131072,1.1326184272766113
PPO_5,train/std,133120,1.1367955207824707
PPO_5,train/std,135168,1.1386775970458984
PPO_5,train/std,137216,1.1408216953277588
PPO_5,train/std,139264,1.1465775966644287
PPO_5,train/std,141312,1.1492929458618164
PPO_5,train/std,143360,1.1521062850952148
PPO_5,train/std,145408,1.1557410955429077
PPO_5,train/std,147456,1.1592011451721191
PPO_5,train/std,149504,1.1590828895568848
PPO_5,train/std,151552,1.1616652011871338
PPO_5,train/std,153600,1.161150574684143
PPO_5,train/std,155648,1.164000391960144
PPO_5,train/std,157696,1.166167140007019
PPO_5,train/std,159744,1.1686530113220215
PPO_5,train/std,161792,1.1700177192687988
PPO_5,train/std,163840,1.1726055145263672
PPO_5,train/std,165888,1.1804428100585938
PPO_5,train/std,167936,1.1803669929504395
PPO_5,train/std,169984,1.1825823783874512
PPO_5,train/std,172032,1.1855746507644653
PPO_5,train/std,174080,1.186788558959961
PPO_5,train/std,176128,1.1909302473068237
PPO_5,train/std,178176,1.1942501068115234
PPO_5,train/std,180224,1.1970949172973633
PPO_5,train/std,182272,1.1967524290084839
PPO_5,train/std,184320,1.2026562690734863
PPO_5,train/std,186368,1.2029529809951782
PPO_5,train/std,188416,1.2078884840011597
PPO_5,train/std,190464,1.2141578197479248
PPO_5,train/std,192512,1.219138741493225
PPO_5,train/std,194560,1.2227498292922974
PPO_5,train/std,196608,1.2244601249694824
PPO_5,train/std,198656,1.227842092514038
PPO_5,train/std,200704,1.2288529872894287
PPO_5,train/std,202752,1.231218695640564
PPO_5,train/std,204800,1.2321313619613647
PPO_5,train/std,206848,1.235803246498108
PPO_5,train/std,208896,1.2352303266525269
PPO_5,train/std,210944,1.2392324209213257
PPO_5,train/std,212992,1.243341088294983
PPO_5,train/std,215040,1.2463395595550537
PPO_5,train/std,217088,1.249299168586731
PPO_5,train/std,219136,1.252692461013794
PPO_5,train/std,221184,1.2568761110305786
PPO_5,train/std,223232,1.2626457214355469
PPO_5,train/std,225280,1.2663744688034058
PPO_5,train/std,227328,1.2684135437011719
PPO_5,train/std,229376,1.271172046661377
PPO_5,train/std,231424,1.2725160121917725
PPO_5,train/std,233472,1.2770081758499146
PPO_5,train/std,235520,1.2846760749816895
PPO_5,train/std,237568,1.291797399520874
PPO_5,train/std,239616,1.2960375547409058
PPO_5,train/std,241664,1.2952972650527954
PPO_5,train/std,243712,1.2993783950805664
PPO_5,train/std,245760,1.307262659072876
PPO_5,train/std,247808,1.3120115995407104
PPO_5,train/std,249856,1.3135238885879517
PPO_5,train/std,251904,1.3179547786712646
PPO_5,train/std,253952,1.3223990201950073
PPO_5,train/std,256000,1.3243236541748047
PPO_5,train/std,258048,1.3263003826141357
PPO_5,train/std,260096,1.3291776180267334
PPO_5,train/std,262144,1.333406925201416
PPO_5,train/std,264192,1.3378093242645264
PPO_5,train/std,266240,1.3413562774658203
PPO_5,train/std,268288,1.3438433408737183
PPO_5,train/std,270336,1.3472917079925537
PPO_5,train/std,272384,1.3494675159454346
PPO_5,train/std,274432,1.3505537509918213
PPO_5,train/std,276480,1.3521852493286133
PPO_5,train/std,278528,1.3537598848342896
PPO_5,train/std,280576,1.3584696054458618
PPO_5,train/std,282624,1.3615704774856567
PPO_5,train/std,284672,1.366877794265747
PPO_5,train/std,286720,1.3697500228881836
PPO_5,train/std,288768,1.3721113204956055
PPO_5,train/std,290816,1.377585768699646
PPO_5,train/std,292864,1.3815902471542358
PPO_5,train/std,294912,1.3805702924728394
PPO_5,train/std,296960,1.3824431896209717
PPO_5,train/std,299008,1.3864096403121948
PPO_5,train/std,301056,1.3919556140899658
PPO_5,train/value_loss,4096,0.36604613065719604
PPO_5,train/value_loss,6144,0.05645669251680374
PPO_5,train/value_loss,8192,0.04848305508494377
PPO_5,train/value_loss,10240,0.04745861515402794
PPO_5,train/value_loss,12288,0.030818022787570953
PPO_5,train/value_loss,14336,0.030494006350636482
PPO_5,train/value_loss,16384,0.035270821303129196
PPO_5,train/value_loss,18432,0.029361499473452568
PPO_5,train/value_loss,20480,0.028590580448508263
PPO_5,train/value_loss,22528,0.03050493262708187
PPO_5,train/value_loss,24576,0.01905794069170952
PPO_5,train/value_loss,26624,0.027005858719348907
PPO_5,train/value_loss,28672,0.025661053135991096
PPO_5,train/value_loss,30720,0.02967786230146885
PPO_5,train/value_loss,32768,0.017612196505069733
PPO_5,train/value_loss,34816,0.016337014734745026
PPO_5,train/value_loss,36864,0.016156664118170738
PPO_5,train/value_loss,38912,0.019317403435707092
PPO_5,train/value_loss,40960,0.017215464264154434
PPO_5,train/value_loss,43008,0.0163315087556839
PPO_5,train/value_loss,45056,0.01417233981192112
PPO_5,train/value_loss,47104,0.01989472098648548
PPO_5,train/value_loss,49152,0.017440475523471832
PPO_5,train/value_loss,51200,0.015031518414616585
PPO_5,train/value_loss,53248,0.015504220500588417
PPO_5,train/value_loss,55296,0.017456602305173874
PPO_5,train/value_loss,57344,0.017907919362187386
PPO_5,train/value_loss,59392,0.013814760372042656
PPO_5,train/value_loss,61440,0.012910977937281132
PPO_5,train/value_loss,63488,0.011573296040296555
PPO_5,train/value_loss,65536,0.010640040040016174
PPO_5,train/value_loss,67584,0.019298873841762543
PPO_5,train/value_loss,69632,0.022437967360019684
PPO_5,train/value_loss,71680,0.015146983787417412
PPO_5,train/value_loss,73728,0.016894612461328506
PPO_5,train/value_loss,75776,0.013928862288594246
PPO_5,train/value_loss,77824,0.014930200763046741
PPO_5,train/value_loss,79872,0.013257447630167007
PPO_5,train/value_loss,81920,0.025547653436660767
PPO_5,train/value_loss,83968,0.010197424329817295
PPO_5,train/value_loss,86016,0.013018285855650902
PPO_5,train/value_loss,88064,0.009801865555346012
PPO_5,train/value_loss,90112,0.012133221141994
PPO_5,train/value_loss,92160,0.00963857676833868
PPO_5,train/value_loss,94208,0.016340164467692375
PPO_5,train/value_loss,96256,0.010686869733035564
PPO_5,train/value_loss,98304,0.01886044256389141
PPO_5,train/value_loss,100352,0.008206452243030071
PPO_5,train/value_loss,102400,0.011637107469141483
PPO_5,train/value_loss,104448,0.01234591193497181
PPO_5,train/value_loss,106496,0.014545834623277187
PPO_5,train/value_loss,108544,0.012090667150914669
PPO_5,train/value_loss,110592,0.015289457514882088
PPO_5,train/value_loss,112640,0.01487717591226101
PPO_5,train/value_loss,114688,0.0131796570494771
PPO_5,train/value_loss,116736,0.0110100656747818
PPO_5,train/value_loss,118784,0.015503906644880772
PPO_5,train/value_loss,120832,0.011774096637964249
PPO_5,train/value_loss,122880,0.009647294878959656
PPO_5,train/value_loss,124928,0.01515717338770628
PPO_5,train/value_loss,126976,0.011680636554956436
PPO_5,train/value_loss,129024,0.01019851490855217
PPO_5,train/value_loss,131072,0.0159018374979496
PPO_5,train/value_loss,133120,0.01637403666973114
PPO_5,train/value_loss,135168,0.012358863838016987
PPO_5,train/value_loss,137216,0.011055951938033104
PPO_5,train/value_loss,139264,0.009235499426722527
PPO_5,train/value_loss,141312,0.011514393612742424
PPO_5,train/value_loss,143360,0.009104329161345959
PPO_5,train/value_loss,145408,0.012675534002482891
PPO_5,train/value_loss,147456,0.011796095408499241
PPO_5,train/value_loss,149504,0.012483601458370686
PPO_5,train/value_loss,151552,0.015606696717441082
PPO_5,train/value_loss,153600,0.016786770895123482
PPO_5,train/value_loss,155648,0.011866539716720581
PPO_5,train/value_loss,157696,0.019208470359444618
PPO_5,train/value_loss,159744,0.017288561910390854
PPO_5,train/value_loss,161792,0.012791463173925877
PPO_5,train/value_loss,163840,0.014546992257237434
PPO_5,train/value_loss,165888,0.010350584052503109
PPO_5,train/value_loss,167936,0.008315754123032093
PPO_5,train/value_loss,169984,0.02412407100200653
PPO_5,train/value_loss,172032,0.01025315374135971
PPO_5,train/value_loss,174080,0.01403805147856474
PPO_5,train/value_loss,176128,0.01683523878455162
PPO_5,train/value_loss,178176,0.011278465390205383
PPO_5,train/value_loss,180224,0.007224361412227154
PPO_5,train/value_loss,182272,0.015760423615574837
PPO_5,train/value_loss,184320,0.016406279057264328
PPO_5,train/value_loss,186368,0.014915588311851025
PPO_5,train/value_loss,188416,0.00776631897315383
PPO_5,train/value_loss,190464,0.014121124520897865
PPO_5,train/value_loss,192512,0.01013539731502533
PPO_5,train/value_loss,194560,0.011928663589060307
PPO_5,train/value_loss,196608,0.009277204051613808
PPO_5,train/value_loss,198656,0.007929034531116486
PPO_5,train/value_loss,200704,0.015598542988300323
PPO_5,train/value_loss,202752,0.008910388685762882
PPO_5,train/value_loss,204800,0.010170640423893929
PPO_5,train/value_loss,206848,0.011422940529882908
PPO_5,train/value_loss,208896,0.0174880214035511
PPO_5,train/value_loss,210944,0.009946109727025032
PPO_5,train/value_loss,212992,0.00832382682710886
PPO_5,train/value_loss,215040,0.019052399322390556
PPO_5,train/value_loss,217088,0.010725134052336216
PPO_5,train/value_loss,219136,0.015097115188837051
PPO_5,train/value_loss,221184,0.012536951340734959
PPO_5,train/value_loss,223232,0.009325576014816761
PPO_5,train/value_loss,225280,0.009798849001526833
PPO_5,train/value_loss,227328,0.017280515283346176
PPO_5,train/value_loss,229376,0.010525213554501534
PPO_5,train/value_loss,231424,0.021756641566753387
PPO_5,train/value_loss,233472,0.009763211011886597
PPO_5,train/value_loss,235520,0.012271781452000141
PPO_5,train/value_loss,237568,0.010773821733891964
PPO_5,train/value_loss,239616,0.00704587297514081
PPO_5,train/value_loss,241664,0.0087697459384799
PPO_5,train/value_loss,243712,0.010357453487813473
PPO_5,train/value_loss,245760,0.014933861792087555
PPO_5,train/value_loss,247808,0.015470965765416622
PPO_5,train/value_loss,249856,0.01723855920135975
PPO_5,train/value_loss,251904,0.00824685301631689
PPO_5,train/value_loss,253952,0.011443470604717731
PPO_5,train/value_loss,256000,0.01192342396825552
PPO_5,train/value_loss,258048,0.009046544320881367
PPO_5,train/value_loss,260096,0.009365557692945004
PPO_5,train/value_loss,262144,0.007183972746133804
PPO_5,train/value_loss,264192,0.008241022005677223
PPO_5,train/value_loss,266240,0.008204130455851555
PPO_5,train/value_loss,268288,0.014408073388040066
PPO_5,train/value_loss,270336,0.005975992884486914
PPO_5,train/value_loss,272384,0.008471479639410973
PPO_5,train/value_loss,274432,0.0072189811617136
PPO_5,train/value_loss,276480,0.021997036412358284
PPO_5,train/value_loss,278528,0.011735392734408379
PPO_5,train/value_loss,280576,0.009410390630364418
PPO_5,train/value_loss,282624,0.015605206601321697
PPO_5,train/value_loss,284672,0.014904092065989971
PPO_5,train/value_loss,286720,0.011983311735093594
PPO_5,train/value_loss,288768,0.00658422289416194
PPO_5,train/value_loss,290816,0.014482627622783184
PPO_5,train/value_loss,292864,0.007426438853144646
PPO_5,train/value_loss,294912,0.01852770708501339
PPO_5,train/value_loss,296960,0.005910662934184074
PPO_5,train/value_loss,299008,0.016101326793432236
PPO_5,train/value_loss,301056,0.006566395051777363
PPO_6,time/fps,2048,1575.0
PPO_6,time/fps,4096,1453.0
PPO_6,time/fps,6144,1439.0
PPO_6,time/fps,8192,1433.0
PPO_6,time/fps,10240,1421.0
PPO_6,time/fps,12288,1414.0
PPO_6,time/fps,14336,1402.0
PPO_6,time/fps,16384,1387.0
PPO_6,time/fps,18432,1383.0
PPO_6,time/fps,20480,1368.0
PPO_6,time/fps,22528,1370.0
PPO_6,time/fps,24576,1371.0
PPO_6,time/fps,26624,1372.0
PPO_6,time/fps,28672,1373.0
PPO_6,time/fps,30720,1370.0
PPO_6,time/fps,32768,1362.0
PPO_6,time/fps,34816,1365.0
PPO_6,time/fps,36864,1366.0
PPO_6,time/fps,38912,1358.0
PPO_6,time/fps,40960,1353.0
PPO_6,time/fps,43008,1354.0
PPO_6,time/fps,45056,1355.0
PPO_6,time/fps,47104,1354.0
PPO_6,time/fps,49152,1356.0
PPO_6,time/fps,51200,1358.0
PPO_6,time/fps,53248,1358.0
PPO_6,time/fps,55296,1354.0
PPO_6,time/fps,57344,1351.0
PPO_6,time/fps,59392,1348.0
PPO_6,time/fps,61440,1351.0
PPO_6,time/fps,63488,1349.0
PPO_6,time/fps,65536,1345.0
PPO_6,time/fps,67584,1343.0
PPO_6,time/fps,69632,1340.0
PPO_6,time/fps,71680,1339.0
PPO_6,time/fps,73728,1336.0
PPO_6,time/fps,75776,1334.0
PPO_6,time/fps,77824,1331.0
PPO_6,time/fps,79872,1329.0
PPO_6,time/fps,81920,1327.0
PPO_6,time/fps,83968,1326.0
PPO_6,time/fps,86016,1324.0
PPO_6,time/fps,88064,1322.0
PPO_6,time/fps,90112,1320.0
PPO_6,time/fps,92160,1319.0
PPO_6,time/fps,94208,1317.0
PPO_6,time/fps,96256,1315.0
PPO_6,time/fps,98304,1316.0
PPO_6,time/fps,100352,1317.0
PPO_6,time/fps,102400,1317.0
PPO_6,time/fps,104448,1317.0
PPO_6,time/fps,106496,1318.0
PPO_6,time/fps,108544,1319.0
PPO_6,time/fps,110592,1320.0
PPO_6,time/fps,112640,1321.0
PPO_6,time/fps,114688,1322.0
PPO_6,time/fps,116736,1323.0
PPO_6,time/fps,118784,1323.0
PPO_6,time/fps,120832,1324.0
PPO_6,time/fps,122880,1323.0
PPO_6,time/fps,124928,1321.0
PPO_6,time/fps,126976,1319.0
PPO_6,time/fps,129024,1317.0
PPO_6,time/fps,131072,1315.0
PPO_6,time/fps,133120,1314.0
PPO_6,time/fps,135168,1312.0
PPO_6,time/fps,137216,1311.0
PPO_6,time/fps,139264,1309.0
PPO_6,time/fps,141312,1308.0
PPO_6,time/fps,143360,1306.0
PPO_6,time/fps,145408,1306.0
PPO_6,time/fps,147456,1307.0
PPO_6,time/fps,149504,1306.0
PPO_6,time/fps,151552,1306.0
PPO_6,time/fps,153600,1305.0
PPO_6,time/fps,155648,1304.0
PPO_6,time/fps,157696,1302.0
PPO_6,time/fps,159744,1301.0
PPO_6,time/fps,161792,1300.0
PPO_6,time/fps,163840,1300.0
PPO_6,time/fps,165888,1299.0
PPO_6,time/fps,167936,1298.0
PPO_6,time/fps,169984,1297.0
PPO_6,time/fps,172032,1297.0
PPO_6,time/fps,174080,1296.0
PPO_6,time/fps,176128,1296.0
PPO_6,time/fps,178176,1297.0
PPO_6,time/fps,180224,1298.0
PPO_6,time/fps,182272,1299.0
PPO_6,time/fps,184320,1299.0
PPO_6,time/fps,186368,1299.0
PPO_6,time/fps,188416,1300.0
PPO_6,time/fps,190464,1300.0
PPO_6,time/fps,192512,1300.0
PPO_6,time/fps,194560,1301.0
PPO_6,time/fps,196608,1302.0
PPO_6,time/fps,198656,1302.0
PPO_6,time/fps,200704,1302.0
PPO_6,time/fps,202752,1303.0
PPO_6,time/fps,204800,1303.0
PPO_6,time/fps,206848,1303.0
PPO_6,time/fps,208896,1301.0
PPO_6,time/fps,210944,1300.0
PPO_6,time/fps,212992,1300.0
PPO_6,time/fps,215040,1300.0
PPO_6,time/fps,217088,1299.0
PPO_6,time/fps,219136,1298.0
PPO_6,time/fps,221184,1297.0
PPO_6,time/fps,223232,1296.0
PPO_6,time/fps,225280,1295.0
PPO_6,time/fps,227328,1294.0
PPO_6,time/fps,229376,1294.0
PPO_6,time/fps,231424,1293.0
PPO_6,time/fps,233472,1293.0
PPO_6,time/fps,235520,1293.0
PPO_6,time/fps,237568,1292.0
PPO_6,time/fps,239616,1293.0
PPO_6,time/fps,241664,1293.0
PPO_6,time/fps,243712,1293.0
PPO_6,time/fps,245760,1293.0
PPO_6,time/fps,247808,1293.0
PPO_6,time/fps,249856,1294.0
PPO_6,time/fps,251904,1294.0
PPO_6,time/fps,253952,1294.0
PPO_6,time/fps,256000,1294.0
PPO_6,time/fps,258048,1293.0
PPO_6,time/fps,260096,1292.0
PPO_6,time/fps,262144,1291.0
PPO_6,time/fps,264192,1291.0
PPO_6,time/fps,266240,1291.0
PPO_6,time/fps,268288,1291.0
PPO_6,time/fps,270336,1290.0
PPO_6,time/fps,272384,1289.0
PPO_6,time/fps,274432,1289.0
PPO_6,time/fps,276480,1288.0
PPO_6,time/fps,278528,1287.0
PPO_6,time/fps,280576,1286.0
PPO_6,time/fps,282624,1286.0
PPO_6,time/fps,284672,1285.0
PPO_6,time/fps,286720,1284.0
PPO_6,time/fps,288768,1284.0
PPO_6,time/fps,290816,1283.0
PPO_6,time/fps,292864,1283.0
PPO_6,time/fps,294912,1282.0
PPO_6,time/fps,296960,1282.0
PPO_6,time/fps,299008,1282.0
PPO_6,time/fps,301056,1281.0
PPO_6,train/approx_kl,4096,0.012560508213937283
PPO_6,train/approx_kl,6144,0.012647676281630993
PPO_6,train/approx_kl,8192,0.013370981439948082
PPO_6,train/approx_kl,10240,0.00951007567346096
PPO_6,train/approx_kl,12288,0.013052040711045265
PPO_6,train/approx_kl,14336,0.017120731994509697
PPO_6,train/approx_kl,16384,0.015363868325948715
PPO_6,train/approx_kl,18432,0.01398625411093235
PPO_6,train/approx_kl,20480,0.017098912969231606
PPO_6,train/approx_kl,22528,0.014446861110627651
PPO_6,train/approx_kl,24576,0.011790918186306953
PPO_6,train/approx_kl,26624,0.014619488269090652
PPO_6,train/approx_kl,28672,0.015769073739647865
PPO_6,train/approx_kl,30720,0.011827915906906128
PPO_6,train/approx_kl,32768,0.01440958958119154
PPO_6,train/approx_kl,34816,0.014616279862821102
PPO_6,train/approx_kl,36864,0.014567602425813675
PPO_6,train/approx_kl,38912,0.015458105131983757
PPO_6,train/approx_kl,40960,0.014685207977890968
PPO_6,train/approx_kl,43008,0.015459991991519928
PPO_6,train/approx_kl,45056,0.01227991096675396
PPO_6,train/approx_kl,47104,0.013226987794041634
PPO_6,train/approx_kl,49152,0.013863565400242805
PPO_6,train/approx_kl,51200,0.01834864169359207
PPO_6,train/approx_kl,53248,0.0141760790720582
PPO_6,train/approx_kl,55296,0.01511271484196186
PPO_6,train/approx_kl,57344,0.013409871608018875
PPO_6,train/approx_kl,59392,0.013409208506345749
PPO_6,train/approx_kl,61440,0.015472380444407463
PPO_6,train/approx_kl,63488,0.016234280541539192
PPO_6,train/approx_kl,65536,0.01968289166688919
PPO_6,train/approx_kl,67584,0.018805287778377533
PPO_6,train/approx_kl,69632,0.016176346689462662
PPO_6,train/approx_kl,71680,0.01670980080962181
PPO_6,train/approx_kl,73728,0.017399679869413376
PPO_6,train/approx_kl,75776,0.014748774468898773
PPO_6,train/approx_kl,77824,0.015898292884230614
PPO_6,train/approx_kl,79872,0.011190619319677353
PPO_6,train/approx_kl,81920,0.018274016678333282
PPO_6,train/approx_kl,83968,0.014853261411190033
PPO_6,train/approx_kl,86016,0.014998296275734901
PPO_6,train/approx_kl,88064,0.015498860739171505
PPO_6,train/approx_kl,90112,0.013746529817581177
PPO_6,train/approx_kl,92160,0.015577217563986778
PPO_6,train/approx_kl,94208,0.01597420498728752
PPO_6,train/approx_kl,96256,0.015153372660279274
PPO_6,train/approx_kl,98304,0.014942837879061699
PPO_6,train/approx_kl,100352,0.016487471759319305
PPO_6,train/approx_kl,102400,0.018698835745453835
PPO_6,train/approx_kl,104448,0.01687251590192318
PPO_6,train/approx_kl,106496,0.01814546436071396
PPO_6,train/approx_kl,108544,0.01262742094695568
PPO_6,train/approx_kl,110592,0.01877172291278839
PPO_6,train/approx_kl,112640,0.018817443400621414
PPO_6,train/approx_kl,114688,0.019147172570228577
PPO_6,train/approx_kl,116736,0.017301181331276894
PPO_6,train/approx_kl,118784,0.017842207103967667
PPO_6,train/approx_kl,120832,0.018967196345329285
PPO_6,train/approx_kl,122880,0.013255530968308449
PPO_6,train/approx_kl,124928,0.012696536257863045
PPO_6,train/approx_kl,126976,0.014790412038564682
PPO_6,train/approx_kl,129024,0.016233209520578384
PPO_6,train/approx_kl,131072,0.016467005014419556
PPO_6,train/approx_kl,133120,0.01597489044070244
PPO_6,train/approx_kl,135168,0.01615360751748085
PPO_6,train/approx_kl,137216,0.016559764742851257
PPO_6,train/approx_kl,139264,0.015379536896944046
PPO_6,train/approx_kl,141312,0.015986736863851547
PPO_6,train/approx_kl,143360,0.01756070926785469
PPO_6,train/approx_kl,145408,0.013391402550041676
PPO_6,train/approx_kl,147456,0.015046145766973495
PPO_6,train/approx_kl,149504,0.017139554023742676
PPO_6,train/approx_kl,151552,0.0184196587651968
PPO_6,train/approx_kl,153600,0.018040301278233528
PPO_6,train/approx_kl,155648,0.01815616711974144
PPO_6,train/approx_kl,157696,0.017492417246103287
PPO_6,train/approx_kl,159744,0.01805519498884678
PPO_6,train/approx_kl,161792,0.014738845638930798
PPO_6,train/approx_kl,163840,0.0143164386972785
PPO_6,train/approx_kl,165888,0.017371688038110733
PPO_6,train/approx_kl,167936,0.016302261501550674
PPO_6,train/approx_kl,169984,0.017867431044578552
PPO_6,train/approx_kl,172032,0.01748577505350113
PPO_6,train/approx_kl,174080,0.016981488093733788
PPO_6,train/approx_kl,176128,0.01744137704372406
PPO_6,train/approx_kl,178176,0.019009457901120186
PPO_6,train/approx_kl,180224,0.017596706748008728
PPO_6,train/approx_kl,182272,0.017043083906173706
PPO_6,train/approx_kl,184320,0.013544009998440742
PPO_6,train/approx_kl,186368,0.01866360940039158
PPO_6,train/approx_kl,188416,0.016962449997663498
PPO_6,train/approx_kl,190464,0.01946975663304329
PPO_6,train/approx_kl,192512,0.016494236886501312
PPO_6,train/approx_kl,194560,0.019974607974290848
PPO_6,train/approx_kl,196608,0.017639027908444405
PPO_6,train/approx_kl,198656,0.01781892217695713
PPO_6,train/approx_kl,200704,0.01774222031235695
PPO_6,train/approx_kl,202752,0.017431344836950302
PPO_6,train/approx_kl,204800,0.019080787897109985
PPO_6,train/approx_kl,206848,0.018168576061725616
PPO_6,train/approx_kl,208896,0.017085017636418343
PPO_6,train/approx_kl,210944,0.013254446908831596
PPO_6,train/approx_kl,212992,0.015806647017598152
PPO_6,train/approx_kl,215040,0.017663229256868362
PPO_6,train/approx_kl,217088,0.01895182952284813
PPO_6,train/approx_kl,219136,0.01784619688987732
PPO_6,train/approx_kl,221184,0.01809396594762802
PPO_6,train/approx_kl,223232,0.019005902111530304
PPO_6,train/approx_kl,225280,0.01733396202325821
PPO_6,train/approx_kl,227328,0.016261979937553406
PPO_6,train/approx_kl,229376,0.014058432541787624
PPO_6,train/approx_kl,231424,0.018476614728569984
PPO_6,train/approx_kl,233472,0.01637297123670578
PPO_6,train/approx_kl,235520,0.01693047769367695
PPO_6,train/approx_kl,237568,0.019588055089116096
PPO_6,train/approx_kl,239616,0.016204405575990677
PPO_6,train/approx_kl,241664,0.017423344776034355
PPO_6,train/approx_kl,243712,0.01681780442595482
PPO_6,train/approx_kl,245760,0.014096297323703766
PPO_6,train/approx_kl,247808,0.0188225656747818
PPO_6,train/approx_kl,249856,0.018439019098877907
PPO_6,train/approx_kl,251904,0.01789458841085434
PPO_6,train/approx_kl,253952,0.015166533179581165
PPO_6,train/approx_kl,256000,0.015066607855260372
PPO_6,train/approx_kl,258048,0.015625610947608948
PPO_6,train/approx_kl,260096,0.01751331239938736
PPO_6,train/approx_kl,262144,0.01791851595044136
PPO_6,train/approx_kl,264192,0.018801409751176834
PPO_6,train/approx_kl,266240,0.01570141687989235
PPO_6,train/approx_kl,268288,0.015919627621769905
PPO_6,train/approx_kl,270336,0.01664935052394867
PPO_6,train/approx_kl,272384,0.017203940078616142
PPO_6,train/approx_kl,274432,0.013869432732462883
PPO_6,train/approx_kl,276480,0.0165407732129097
PPO_6,train/approx_kl,278528,0.01466875709593296
PPO_6,train/approx_kl,280576,0.018300872296094894
PPO_6,train/approx_kl,282624,0.016572942957282066
PPO_6,train/approx_kl,284672,0.014118218794465065
PPO_6,train/approx_kl,286720,0.014887978322803974
PPO_6,train/approx_kl,288768,0.015238277614116669
PPO_6,train/approx_kl,290816,0.019721271470189095
PPO_6,train/approx_kl,292864,0.015962693840265274
PPO_6,train/approx_kl,294912,0.019426338374614716
PPO_6,train/approx_kl,296960,0.014468401670455933
PPO_6,train/approx_kl,299008,0.015168126672506332
PPO_6,train/approx_kl,301056,0.019025078043341637
PPO_6,train/clip_fraction,4096,0.12309570610523224
PPO_6,train/clip_fraction,6144,0.11464843899011612
PPO_6,train/clip_fraction,8192,0.13247069716453552
PPO_6,train/clip_fraction,10240,0.0478515625
PPO_6,train/clip_fraction,12288,0.12832030653953552
PPO_6,train/clip_fraction,14336,0.17270508408546448
PPO_6,train/clip_fraction,16384,0.14462891221046448
PPO_6,train/clip_fraction,18432,0.12021484225988388
PPO_6,train/clip_fraction,20480,0.15712890028953552
PPO_6,train/clip_fraction,22528,0.14370116591453552
PPO_6,train/clip_fraction,24576,0.08598633110523224
PPO_6,train/clip_fraction,26624,0.14238281548023224
PPO_6,train/clip_fraction,28672,0.15170899033546448
PPO_6,train/clip_fraction,30720,0.08242187649011612
PPO_6,train/clip_fraction,32768,0.140380859375
PPO_6,train/clip_fraction,34816,0.1357421875
PPO_6,train/clip_fraction,36864,0.13735350966453552
PPO_6,train/clip_fraction,38912,0.15556640923023224
PPO_6,train/clip_fraction,40960,0.13999024033546448
PPO_6,train/clip_fraction,43008,0.13896484673023224
PPO_6,train/clip_fraction,45056,0.08359374850988388
PPO_6,train/clip_fraction,47104,0.10200195014476776
PPO_6,train/clip_fraction,49152,0.11127929389476776
PPO_6,train/clip_fraction,51200,0.16972656548023224
PPO_6,train/clip_fraction,53248,0.13623046875
PPO_6,train/clip_fraction,55296,0.13662108778953552
PPO_6,train/clip_fraction,57344,0.09291992336511612
PPO_6,train/clip_fraction,59392,0.11342773586511612
PPO_6,train/clip_fraction,61440,0.14482422173023224
PPO_6,train/clip_fraction,63488,0.16152343153953552
PPO_6,train/clip_fraction,65536,0.19663086533546448
PPO_6,train/clip_fraction,67584,0.177001953125
PPO_6,train/clip_fraction,69632,0.16718749701976776
PPO_6,train/clip_fraction,71680,0.18876953423023224
PPO_6,train/clip_fraction,73728,0.16391602158546448
PPO_6,train/clip_fraction,75776,0.14482422173023224
PPO_6,train/clip_fraction,77824,0.13901367783546448
PPO_6,train/clip_fraction,79872,0.08432617038488388
PPO_6,train/clip_fraction,81920,0.18330077826976776
PPO_6,train/clip_fraction,83968,0.15751953423023224
PPO_6,train/clip_fraction,86016,0.15634766221046448
PPO_6,train/clip_fraction,88064,0.11855468899011612
PPO_6,train/clip_fraction,90112,0.09750976413488388
PPO_6,train/clip_fraction,92160,0.134033203125
PPO_6,train/clip_fraction,94208,0.15463867783546448
PPO_6,train/clip_fraction,96256,0.15009765326976776
PPO_6,train/clip_fraction,98304,0.13789062201976776
PPO_6,train/clip_fraction,100352,0.1591796875
PPO_6,train/clip_fraction,102400,0.20595702528953552
PPO_6,train/clip_fraction,104448,0.15976563096046448
PPO_6,train/clip_fraction,106496,0.20229491591453552
PPO_6,train/clip_fraction,108544,0.08662109076976776
PPO_6,train/clip_fraction,110592,0.19121094048023224
PPO_6,train/clip_fraction,112640,0.191650390625
PPO_6,train/clip_fraction,114688,0.18930664658546448
PPO_6,train/clip_fraction,116736,0.17172852158546448
PPO_6,train/clip_fraction,118784,0.18769530951976776
PPO_6,train/clip_fraction,120832,0.19902344048023224
PPO_6,train/clip_fraction,122880,0.10205078125
PPO_6,train/clip_fraction,124928,0.10283203423023224
PPO_6,train/clip_fraction,126976,0.12260742485523224
PPO_6,train/clip_fraction,129024,0.16166992485523224
PPO_6,train/clip_fraction,131072,0.17182616889476776
PPO_6,train/clip_fraction,133120,0.14374999701976776
PPO_6,train/clip_fraction,135168,0.17822265625
PPO_6,train/clip_fraction,137216,0.18779297173023224
PPO_6,train/clip_fraction,139264,0.126953125
PPO_6,train/clip_fraction,141312,0.14990234375
PPO_6,train/clip_fraction,143360,0.15556640923023224
PPO_6,train/clip_fraction,145408,0.11899413913488388
PPO_6,train/clip_fraction,147456,0.11420898139476776
PPO_6,train/clip_fraction,149504,0.150390625
PPO_6,train/clip_fraction,151552,0.19228515028953552
PPO_6,train/clip_fraction,153600,0.17963866889476776
PPO_6,train/clip_fraction,155648,0.183837890625
PPO_6,train/clip_fraction,157696,0.19877929985523224
PPO_6,train/clip_fraction,159744,0.19731445610523224
PPO_6,train/clip_fraction,161792,0.12656250596046448
PPO_6,train/clip_fraction,163840,0.127685546875
PPO_6,train/clip_fraction,165888,0.18002930283546448
PPO_6,train/clip_fraction,167936,0.15664061903953552
PPO_6,train/clip_fraction,169984,0.189453125
PPO_6,train/clip_fraction,172032,0.17490234971046448
PPO_6,train/clip_fraction,174080,0.15244141221046448
PPO_6,train/clip_fraction,176128,0.17563477158546448
PPO_6,train/clip_fraction,178176,0.18437500298023224
PPO_6,train/clip_fraction,180224,0.17880859971046448
PPO_6,train/clip_fraction,182272,0.16401366889476776
PPO_6,train/clip_fraction,184320,0.11030273139476776
PPO_6,train/clip_fraction,186368,0.17905274033546448
PPO_6,train/clip_fraction,188416,0.16958007216453552
PPO_6,train/clip_fraction,190464,0.20053711533546448
PPO_6,train/clip_fraction,192512,0.15693359076976776
PPO_6,train/clip_fraction,194560,0.21206054091453552
PPO_6,train/clip_fraction,196608,0.17470702528953552
PPO_6,train/clip_fraction,198656,0.18662109971046448
PPO_6,train/clip_fraction,200704,0.17807617783546448
PPO_6,train/clip_fraction,202752,0.17836913466453552
PPO_6,train/clip_fraction,204800,0.194580078125
PPO_6,train/clip_fraction,206848,0.17744140326976776
PPO_6,train/clip_fraction,208896,0.15771484375
PPO_6,train/clip_fraction,210944,0.10830078274011612
PPO_6,train/clip_fraction,212992,0.135009765625
PPO_6,train/clip_fraction,215040,0.18730469048023224
PPO_6,train/clip_fraction,217088,0.19916991889476776
PPO_6,train/clip_fraction,219136,0.19423827528953552
PPO_6,train/clip_fraction,221184,0.18081054091453552
PPO_6,train/clip_fraction,223232,0.18671874701976776
PPO_6,train/clip_fraction,225280,0.1591796875
PPO_6,train/clip_fraction,227328,0.17050781846046448
PPO_6,train/clip_fraction,229376,0.11733398586511612
PPO_6,train/clip_fraction,231424,0.17275390028953552
PPO_6,train/clip_fraction,233472,0.16835936903953552
PPO_6,train/clip_fraction,235520,0.17431640625
PPO_6,train/clip_fraction,237568,0.19296875596046448
PPO_6,train/clip_fraction,239616,0.1572265625
PPO_6,train/clip_fraction,241664,0.19301757216453552
PPO_6,train/clip_fraction,243712,0.181396484375
PPO_6,train/clip_fraction,245760,0.14863280951976776
PPO_6,train/clip_fraction,247808,0.185302734375
PPO_6,train/clip_fraction,249856,0.18598632514476776
PPO_6,train/clip_fraction,251904,0.19179686903953552
PPO_6,train/clip_fraction,253952,0.16313476860523224
PPO_6,train/clip_fraction,256000,0.14501953125
PPO_6,train/clip_fraction,258048,0.14414063096046448
PPO_6,train/clip_fraction,260096,0.185546875
PPO_6,train/clip_fraction,262144,0.18251952528953552
PPO_6,train/clip_fraction,264192,0.15317383408546448
PPO_6,train/clip_fraction,266240,0.14179687201976776
PPO_6,train/clip_fraction,268288,0.16997070610523224
PPO_6,train/clip_fraction,270336,0.15947265923023224
PPO_6,train/clip_fraction,272384,0.15595702826976776
PPO_6,train/clip_fraction,274432,0.140625
PPO_6,train/clip_fraction,276480,0.16708984971046448
PPO_6,train/clip_fraction,278528,0.16523437201976776
PPO_6,train/clip_fraction,280576,0.18295899033546448
PPO_6,train/clip_fraction,282624,0.15776367485523224
PPO_6,train/clip_fraction,284672,0.14448241889476776
PPO_6,train/clip_fraction,286720,0.15615233778953552
PPO_6,train/clip_fraction,288768,0.13564452528953552
PPO_6,train/clip_fraction,290816,0.16997070610523224
PPO_6,train/clip_fraction,292864,0.16328124701976776
PPO_6,train/clip_fraction,294912,0.18715819716453552
PPO_6,train/clip_fraction,296960,0.14467772841453552
PPO_6,train/clip_fraction,299008,0.15195313096046448
PPO_6,train/clip_fraction,301056,0.2001953125
PPO_6,train/clip_range,4096,0.20000000298023224
PPO_6,train/clip_range,6144,0.20000000298023224
PPO_6,train/clip_range,8192,0.20000000298023224
PPO_6,train/clip_range,10240,0.20000000298023224
PPO_6,train/clip_range,12288,0.20000000298023224
PPO_6,train/clip_range,14336,0.20000000298023224
PPO_6,train/clip_range,16384,0.20000000298023224
PPO_6,train/clip_range,18432,0.20000000298023224
PPO_6,train/clip_range,20480,0.20000000298023224
PPO_6,train/clip_range,22528,0.20000000298023224
PPO_6,train/clip_range,24576,0.20000000298023224
PPO_6,train/clip_range,26624,0.20000000298023224
PPO_6,train/clip_range,28672,0.20000000298023224
PPO_6,train/clip_range,30720,0.20000000298023224
PPO_6,train/clip_range,32768,0.20000000298023224
PPO_6,train/clip_range,34816,0.20000000298023224
PPO_6,train/clip_range,36864,0.20000000298023224
PPO_6,train/clip_range,38912,0.20000000298023224
PPO_6,train/clip_range,40960,0.20000000298023224
PPO_6,train/clip_range,43008,0.20000000298023224
PPO_6,train/clip_range,45056,0.20000000298023224
PPO_6,train/clip_range,47104,0.20000000298023224
PPO_6,train/clip_range,49152,0.20000000298023224
PPO_6,train/clip_range,51200,0.20000000298023224
PPO_6,train/clip_range,53248,0.20000000298023224
PPO_6,train/clip_range,55296,0.20000000298023224
PPO_6,train/clip_range,57344,0.20000000298023224
PPO_6,train/clip_range,59392,0.20000000298023224
PPO_6,train/clip_range,61440,0.20000000298023224
PPO_6,train/clip_range,63488,0.20000000298023224
PPO_6,train/clip_range,65536,0.20000000298023224
PPO_6,train/clip_range,67584,0.20000000298023224
PPO_6,train/clip_range,69632,0.20000000298023224
PPO_6,train/clip_range,71680,0.20000000298023224
PPO_6,train/clip_range,73728,0.20000000298023224
PPO_6,train/clip_range,75776,0.20000000298023224
PPO_6,train/clip_range,77824,0.20000000298023224
PPO_6,train/clip_range,79872,0.20000000298023224
PPO_6,train/clip_range,81920,0.20000000298023224
PPO_6,train/clip_range,83968,0.20000000298023224
PPO_6,train/clip_range,86016,0.20000000298023224
PPO_6,train/clip_range,88064,0.20000000298023224
PPO_6,train/clip_range,90112,0.20000000298023224
PPO_6,train/clip_range,92160,0.20000000298023224
PPO_6,train/clip_range,94208,0.20000000298023224
PPO_6,train/clip_range,96256,0.20000000298023224
PPO_6,train/clip_range,98304,0.20000000298023224
PPO_6,train/clip_range,100352,0.20000000298023224
PPO_6,train/clip_range,102400,0.20000000298023224
PPO_6,train/clip_range,104448,0.20000000298023224
PPO_6,train/clip_range,106496,0.20000000298023224
PPO_6,train/clip_range,108544,0.20000000298023224
PPO_6,train/clip_range,110592,0.20000000298023224
PPO_6,train/clip_range,112640,0.20000000298023224
PPO_6,train/clip_range,114688,0.20000000298023224
PPO_6,train/clip_range,116736,0.20000000298023224
PPO_6,train/clip_range,118784,0.20000000298023224
PPO_6,train/clip_range,120832,0.20000000298023224
PPO_6,train/clip_range,122880,0.20000000298023224
PPO_6,train/clip_range,124928,0.20000000298023224
PPO_6,train/clip_range,126976,0.20000000298023224
PPO_6,train/clip_range,129024,0.20000000298023224
PPO_6,train/clip_range,131072,0.20000000298023224
PPO_6,train/clip_range,133120,0.20000000298023224
PPO_6,train/clip_range,135168,0.20000000298023224
PPO_6,train/clip_range,137216,0.20000000298023224
PPO_6,train/clip_range,139264,0.20000000298023224
PPO_6,train/clip_range,141312,0.20000000298023224
PPO_6,train/clip_range,143360,0.20000000298023224
PPO_6,train/clip_range,145408,0.20000000298023224
PPO_6,train/clip_range,147456,0.20000000298023224
PPO_6,train/clip_range,149504,0.20000000298023224
PPO_6,train/clip_range,151552,0.20000000298023224
PPO_6,train/clip_range,153600,0.20000000298023224
PPO_6,train/clip_range,155648,0.20000000298023224
PPO_6,train/clip_range,157696,0.20000000298023224
PPO_6,train/clip_range,159744,0.20000000298023224
PPO_6,train/clip_range,161792,0.20000000298023224
PPO_6,train/clip_range,163840,0.20000000298023224
PPO_6,train/clip_range,165888,0.20000000298023224
PPO_6,train/clip_range,167936,0.20000000298023224
PPO_6,train/clip_range,169984,0.20000000298023224
PPO_6,train/clip_range,172032,0.20000000298023224
PPO_6,train/clip_range,174080,0.20000000298023224
PPO_6,train/clip_range,176128,0.20000000298023224
PPO_6,train/clip_range,178176,0.20000000298023224
PPO_6,train/clip_range,180224,0.20000000298023224
PPO_6,train/clip_range,182272,0.20000000298023224
PPO_6,train/clip_range,184320,0.20000000298023224
PPO_6,train/clip_range,186368,0.20000000298023224
PPO_6,train/clip_range,188416,0.20000000298023224
PPO_6,train/clip_range,190464,0.20000000298023224
PPO_6,train/clip_range,192512,0.20000000298023224
PPO_6,train/clip_range,194560,0.20000000298023224
PPO_6,train/clip_range,196608,0.20000000298023224
PPO_6,train/clip_range,198656,0.20000000298023224
PPO_6,train/clip_range,200704,0.20000000298023224
PPO_6,train/clip_range,202752,0.20000000298023224
PPO_6,train/clip_range,204800,0.20000000298023224
PPO_6,train/clip_range,206848,0.20000000298023224
PPO_6,train/clip_range,208896,0.20000000298023224
PPO_6,train/clip_range,210944,0.20000000298023224
PPO_6,train/clip_range,212992,0.20000000298023224
PPO_6,train/clip_range,215040,0.20000000298023224
PPO_6,train/clip_range,217088,0.20000000298023224
PPO_6,train/clip_range,219136,0.20000000298023224
PPO_6,train/clip_range,221184,0.20000000298023224
PPO_6,train/clip_range,223232,0.20000000298023224
PPO_6,train/clip_range,225280,0.20000000298023224
PPO_6,train/clip_range,227328,0.20000000298023224
PPO_6,train/clip_range,229376,0.20000000298023224
PPO_6,train/clip_range,231424,0.20000000298023224
PPO_6,train/clip_range,233472,0.20000000298023224
PPO_6,train/clip_range,235520,0.20000000298023224
PPO_6,train/clip_range,237568,0.20000000298023224
PPO_6,train/clip_range,239616,0.20000000298023224
PPO_6,train/clip_range,241664,0.20000000298023224
PPO_6,train/clip_range,243712,0.20000000298023224
PPO_6,train/clip_range,245760,0.20000000298023224
PPO_6,train/clip_range,247808,0.20000000298023224
PPO_6,train/clip_range,249856,0.20000000298023224
PPO_6,train/clip_range,251904,0.20000000298023224
PPO_6,train/clip_range,253952,0.20000000298023224
PPO_6,train/clip_range,256000,0.20000000298023224
PPO_6,train/clip_range,258048,0.20000000298023224
PPO_6,train/clip_range,260096,0.20000000298023224
PPO_6,train/clip_range,262144,0.20000000298023224
PPO_6,train/clip_range,264192,0.20000000298023224
PPO_6,train/clip_range,266240,0.20000000298023224
PPO_6,train/clip_range,268288,0.20000000298023224
PPO_6,train/clip_range,270336,0.20000000298023224
PPO_6,train/clip_range,272384,0.20000000298023224
PPO_6,train/clip_range,274432,0.20000000298023224
PPO_6,train/clip_range,276480,0.20000000298023224
PPO_6,train/clip_range,278528,0.20000000298023224
PPO_6,train/clip_range,280576,0.20000000298023224
PPO_6,train/clip_range,282624,0.20000000298023224
PPO_6,train/clip_range,284672,0.20000000298023224
PPO_6,train/clip_range,286720,0.20000000298023224
PPO_6,train/clip_range,288768,0.20000000298023224
PPO_6,train/clip_range,290816,0.20000000298023224
PPO_6,train/clip_range,292864,0.20000000298023224
PPO_6,train/clip_range,294912,0.20000000298023224
PPO_6,train/clip_range,296960,0.20000000298023224
PPO_6,train/clip_range,299008,0.20000000298023224
PPO_6,train/clip_range,301056,0.20000000298023224
PPO_6,train/entropy_loss,4096,-22.710752487182617
PPO_6,train/entropy_loss,6144,-22.711116790771484
PPO_6,train/entropy_loss,8192,-22.742080688476562
PPO_6,train/entropy_loss,10240,-22.770843505859375
PPO_6,train/entropy_loss,12288,-22.79036521911621
PPO_6,train/entropy_loss,14336,-22.8356990814209
PPO_6,train/entropy_loss,16384,-22.87430763244629
PPO_6,train/entropy_loss,18432,-22.900911331176758
PPO_6,train/entropy_loss,20480,-22.934967041015625
PPO_6,train/entropy_loss,22528,-22.973554611206055
PPO_6,train/entropy_loss,24576,-22.975387573242188
PPO_6,train/entropy_loss,26624,-22.97150993347168
PPO_6,train/entropy_loss,28672,-22.993839263916016
PPO_6,train/entropy_loss,30720,-23.01045036315918
PPO_6,train/entropy_loss,32768,-23.039390563964844
PPO_6,train/entropy_loss,34816,-23.06222915649414
PPO_6,train/entropy_loss,36864,-23.082218170166016
PPO_6,train/entropy_loss,38912,-23.113250732421875
PPO_6,train/entropy_loss,40960,-23.121950149536133
PPO_6,train/entropy_loss,43008,-23.158493041992188
PPO_6,train/entropy_loss,45056,-23.209880828857422
PPO_6,train/entropy_loss,47104,-23.23093032836914
PPO_6,train/entropy_loss,49152,-23.242630004882812
PPO_6,train/entropy_loss,51200,-23.26579475402832
PPO_6,train/entropy_loss,53248,-23.28447723388672
PPO_6,train/entropy_loss,55296,-23.299718856811523
PPO_6,train/entropy_loss,57344,-23.30837631225586
PPO_6,train/entropy_loss,59392,-23.312808990478516
PPO_6,train/entropy_loss,61440,-23.309120178222656
PPO_6,train/entropy_loss,63488,-23.31502914428711
PPO_6,train/entropy_loss,65536,-23.349031448364258
PPO_6,train/entropy_loss,67584,-23.383502960205078
PPO_6,train/entropy_loss,69632,-23.43511962890625
PPO_6,train/entropy_loss,71680,-23.451528549194336
PPO_6,train/entropy_loss,73728,-23.471187591552734
PPO_6,train/entropy_loss,75776,-23.50327491760254
PPO_6,train/entropy_loss,77824,-23.534181594848633
PPO_6,train/entropy_loss,79872,-23.53605079650879
PPO_6,train/entropy_loss,81920,-23.524763107299805
PPO_6,train/entropy_loss,83968,-23.54852294921875
PPO_6,train/entropy_loss,86016,-23.564844131469727
PPO_6,train/entropy_loss,88064,-23.570247650146484
PPO_6,train/entropy_loss,90112,-23.57674217224121
PPO_6,train/entropy_loss,92160,-23.572084426879883
PPO_6,train/entropy_loss,94208,-23.574817657470703
PPO_6,train/entropy_loss,96256,-23.579029083251953
PPO_6,train/entropy_loss,98304,-23.59001350402832
PPO_6,train/entropy_loss,100352,-23.614288330078125
PPO_6,train/entropy_loss,102400,-23.66109275817871
PPO_6,train/entropy_loss,104448,-23.707822799682617
PPO_6,train/entropy_loss,106496,-23.72548484802246
PPO_6,train/entropy_loss,108544,-23.73796844482422
PPO_6,train/entropy_loss,110592,-23.753873825073242
PPO_6,train/entropy_loss,112640,-23.784391403198242
PPO_6,train/entropy_loss,114688,-23.814115524291992
PPO_6,train/entropy_loss,116736,-23.84401512145996
PPO_6,train/entropy_loss,118784,-23.88099479675293
PPO_6,train/entropy_loss,120832,-23.922117233276367
PPO_6,train/entropy_loss,122880,-23.98045539855957
PPO_6,train/entropy_loss,124928,-24.00654411315918
PPO_6,train/entropy_loss,126976,-24.003068923950195
PPO_6,train/entropy_loss,129024,-24.028705596923828
PPO_6,train/entropy_loss,131072,-24.054136276245117
PPO_6,train/entropy_loss,133120,-24.07972526550293
PPO_6,train/entropy_loss,135168,-24.099531173706055
PPO_6,train/entropy_loss,137216,-24.148868560791016
PPO_6,train/entropy_loss,139264,-24.19116973876953
PPO_6,train/entropy_loss,141312,-24.210351943969727
PPO_6,train/entropy_loss,143360,-24.226133346557617
PPO_6,train/entropy_loss,145408,-24.25531005859375
PPO_6,train/entropy_loss,147456,-24.276399612426758
PPO_6,train/entropy_loss,149504,-24.285816192626953
PPO_6,train/entropy_loss,151552,-24.303260803222656
PPO_6,train/entropy_loss,153600,-24.340713500976562
PPO_6,train/entropy_loss,155648,-24.36568832397461
PPO_6,train/entropy_loss,157696,-24.380226135253906
PPO_6,train/entropy_loss,159744,-24.387039184570312
PPO_6,train/entropy_loss,161792,-24.388946533203125
PPO_6,train/entropy_loss,163840,-24.384519577026367
PPO_6,train/entropy_loss,165888,-24.396623611450195
PPO_6,train/entropy_loss,167936,-24.433746337890625
PPO_6,train/entropy_loss,169984,-24.448945999145508
PPO_6,train/entropy_loss,172032,-24.478107452392578
PPO_6,train/entropy_loss,174080,-24.50587272644043
PPO_6,train/entropy_loss,176128,-24.52010726928711
PPO_6,train/entropy_loss,178176,-24.507646560668945
PPO_6,train/entropy_loss,180224,-24.50783920288086
PPO_6,train/entropy_loss,182272,-24.52885627746582
PPO_6,train/entropy_loss,184320,-24.56108283996582
PPO_6,train/entropy_loss,186368,-24.58059310913086
PPO_6,train/entropy_loss,188416,-24.595121383666992
PPO_6,train/entropy_loss,190464,-24.607601165771484
PPO_6,train/entropy_loss,192512,-24.638202667236328
PPO_6,train/entropy_loss,194560,-24.68755340576172
PPO_6,train/entropy_loss,196608,-24.71103286743164
PPO_6,train/entropy_loss,198656,-24.725910186767578
PPO_6,train/entropy_loss,200704,-24.755815505981445
PPO_6,train/entropy_loss,202752,-24.785564422607422
PPO_6,train/entropy_loss,204800,-24.786849975585938
PPO_6,train/entropy_loss,206848,-24.801651000976562
PPO_6,train/entropy_loss,208896,-24.832883834838867
PPO_6,train/entropy_loss,210944,-24.85784912109375
PPO_6,train/entropy_loss,212992,-24.8642635345459
PPO_6,train/entropy_loss,215040,-24.88827133178711
PPO_6,train/entropy_loss,217088,-24.91832733154297
PPO_6,train/entropy_loss,219136,-24.958431243896484
PPO_6,train/entropy_loss,221184,-24.987743377685547
PPO_6,train/entropy_loss,223232,-25.033384323120117
PPO_6,train/entropy_loss,225280,-25.069164276123047
PPO_6,train/entropy_loss,227328,-25.094322204589844
PPO_6,train/entropy_loss,229376,-25.109561920166016
PPO_6,train/entropy_loss,231424,-25.108882904052734
PPO_6,train/entropy_loss,233472,-25.147966384887695
PPO_6,train/entropy_loss,235520,-25.185083389282227
PPO_6,train/entropy_loss,237568,-25.23442840576172
PPO_6,train/entropy_loss,239616,-25.28168487548828
PPO_6,train/entropy_loss,241664,-25.3059024810791
PPO_6,train/entropy_loss,243712,-25.32264518737793
PPO_6,train/entropy_loss,245760,-25.34051513671875
PPO_6,train/entropy_loss,247808,-25.382266998291016
PPO_6,train/entropy_loss,249856,-25.399669647216797
PPO_6,train/entropy_loss,251904,-25.422874450683594
PPO_6,train/entropy_loss,253952,-25.482711791992188
PPO_6,train/entropy_loss,256000,-25.513511657714844
PPO_6,train/entropy_loss,258048,-25.506572723388672
PPO_6,train/entropy_loss,260096,-25.504531860351562
PPO_6,train/entropy_loss,262144,-25.53260040283203
PPO_6,train/entropy_loss,264192,-25.572322845458984
PPO_6,train/entropy_loss,266240,-25.600841522216797
PPO_6,train/entropy_loss,268288,-25.636184692382812
PPO_6,train/entropy_loss,270336,-25.681427001953125
PPO_6,train/entropy_loss,272384,-25.723201751708984
PPO_6,train/entropy_loss,274432,-25.75250244140625
PPO_6,train/entropy_loss,276480,-25.768306732177734
PPO_6,train/entropy_loss,278528,-25.79754066467285
PPO_6,train/entropy_loss,280576,-25.85185432434082
PPO_6,train/entropy_loss,282624,-25.88062286376953
PPO_6,train/entropy_loss,284672,-25.885669708251953
PPO_6,train/entropy_loss,286720,-25.90421485900879
PPO_6,train/entropy_loss,288768,-25.92584991455078
PPO_6,train/entropy_loss,290816,-25.955968856811523
PPO_6,train/entropy_loss,292864,-26.001501083374023
PPO_6,train/entropy_loss,294912,-26.037353515625
PPO_6,train/entropy_loss,296960,-26.058975219726562
PPO_6,train/entropy_loss,299008,-26.080402374267578
PPO_6,train/entropy_loss,301056,-26.10198974609375
PPO_6,train/explained_variance,4096,-0.4553481340408325
PPO_6,train/explained_variance,6144,0.5211828947067261
PPO_6,train/explained_variance,8192,0.7323712110519409
PPO_6,train/explained_variance,10240,0.05763399600982666
PPO_6,train/explained_variance,12288,0.8473606705665588
PPO_6,train/explained_variance,14336,0.8339659571647644
PPO_6,train/explained_variance,16384,0.9052042961120605
PPO_6,train/explained_variance,18432,0.8481049537658691
PPO_6,train/explained_variance,20480,0.7746397256851196
PPO_6,train/explained_variance,22528,0.592251718044281
PPO_6,train/explained_variance,24576,0.56556236743927
PPO_6,train/explained_variance,26624,0.8758119344711304
PPO_6,train/explained_variance,28672,0.359671950340271
PPO_6,train/explained_variance,30720,-0.5062192678451538
PPO_6,train/explained_variance,32768,0.5196030735969543
PPO_6,train/explained_variance,34816,0.6054569482803345
PPO_6,train/explained_variance,36864,0.7284042835235596
PPO_6,train/explained_variance,38912,0.23608940839767456
PPO_6,train/explained_variance,40960,0.5151681900024414
PPO_6,train/explained_variance,43008,-3.008816719055176
PPO_6,train/explained_variance,45056,0.6880907416343689
PPO_6,train/explained_variance,47104,0.565936803817749
PPO_6,train/explained_variance,49152,0.5113142728805542
PPO_6,train/explained_variance,51200,0.39569342136383057
PPO_6,train/explained_variance,53248,0.9236701130867004
PPO_6,train/explained_variance,55296,0.8995882272720337
PPO_6,train/explained_variance,57344,0.7542240619659424
PPO_6,train/explained_variance,59392,0.6723020076751709
PPO_6,train/explained_variance,61440,0.2921186089515686
PPO_6,train/explained_variance,63488,0.7663545608520508
PPO_6,train/explained_variance,65536,0.9337055087089539
PPO_6,train/explained_variance,67584,0.8238370418548584
PPO_6,train/explained_variance,69632,0.9479213953018188
PPO_6,train/explained_variance,71680,0.4235968589782715
PPO_6,train/explained_variance,73728,0.299627423286438
PPO_6,train/explained_variance,75776,-1.0021016597747803
PPO_6,train/explained_variance,77824,0.6537998914718628
PPO_6,train/explained_variance,79872,0.6451870203018188
PPO_6,train/explained_variance,81920,0.7249300479888916
PPO_6,train/explained_variance,83968,0.9048138856887817
PPO_6,train/explained_variance,86016,0.46485865116119385
PPO_6,train/explained_variance,88064,0.7448675632476807
PPO_6,train/explained_variance,90112,0.7058111429214478
PPO_6,train/explained_variance,92160,0.9718633890151978
PPO_6,train/explained_variance,94208,0.6682126522064209
PPO_6,train/explained_variance,96256,0.9823019504547119
PPO_6,train/explained_variance,98304,0.9567230939865112
PPO_6,train/explained_variance,100352,0.5271245837211609
PPO_6,train/explained_variance,102400,0.8069936037063599
PPO_6,train/explained_variance,104448,0.3664330840110779
PPO_6,train/explained_variance,106496,0.7836662530899048
PPO_6,train/explained_variance,108544,0.6683036088943481
PPO_6,train/explained_variance,110592,0.5822005271911621
PPO_6,train/explained_variance,112640,0.5127947330474854
PPO_6,train/explained_variance,114688,0.8744232654571533
PPO_6,train/explained_variance,116736,0.8168776035308838
PPO_6,train/explained_variance,118784,0.7472003698348999
PPO_6,train/explained_variance,120832,0.7485277652740479
PPO_6,train/explained_variance,122880,0.692795991897583
PPO_6,train/explained_variance,124928,0.8551293611526489
PPO_6,train/explained_variance,126976,0.8416603803634644
PPO_6,train/explained_variance,129024,0.7263317108154297
PPO_6,train/explained_variance,131072,0.5246855020523071
PPO_6,train/explained_variance,133120,0.9671265482902527
PPO_6,train/explained_variance,135168,0.8736522197723389
PPO_6,train/explained_variance,137216,0.6392987966537476
PPO_6,train/explained_variance,139264,0.9537888765335083
PPO_6,train/explained_variance,141312,0.87176913022995
PPO_6,train/explained_variance,143360,0.9443869590759277
PPO_6,train/explained_variance,145408,0.9612489938735962
PPO_6,train/explained_variance,147456,0.9520465731620789
PPO_6,train/explained_variance,149504,0.9637893438339233
PPO_6,train/explained_variance,151552,0.6095165610313416
PPO_6,train/explained_variance,153600,0.8464417457580566
PPO_6,train/explained_variance,155648,0.9438048005104065
PPO_6,train/explained_variance,157696,0.730539858341217
PPO_6,train/explained_variance,159744,0.6966389417648315
PPO_6,train/explained_variance,161792,0.9737797379493713
PPO_6,train/explained_variance,163840,0.9353084564208984
PPO_6,train/explained_variance,165888,0.47749412059783936
PPO_6,train/explained_variance,167936,0.6493678092956543
PPO_6,train/explained_variance,169984,0.8896982669830322
PPO_6,train/explained_variance,172032,0.8595776557922363
PPO_6,train/explained_variance,174080,0.9066614508628845
PPO_6,train/explained_variance,176128,0.7485803365707397
PPO_6,train/explained_variance,178176,0.7433798313140869
PPO_6,train/explained_variance,180224,-0.3501068353652954
PPO_6,train/explained_variance,182272,0.988620400428772
PPO_6,train/explained_variance,184320,0.8782868385314941
PPO_6,train/explained_variance,186368,0.8817008137702942
PPO_6,train/explained_variance,188416,0.637560248374939
PPO_6,train/explained_variance,190464,0.8901716470718384
PPO_6,train/explained_variance,192512,-3.1072397232055664
PPO_6,train/explained_variance,194560,0.7636109590530396
PPO_6,train/explained_variance,196608,0.8618154525756836
PPO_6,train/explained_variance,198656,0.8412249684333801
PPO_6,train/explained_variance,200704,0.957808256149292
PPO_6,train/explained_variance,202752,0.8282431364059448
PPO_6,train/explained_variance,204800,0.9248877763748169
PPO_6,train/explained_variance,206848,0.9199872016906738
PPO_6,train/explained_variance,208896,0.6870695948600769
PPO_6,train/explained_variance,210944,0.8997379541397095
PPO_6,train/explained_variance,212992,0.9511806964874268
PPO_6,train/explained_variance,215040,0.8854877948760986
PPO_6,train/explained_variance,217088,0.9321755766868591
PPO_6,train/explained_variance,219136,0.9762336015701294
PPO_6,train/explained_variance,221184,0.9704044461250305
PPO_6,train/explained_variance,223232,0.857285737991333
PPO_6,train/explained_variance,225280,0.9183605313301086
PPO_6,train/explained_variance,227328,0.8418292999267578
PPO_6,train/explained_variance,229376,0.9378695487976074
PPO_6,train/explained_variance,231424,0.9367865324020386
PPO_6,train/explained_variance,233472,0.9742373824119568
PPO_6,train/explained_variance,235520,0.9742733240127563
PPO_6,train/explained_variance,237568,0.942136287689209
PPO_6,train/explained_variance,239616,0.4624021053314209
PPO_6,train/explained_variance,241664,0.9366531372070312
PPO_6,train/explained_variance,243712,0.9590508937835693
PPO_6,train/explained_variance,245760,0.9706144332885742
PPO_6,train/explained_variance,247808,0.5817935466766357
PPO_6,train/explained_variance,249856,0.94085294008255
PPO_6,train/explained_variance,251904,0.960135817527771
PPO_6,train/explained_variance,253952,0.9375759363174438
PPO_6,train/explained_variance,256000,0.9433169960975647
PPO_6,train/explained_variance,258048,0.9605478048324585
PPO_6,train/explained_variance,260096,0.9331862926483154
PPO_6,train/explained_variance,262144,0.9759336113929749
PPO_6,train/explained_variance,264192,0.9773162603378296
PPO_6,train/explained_variance,266240,0.9660452008247375
PPO_6,train/explained_variance,268288,0.8842839598655701
PPO_6,train/explained_variance,270336,0.9270249009132385
PPO_6,train/explained_variance,272384,0.9820237755775452
PPO_6,train/explained_variance,274432,0.7553313970565796
PPO_6,train/explained_variance,276480,0.9896097779273987
PPO_6,train/explained_variance,278528,0.9689140915870667
PPO_6,train/explained_variance,280576,0.9021270871162415
PPO_6,train/explained_variance,282624,0.7525759339332581
PPO_6,train/explained_variance,284672,0.9374237656593323
PPO_6,train/explained_variance,286720,0.9725468754768372
PPO_6,train/explained_variance,288768,0.9416095018386841
PPO_6,train/explained_variance,290816,0.9717938899993896
PPO_6,train/explained_variance,292864,0.8986518383026123
PPO_6,train/explained_variance,294912,0.7545711398124695
PPO_6,train/explained_variance,296960,0.9808946847915649
PPO_6,train/explained_variance,299008,0.7509119510650635
PPO_6,train/explained_variance,301056,0.8197633028030396
PPO_6,train/learning_rate,4096,0.0003000000142492354
PPO_6,train/learning_rate,6144,0.0003000000142492354
PPO_6,train/learning_rate,8192,0.0003000000142492354
PPO_6,train/learning_rate,10240,0.0003000000142492354
PPO_6,train/learning_rate,12288,0.0003000000142492354
PPO_6,train/learning_rate,14336,0.0003000000142492354
PPO_6,train/learning_rate,16384,0.0003000000142492354
PPO_6,train/learning_rate,18432,0.0003000000142492354
PPO_6,train/learning_rate,20480,0.0003000000142492354
PPO_6,train/learning_rate,22528,0.0003000000142492354
PPO_6,train/learning_rate,24576,0.0003000000142492354
PPO_6,train/learning_rate,26624,0.0003000000142492354
PPO_6,train/learning_rate,28672,0.0003000000142492354
PPO_6,train/learning_rate,30720,0.0003000000142492354
PPO_6,train/learning_rate,32768,0.0003000000142492354
PPO_6,train/learning_rate,34816,0.0003000000142492354
PPO_6,train/learning_rate,36864,0.0003000000142492354
PPO_6,train/learning_rate,38912,0.0003000000142492354
PPO_6,train/learning_rate,40960,0.0003000000142492354
PPO_6,train/learning_rate,43008,0.0003000000142492354
PPO_6,train/learning_rate,45056,0.0003000000142492354
PPO_6,train/learning_rate,47104,0.0003000000142492354
PPO_6,train/learning_rate,49152,0.0003000000142492354
PPO_6,train/learning_rate,51200,0.0003000000142492354
PPO_6,train/learning_rate,53248,0.0003000000142492354
PPO_6,train/learning_rate,55296,0.0003000000142492354
PPO_6,train/learning_rate,57344,0.0003000000142492354
PPO_6,train/learning_rate,59392,0.0003000000142492354
PPO_6,train/learning_rate,61440,0.0003000000142492354
PPO_6,train/learning_rate,63488,0.0003000000142492354
PPO_6,train/learning_rate,65536,0.0003000000142492354
PPO_6,train/learning_rate,67584,0.0003000000142492354
PPO_6,train/learning_rate,69632,0.0003000000142492354
PPO_6,train/learning_rate,71680,0.0003000000142492354
PPO_6,train/learning_rate,73728,0.0003000000142492354
PPO_6,train/learning_rate,75776,0.0003000000142492354
PPO_6,train/learning_rate,77824,0.0003000000142492354
PPO_6,train/learning_rate,79872,0.0003000000142492354
PPO_6,train/learning_rate,81920,0.0003000000142492354
PPO_6,train/learning_rate,83968,0.0003000000142492354
PPO_6,train/learning_rate,86016,0.0003000000142492354
PPO_6,train/learning_rate,88064,0.0003000000142492354
PPO_6,train/learning_rate,90112,0.0003000000142492354
PPO_6,train/learning_rate,92160,0.0003000000142492354
PPO_6,train/learning_rate,94208,0.0003000000142492354
PPO_6,train/learning_rate,96256,0.0003000000142492354
PPO_6,train/learning_rate,98304,0.0003000000142492354
PPO_6,train/learning_rate,100352,0.0003000000142492354
PPO_6,train/learning_rate,102400,0.0003000000142492354
PPO_6,train/learning_rate,104448,0.0003000000142492354
PPO_6,train/learning_rate,106496,0.0003000000142492354
PPO_6,train/learning_rate,108544,0.0003000000142492354
PPO_6,train/learning_rate,110592,0.0003000000142492354
PPO_6,train/learning_rate,112640,0.0003000000142492354
PPO_6,train/learning_rate,114688,0.0003000000142492354
PPO_6,train/learning_rate,116736,0.0003000000142492354
PPO_6,train/learning_rate,118784,0.0003000000142492354
PPO_6,train/learning_rate,120832,0.0003000000142492354
PPO_6,train/learning_rate,122880,0.0003000000142492354
PPO_6,train/learning_rate,124928,0.0003000000142492354
PPO_6,train/learning_rate,126976,0.0003000000142492354
PPO_6,train/learning_rate,129024,0.0003000000142492354
PPO_6,train/learning_rate,131072,0.0003000000142492354
PPO_6,train/learning_rate,133120,0.0003000000142492354
PPO_6,train/learning_rate,135168,0.0003000000142492354
PPO_6,train/learning_rate,137216,0.0003000000142492354
PPO_6,train/learning_rate,139264,0.0003000000142492354
PPO_6,train/learning_rate,141312,0.0003000000142492354
PPO_6,train/learning_rate,143360,0.0003000000142492354
PPO_6,train/learning_rate,145408,0.0003000000142492354
PPO_6,train/learning_rate,147456,0.0003000000142492354
PPO_6,train/learning_rate,149504,0.0003000000142492354
PPO_6,train/learning_rate,151552,0.0003000000142492354
PPO_6,train/learning_rate,153600,0.0003000000142492354
PPO_6,train/learning_rate,155648,0.0003000000142492354
PPO_6,train/learning_rate,157696,0.0003000000142492354
PPO_6,train/learning_rate,159744,0.0003000000142492354
PPO_6,train/learning_rate,161792,0.0003000000142492354
PPO_6,train/learning_rate,163840,0.0003000000142492354
PPO_6,train/learning_rate,165888,0.0003000000142492354
PPO_6,train/learning_rate,167936,0.0003000000142492354
PPO_6,train/learning_rate,169984,0.0003000000142492354
PPO_6,train/learning_rate,172032,0.0003000000142492354
PPO_6,train/learning_rate,174080,0.0003000000142492354
PPO_6,train/learning_rate,176128,0.0003000000142492354
PPO_6,train/learning_rate,178176,0.0003000000142492354
PPO_6,train/learning_rate,180224,0.0003000000142492354
PPO_6,train/learning_rate,182272,0.0003000000142492354
PPO_6,train/learning_rate,184320,0.0003000000142492354
PPO_6,train/learning_rate,186368,0.0003000000142492354
PPO_6,train/learning_rate,188416,0.0003000000142492354
PPO_6,train/learning_rate,190464,0.0003000000142492354
PPO_6,train/learning_rate,192512,0.0003000000142492354
PPO_6,train/learning_rate,194560,0.0003000000142492354
PPO_6,train/learning_rate,196608,0.0003000000142492354
PPO_6,train/learning_rate,198656,0.0003000000142492354
PPO_6,train/learning_rate,200704,0.0003000000142492354
PPO_6,train/learning_rate,202752,0.0003000000142492354
PPO_6,train/learning_rate,204800,0.0003000000142492354
PPO_6,train/learning_rate,206848,0.0003000000142492354
PPO_6,train/learning_rate,208896,0.0003000000142492354
PPO_6,train/learning_rate,210944,0.0003000000142492354
PPO_6,train/learning_rate,212992,0.0003000000142492354
PPO_6,train/learning_rate,215040,0.0003000000142492354
PPO_6,train/learning_rate,217088,0.0003000000142492354
PPO_6,train/learning_rate,219136,0.0003000000142492354
PPO_6,train/learning_rate,221184,0.0003000000142492354
PPO_6,train/learning_rate,223232,0.0003000000142492354
PPO_6,train/learning_rate,225280,0.0003000000142492354
PPO_6,train/learning_rate,227328,0.0003000000142492354
PPO_6,train/learning_rate,229376,0.0003000000142492354
PPO_6,train/learning_rate,231424,0.0003000000142492354
PPO_6,train/learning_rate,233472,0.0003000000142492354
PPO_6,train/learning_rate,235520,0.0003000000142492354
PPO_6,train/learning_rate,237568,0.0003000000142492354
PPO_6,train/learning_rate,239616,0.0003000000142492354
PPO_6,train/learning_rate,241664,0.0003000000142492354
PPO_6,train/learning_rate,243712,0.0003000000142492354
PPO_6,train/learning_rate,245760,0.0003000000142492354
PPO_6,train/learning_rate,247808,0.0003000000142492354
PPO_6,train/learning_rate,249856,0.0003000000142492354
PPO_6,train/learning_rate,251904,0.0003000000142492354
PPO_6,train/learning_rate,253952,0.0003000000142492354
PPO_6,train/learning_rate,256000,0.0003000000142492354
PPO_6,train/learning_rate,258048,0.0003000000142492354
PPO_6,train/learning_rate,260096,0.0003000000142492354
PPO_6,train/learning_rate,262144,0.0003000000142492354
PPO_6,train/learning_rate,264192,0.0003000000142492354
PPO_6,train/learning_rate,266240,0.0003000000142492354
PPO_6,train/learning_rate,268288,0.0003000000142492354
PPO_6,train/learning_rate,270336,0.0003000000142492354
PPO_6,train/learning_rate,272384,0.0003000000142492354
PPO_6,train/learning_rate,274432,0.0003000000142492354
PPO_6,train/learning_rate,276480,0.0003000000142492354
PPO_6,train/learning_rate,278528,0.0003000000142492354
PPO_6,train/learning_rate,280576,0.0003000000142492354
PPO_6,train/learning_rate,282624,0.0003000000142492354
PPO_6,train/learning_rate,284672,0.0003000000142492354
PPO_6,train/learning_rate,286720,0.0003000000142492354
PPO_6,train/learning_rate,288768,0.0003000000142492354
PPO_6,train/learning_rate,290816,0.0003000000142492354
PPO_6,train/learning_rate,292864,0.0003000000142492354
PPO_6,train/learning_rate,294912,0.0003000000142492354
PPO_6,train/learning_rate,296960,0.0003000000142492354
PPO_6,train/learning_rate,299008,0.0003000000142492354
PPO_6,train/learning_rate,301056,0.0003000000142492354
PPO_6,train/loss,4096,-0.251298189163208
PPO_6,train/loss,6144,-0.27178025245666504
PPO_6,train/loss,8192,-0.2724502384662628
PPO_6,train/loss,10240,-0.1524720937013626
PPO_6,train/loss,12288,-0.2823910415172577
PPO_6,train/loss,14336,-0.29396551847457886
PPO_6,train/loss,16384,-0.27556660771369934
PPO_6,train/loss,18432,-0.285523384809494
PPO_6,train/loss,20480,-0.2906338572502136
PPO_6,train/loss,22528,-0.29682978987693787
PPO_6,train/loss,24576,-0.25640714168548584
PPO_6,train/loss,26624,-0.2948758900165558
PPO_6,train/loss,28672,-0.2861582338809967
PPO_6,train/loss,30720,-0.2401299625635147
PPO_6,train/loss,32768,-0.29572153091430664
PPO_6,train/loss,34816,-0.3017561137676239
PPO_6,train/loss,36864,-0.29891276359558105
PPO_6,train/loss,38912,-0.2941284775733948
PPO_6,train/loss,40960,-0.2964697480201721
PPO_6,train/loss,43008,-0.2896827757358551
PPO_6,train/loss,45056,-0.26315659284591675
PPO_6,train/loss,47104,-0.2583465278148651
PPO_6,train/loss,49152,-0.26177671551704407
PPO_6,train/loss,51200,-0.3059741258621216
PPO_6,train/loss,53248,-0.2805961072444916
PPO_6,train/loss,55296,-0.2774704396724701
PPO_6,train/loss,57344,-0.25217917561531067
PPO_6,train/loss,59392,-0.2826036214828491
PPO_6,train/loss,61440,-0.3033974766731262
PPO_6,train/loss,63488,-0.3053511083126068
PPO_6,train/loss,65536,-0.2976529896259308
PPO_6,train/loss,67584,-0.30955275893211365
PPO_6,train/loss,69632,-0.29986757040023804
PPO_6,train/loss,71680,-0.3134199380874634
PPO_6,train/loss,73728,-0.3111385107040405
PPO_6,train/loss,75776,-0.2851913571357727
PPO_6,train/loss,77824,-0.29432711005210876
PPO_6,train/loss,79872,-0.27213314175605774
PPO_6,train/loss,81920,-0.30256322026252747
PPO_6,train/loss,83968,-0.29360947012901306
PPO_6,train/loss,86016,-0.3057410418987274
PPO_6,train/loss,88064,-0.26566165685653687
PPO_6,train/loss,90112,-0.2701379954814911
PPO_6,train/loss,92160,-0.2868531048297882
PPO_6,train/loss,94208,-0.28367161750793457
PPO_6,train/loss,96256,-0.2909553050994873
PPO_6,train/loss,98304,-0.29868555068969727
PPO_6,train/loss,100352,-0.3096984922885895
PPO_6,train/loss,102400,-0.30455148220062256
PPO_6,train/loss,104448,-0.305690199136734
PPO_6,train/loss,106496,-0.3036932647228241
PPO_6,train/loss,108544,-0.2687132954597473
PPO_6,train/loss,110592,-0.3058801591396332
PPO_6,train/loss,112640,-0.3064734637737274
PPO_6,train/loss,114688,-0.32018744945526123
PPO_6,train/loss,116736,-0.30832403898239136
PPO_6,train/loss,118784,-0.3134349584579468
PPO_6,train/loss,120832,-0.31759926676750183
PPO_6,train/loss,122880,-0.2822084426879883
PPO_6,train/loss,124928,-0.269942969083786
PPO_6,train/loss,126976,-0.2820151746273041
PPO_6,train/loss,129024,-0.318402498960495
PPO_6,train/loss,131072,-0.3060121536254883
PPO_6,train/loss,133120,-0.3062058389186859
PPO_6,train/loss,135168,-0.31698694825172424
PPO_6,train/loss,137216,-0.31647828221321106
PPO_6,train/loss,139264,-0.28648731112480164
PPO_6,train/loss,141312,-0.30563321709632874
PPO_6,train/loss,143360,-0.2831610441207886
PPO_6,train/loss,145408,-0.2913595736026764
PPO_6,train/loss,147456,-0.27623364329338074
PPO_6,train/loss,149504,-0.3102499544620514
PPO_6,train/loss,151552,-0.31399089097976685
PPO_6,train/loss,153600,-0.3206043839454651
PPO_6,train/loss,155648,-0.3126871585845947
PPO_6,train/loss,157696,-0.3236369490623474
PPO_6,train/loss,159744,-0.3271210193634033
PPO_6,train/loss,161792,-0.2886313498020172
PPO_6,train/loss,163840,-0.282308965921402
PPO_6,train/loss,165888,-0.3193010687828064
PPO_6,train/loss,167936,-0.3065185546875
PPO_6,train/loss,169984,-0.3266587257385254
PPO_6,train/loss,172032,-0.30990755558013916
PPO_6,train/loss,174080,-0.3063865602016449
PPO_6,train/loss,176128,-0.3076966106891632
PPO_6,train/loss,178176,-0.3127231001853943
PPO_6,train/loss,180224,-0.32191014289855957
PPO_6,train/loss,182272,-0.303761750459671
PPO_6,train/loss,184320,-0.28560999035835266
PPO_6,train/loss,186368,-0.309589684009552
PPO_6,train/loss,188416,-0.3263902962207794
PPO_6,train/loss,190464,-0.3204927146434784
PPO_6,train/loss,192512,-0.28485825657844543
PPO_6,train/loss,194560,-0.3160947263240814
PPO_6,train/loss,196608,-0.3211193084716797
PPO_6,train/loss,198656,-0.324307918548584
PPO_6,train/loss,200704,-0.31503042578697205
PPO_6,train/loss,202752,-0.31270167231559753
PPO_6,train/loss,204800,-0.3201882243156433
PPO_6,train/loss,206848,-0.3244011402130127
PPO_6,train/loss,208896,-0.32144641876220703
PPO_6,train/loss,210944,-0.29550299048423767
PPO_6,train/loss,212992,-0.2943437099456787
PPO_6,train/loss,215040,-0.3244541883468628
PPO_6,train/loss,217088,-0.3210378587245941
PPO_6,train/loss,219136,-0.3108678162097931
PPO_6,train/loss,221184,-0.3259311318397522
PPO_6,train/loss,223232,-0.3293711245059967
PPO_6,train/loss,225280,-0.32254528999328613
PPO_6,train/loss,227328,-0.31694942712783813
PPO_6,train/loss,229376,-0.30852010846138
PPO_6,train/loss,231424,-0.3215908408164978
PPO_6,train/loss,233472,-0.3072022497653961
PPO_6,train/loss,235520,-0.3043040633201599
PPO_6,train/loss,237568,-0.3290093243122101
PPO_6,train/loss,239616,-0.3174358010292053
PPO_6,train/loss,241664,-0.33688125014305115
PPO_6,train/loss,243712,-0.3177894949913025
PPO_6,train/loss,245760,-0.30607104301452637
PPO_6,train/loss,247808,-0.3237130641937256
PPO_6,train/loss,249856,-0.32792824506759644
PPO_6,train/loss,251904,-0.3072682023048401
PPO_6,train/loss,253952,-0.3404824435710907
PPO_6,train/loss,256000,-0.3137567341327667
PPO_6,train/loss,258048,-0.28552964329719543
PPO_6,train/loss,260096,-0.3281818926334381
PPO_6,train/loss,262144,-0.3169350326061249
PPO_6,train/loss,264192,-0.3051277995109558
PPO_6,train/loss,266240,-0.2968491315841675
PPO_6,train/loss,268288,-0.322003036737442
PPO_6,train/loss,270336,-0.31501305103302
PPO_6,train/loss,272384,-0.30676499009132385
PPO_6,train/loss,274432,-0.31488099694252014
PPO_6,train/loss,276480,-0.3175990581512451
PPO_6,train/loss,278528,-0.3182508945465088
PPO_6,train/loss,280576,-0.32837316393852234
PPO_6,train/loss,282624,-0.3213309645652771
PPO_6,train/loss,284672,-0.3172279894351959
PPO_6,train/loss,286720,-0.3094448149204254
PPO_6,train/loss,288768,-0.30388540029525757
PPO_6,train/loss,290816,-0.3183460533618927
PPO_6,train/loss,292864,-0.34218642115592957
PPO_6,train/loss,294912,-0.3178507387638092
PPO_6,train/loss,296960,-0.29823851585388184
PPO_6,train/loss,299008,-0.32578974962234497
PPO_6,train/loss,301056,-0.3246226906776428
PPO_6,train/policy_gradient_loss,4096,-0.033680111169815063
PPO_6,train/policy_gradient_loss,6144,-0.036521319299936295
PPO_6,train/policy_gradient_loss,8192,-0.0372508279979229
PPO_6,train/policy_gradient_loss,10240,-0.020110229030251503
PPO_6,train/policy_gradient_loss,12288,-0.03873602673411369
PPO_6,train/policy_gradient_loss,14336,-0.04521799460053444
PPO_6,train/policy_gradient_loss,16384,-0.036032017320394516
PPO_6,train/policy_gradient_loss,18432,-0.03724922239780426
PPO_6,train/policy_gradient_loss,20480,-0.0420888215303421
PPO_6,train/policy_gradient_loss,22528,-0.04345176741480827
PPO_6,train/policy_gradient_loss,24576,-0.025799909606575966
PPO_6,train/policy_gradient_loss,26624,-0.04164281114935875
PPO_6,train/policy_gradient_loss,28672,-0.042294979095458984
PPO_6,train/policy_gradient_loss,30720,-0.028827238827943802
PPO_6,train/policy_gradient_loss,32768,-0.039662525057792664
PPO_6,train/policy_gradient_loss,34816,-0.040778886526823044
PPO_6,train/policy_gradient_loss,36864,-0.03998113423585892
PPO_6,train/policy_gradient_loss,38912,-0.04300474748015404
PPO_6,train/policy_gradient_loss,40960,-0.04293645918369293
PPO_6,train/policy_gradient_loss,43008,-0.04267077520489693
PPO_6,train/policy_gradient_loss,45056,-0.02553202398121357
PPO_6,train/policy_gradient_loss,47104,-0.03001803532242775
PPO_6,train/policy_gradient_loss,49152,-0.027794281020760536
PPO_6,train/policy_gradient_loss,51200,-0.04811876639723778
PPO_6,train/policy_gradient_loss,53248,-0.03683088347315788
PPO_6,train/policy_gradient_loss,55296,-0.031636323779821396
PPO_6,train/policy_gradient_loss,57344,-0.0268398467451334
PPO_6,train/policy_gradient_loss,59392,-0.029877113178372383
PPO_6,train/policy_gradient_loss,61440,-0.041284602135419846
PPO_6,train/policy_gradient_loss,63488,-0.04331757128238678
PPO_6,train/policy_gradient_loss,65536,-0.044778577983379364
PPO_6,train/policy_gradient_loss,67584,-0.04644589498639107
PPO_6,train/policy_gradient_loss,69632,-0.04176974296569824
PPO_6,train/policy_gradient_loss,71680,-0.04972846060991287
PPO_6,train/policy_gradient_loss,73728,-0.04510074108839035
PPO_6,train/policy_gradient_loss,75776,-0.040182292461395264
PPO_6,train/policy_gradient_loss,77824,-0.04072345793247223
PPO_6,train/policy_gradient_loss,79872,-0.027016518637537956
PPO_6,train/policy_gradient_loss,81920,-0.046618975698947906
PPO_6,train/policy_gradient_loss,83968,-0.04062362387776375
PPO_6,train/policy_gradient_loss,86016,-0.0410715714097023
PPO_6,train/policy_gradient_loss,88064,-0.03240739926695824
PPO_6,train/policy_gradient_loss,90112,-0.030400121584534645
PPO_6,train/policy_gradient_loss,92160,-0.03510422632098198
PPO_6,train/policy_gradient_loss,94208,-0.037774909287691116
PPO_6,train/policy_gradient_loss,96256,-0.039851609617471695
PPO_6,train/policy_gradient_loss,98304,-0.04056603088974953
PPO_6,train/policy_gradient_loss,100352,-0.044503070414066315
PPO_6,train/policy_gradient_loss,102400,-0.047908224165439606
PPO_6,train/policy_gradient_loss,104448,-0.04139566048979759
PPO_6,train/policy_gradient_loss,106496,-0.05027369037270546
PPO_6,train/policy_gradient_loss,108544,-0.024869108572602272
PPO_6,train/policy_gradient_loss,110592,-0.04738686606287956
PPO_6,train/policy_gradient_loss,112640,-0.04771386459469795
PPO_6,train/policy_gradient_loss,114688,-0.0481562614440918
PPO_6,train/policy_gradient_loss,116736,-0.04652724415063858
PPO_6,train/policy_gradient_loss,118784,-0.04945472627878189
PPO_6,train/policy_gradient_loss,120832,-0.048646628856658936
PPO_6,train/policy_gradient_loss,122880,-0.026723379269242287
PPO_6,train/policy_gradient_loss,124928,-0.0278635174036026
PPO_6,train/policy_gradient_loss,126976,-0.03103991597890854
PPO_6,train/policy_gradient_loss,129024,-0.045948535203933716
PPO_6,train/policy_gradient_loss,131072,-0.043788883835077286
PPO_6,train/policy_gradient_loss,133120,-0.03819626569747925
PPO_6,train/policy_gradient_loss,135168,-0.04619578644633293
PPO_6,train/policy_gradient_loss,137216,-0.04814630746841431
PPO_6,train/policy_gradient_loss,139264,-0.030232788994908333
PPO_6,train/policy_gradient_loss,141312,-0.04440614953637123
PPO_6,train/policy_gradient_loss,143360,-0.03968095779418945
PPO_6,train/policy_gradient_loss,145408,-0.037043049931526184
PPO_6,train/policy_gradient_loss,147456,-0.028966465964913368
PPO_6,train/policy_gradient_loss,149504,-0.040130939334630966
PPO_6,train/policy_gradient_loss,151552,-0.04485325142741203
PPO_6,train/policy_gradient_loss,153600,-0.046804726123809814
PPO_6,train/policy_gradient_loss,155648,-0.04611737281084061
PPO_6,train/policy_gradient_loss,157696,-0.048969343304634094
PPO_6,train/policy_gradient_loss,159744,-0.04968508332967758
PPO_6,train/policy_gradient_loss,161792,-0.0347173772752285
PPO_6,train/policy_gradient_loss,163840,-0.03446686640381813
PPO_6,train/policy_gradient_loss,165888,-0.047213293612003326
PPO_6,train/policy_gradient_loss,167936,-0.043150871992111206
PPO_6,train/policy_gradient_loss,169984,-0.04756207764148712
PPO_6,train/policy_gradient_loss,172032,-0.044275492429733276
PPO_6,train/policy_gradient_loss,174080,-0.04212358221411705
PPO_6,train/policy_gradient_loss,176128,-0.04533255472779274
PPO_6,train/policy_gradient_loss,178176,-0.04539830610156059
PPO_6,train/policy_gradient_loss,180224,-0.045723263174295425
PPO_6,train/policy_gradient_loss,182272,-0.03845260664820671
PPO_6,train/policy_gradient_loss,184320,-0.03048063814640045
PPO_6,train/policy_gradient_loss,186368,-0.04381214454770088
PPO_6,train/policy_gradient_loss,188416,-0.04686945676803589
PPO_6,train/policy_gradient_loss,190464,-0.04886447265744209
PPO_6,train/policy_gradient_loss,192512,-0.03145679086446762
PPO_6,train/policy_gradient_loss,194560,-0.043540216982364655
PPO_6,train/policy_gradient_loss,196608,-0.0438922643661499
PPO_6,train/policy_gradient_loss,198656,-0.048148274421691895
PPO_6,train/policy_gradient_loss,200704,-0.04526843503117561
PPO_6,train/policy_gradient_loss,202752,-0.044446155428886414
PPO_6,train/policy_gradient_loss,204800,-0.04676663875579834
PPO_6,train/policy_gradient_loss,206848,-0.04586558789014816
PPO_6,train/policy_gradient_loss,208896,-0.0451316200196743
PPO_6,train/policy_gradient_loss,210944,-0.028436632826924324
PPO_6,train/policy_gradient_loss,212992,-0.03300581872463226
PPO_6,train/policy_gradient_loss,215040,-0.046871308237314224
PPO_6,train/policy_gradient_loss,217088,-0.04943985119462013
PPO_6,train/policy_gradient_loss,219136,-0.04297221824526787
PPO_6,train/policy_gradient_loss,221184,-0.04178961366415024
PPO_6,train/policy_gradient_loss,223232,-0.048600584268569946
PPO_6,train/policy_gradient_loss,225280,-0.04102478176355362
PPO_6,train/policy_gradient_loss,227328,-0.042961735278367996
PPO_6,train/policy_gradient_loss,229376,-0.027591479942202568
PPO_6,train/policy_gradient_loss,231424,-0.040733858942985535
PPO_6,train/policy_gradient_loss,233472,-0.04165257513523102
PPO_6,train/policy_gradient_loss,235520,-0.041163183748722076
PPO_6,train/policy_gradient_loss,237568,-0.0489959754049778
PPO_6,train/policy_gradient_loss,239616,-0.042493414133787155
PPO_6,train/policy_gradient_loss,241664,-0.046264518052339554
PPO_6,train/policy_gradient_loss,243712,-0.04216310754418373
PPO_6,train/policy_gradient_loss,245760,-0.03444540500640869
PPO_6,train/policy_gradient_loss,247808,-0.04606279358267784
PPO_6,train/policy_gradient_loss,249856,-0.04779563471674919
PPO_6,train/policy_gradient_loss,251904,-0.04364628344774246
PPO_6,train/policy_gradient_loss,253952,-0.04155818372964859
PPO_6,train/policy_gradient_loss,256000,-0.038866907358169556
PPO_6,train/policy_gradient_loss,258048,-0.03010309301316738
PPO_6,train/policy_gradient_loss,260096,-0.04834761843085289
PPO_6,train/policy_gradient_loss,262144,-0.04592376574873924
PPO_6,train/policy_gradient_loss,264192,-0.03870834782719612
PPO_6,train/policy_gradient_loss,266240,-0.03362623602151871
PPO_6,train/policy_gradient_loss,268288,-0.04521957412362099
PPO_6,train/policy_gradient_loss,270336,-0.03788289055228233
PPO_6,train/policy_gradient_loss,272384,-0.037078142166137695
PPO_6,train/policy_gradient_loss,274432,-0.03985149785876274
PPO_6,train/policy_gradient_loss,276480,-0.03938161954283714
PPO_6,train/policy_gradient_loss,278528,-0.036965496838092804
PPO_6,train/policy_gradient_loss,280576,-0.04770291596651077
PPO_6,train/policy_gradient_loss,282624,-0.04335418716073036
PPO_6,train/policy_gradient_loss,284672,-0.03510084003210068
PPO_6,train/policy_gradient_loss,286720,-0.03970203176140785
PPO_6,train/policy_gradient_loss,288768,-0.031318921595811844
PPO_6,train/policy_gradient_loss,290816,-0.04162304848432541
PPO_6,train/policy_gradient_loss,292864,-0.04647054895758629
PPO_6,train/policy_gradient_loss,294912,-0.04393800348043442
PPO_6,train/policy_gradient_loss,296960,-0.030654236674308777
PPO_6,train/policy_gradient_loss,299008,-0.04253854975104332
PPO_6,train/policy_gradient_loss,301056,-0.04962716996669769
PPO_6,train/std,4096,1.0000747442245483
PPO_6,train/std,6144,1.0011558532714844
PPO_6,train/std,8192,1.0036799907684326
PPO_6,train/std,10240,1.0047366619110107
PPO_6,train/std,12288,1.0064064264297485
PPO_6,train/std,14336,1.0099519491195679
PPO_6,train/std,16384,1.0115853548049927
PPO_6,train/std,18432,1.0130518674850464
PPO_6,train/std,20480,1.0161763429641724
PPO_6,train/std,22528,1.0180964469909668
PPO_6,train/std,24576,1.016327142715454
PPO_6,train/std,26624,1.0178074836730957
PPO_6,train/std,28672,1.018944263458252
PPO_6,train/std,30720,1.020242691040039
PPO_6,train/std,32768,1.0221924781799316
PPO_6,train/std,34816,1.0231547355651855
PPO_6,train/std,36864,1.0255765914916992
PPO_6,train/std,38912,1.0263744592666626
PPO_6,train/std,40960,1.0267555713653564
PPO_6,train/std,43008,1.0313152074813843
PPO_6,train/std,45056,1.0331770181655884
PPO_6,train/std,47104,1.0337730646133423
PPO_6,train/std,49152,1.0353986024856567
PPO_6,train/std,51200,1.0366629362106323
PPO_6,train/std,53248,1.03774094581604
PPO_6,train/std,55296,1.0389997959136963
PPO_6,train/std,57344,1.0385103225708008
PPO_6,train/std,59392,1.039947509765625
PPO_6,train/std,61440,1.0382788181304932
PPO_6,train/std,63488,1.0406473875045776
PPO_6,train/std,65536,1.0419905185699463
PPO_6,train/std,67584,1.045996069908142
PPO_6,train/std,69632,1.0483295917510986
PPO_6,train/std,71680,1.0485506057739258
PPO_6,train/std,73728,1.0508147478103638
PPO_6,train/std,75776,1.0527548789978027
PPO_6,train/std,77824,1.0549044609069824
PPO_6,train/std,79872,1.0529614686965942
PPO_6,train/std,81920,1.0539342164993286
PPO_6,train/std,83968,1.0556116104125977
PPO_6,train/std,86016,1.0560483932495117
PPO_6,train/std,88064,1.0562717914581299
PPO_6,train/std,90112,1.0566703081130981
PPO_6,train/std,92160,1.056277871131897
PPO_6,train/std,94208,1.0567617416381836
PPO_6,train/std,96256,1.0565814971923828
PPO_6,train/std,98304,1.058453917503357
PPO_6,train/std,100352,1.0597608089447021
PPO_6,train/std,102400,1.064617395401001
PPO_6,train/std,104448,1.0663552284240723
PPO_6,train/std,106496,1.0671052932739258
PPO_6,train/std,108544,1.0677108764648438
PPO_6,train/std,110592,1.0692832469940186
PPO_6,train/std,112640,1.0716845989227295
PPO_6,train/std,114688,1.0734978914260864
PPO_6,train/std,116736,1.0761531591415405
PPO_6,train/std,118784,1.0778748989105225
PPO_6,train/std,120832,1.0823163986206055
PPO_6,train/std,122880,1.0855016708374023
PPO_6,train/std,124928,1.085250735282898
PPO_6,train/std,126976,1.0860812664031982
PPO_6,train/std,129024,1.0883067846298218
PPO_6,train/std,131072,1.0898102521896362
PPO_6,train/std,133120,1.0913598537445068
PPO_6,train/std,135168,1.0933966636657715
PPO_6,train/std,137216,1.0973526239395142
PPO_6,train/std,139264,1.0993584394454956
PPO_6,train/std,141312,1.0998369455337524
PPO_6,train/std,143360,1.102193832397461
PPO_6,train/std,145408,1.103819727897644
PPO_6,train/std,147456,1.1050820350646973
PPO_6,train/std,149504,1.1052989959716797
PPO_6,train/std,151552,1.1080904006958008
PPO_6,train/std,153600,1.110535979270935
PPO_6,train/std,155648,1.1115257740020752
PPO_6,train/std,157696,1.1132537126541138
PPO_6,train/std,159744,1.11258864402771
PPO_6,train/std,161792,1.1132580041885376
PPO_6,train/std,163840,1.1122002601623535
PPO_6,train/std,165888,1.1151456832885742
PPO_6,train/std,167936,1.1165916919708252
PPO_6,train/std,169984,1.118411898612976
PPO_6,train/std,172032,1.1203646659851074
PPO_6,train/std,174080,1.1225920915603638
PPO_6,train/std,176128,1.1227149963378906
PPO_6,train/std,178176,1.1214098930358887
PPO_6,train/std,180224,1.122507929801941
PPO_6,train/std,182272,1.1241998672485352
PPO_6,train/std,184320,1.1263796091079712
PPO_6,train/std,186368,1.1269710063934326
PPO_6,train/std,188416,1.1279919147491455
PPO_6,train/std,190464,1.129660964012146
PPO_6,train/std,192512,1.132506251335144
PPO_6,train/std,194560,1.1359385251998901
PPO_6,train/std,196608,1.1362649202346802
PPO_6,train/std,198656,1.1377924680709839
PPO_6,train/std,200704,1.1413588523864746
PPO_6,train/std,202752,1.141201376914978
PPO_6,train/std,204800,1.1416321992874146
PPO_6,train/std,206848,1.143483281135559
PPO_6,train/std,208896,1.1461782455444336
PPO_6,train/std,210944,1.1467629671096802
PPO_6,train/std,212992,1.1475485563278198
PPO_6,train/std,215040,1.1502758264541626
PPO_6,train/std,217088,1.152687907218933
PPO_6,train/std,219136,1.1553843021392822
PPO_6,train/std,221184,1.157691478729248
PPO_6,train/std,223232,1.162027359008789
PPO_6,train/std,225280,1.1628612279891968
PPO_6,train/std,227328,1.1662338972091675
PPO_6,train/std,229376,1.1648714542388916
PPO_6,train/std,231424,1.1666544675827026
PPO_6,train/std,233472,1.1699244976043701
PPO_6,train/std,235520,1.1720051765441895
PPO_6,train/std,237568,1.1765497922897339
PPO_6,train/std,239616,1.1792030334472656
PPO_6,train/std,241664,1.1801544427871704
PPO_6,train/std,243712,1.1814662218093872
PPO_6,train/std,245760,1.1832813024520874
PPO_6,train/std,247808,1.1866252422332764
PPO_6,train/std,249856,1.1864556074142456
PPO_6,train/std,251904,1.1901949644088745
PPO_6,train/std,253952,1.1949611902236938
PPO_6,train/std,256000,1.1946690082550049
PPO_6,train/std,258048,1.1940921545028687
PPO_6,train/std,260096,1.194972276687622
PPO_6,train/std,262144,1.1979931592941284
PPO_6,train/std,264192,1.200771689414978
PPO_6,train/std,266240,1.20216703414917
PPO_6,train/std,268288,1.206217646598816
PPO_6,train/std,270336,1.2089240550994873
PPO_6,train/std,272384,1.2122153043746948
PPO_6,train/std,274432,1.214097023010254
PPO_6,train/std,276480,1.2145205736160278
PPO_6,train/std,278528,1.2183035612106323
PPO_6,train/std,280576,1.222395896911621
PPO_6,train/std,282624,1.2228929996490479
PPO_6,train/std,284672,1.2241002321243286
PPO_6,train/std,286720,1.2261590957641602
PPO_6,train/std,288768,1.2267016172409058
PPO_6,train/std,290816,1.2311525344848633
PPO_6,train/std,292864,1.2341947555541992
PPO_6,train/std,294912,1.2364311218261719
PPO_6,train/std,296960,1.2378709316253662
PPO_6,train/std,299008,1.2395966053009033
PPO_6,train/std,301056,1.2410094738006592
PPO_6,train/value_loss,4096,0.3012010157108307
PPO_6,train/value_loss,6144,0.04059651866555214
PPO_6,train/value_loss,8192,0.025966914370656013
PPO_6,train/value_loss,10240,0.8437569737434387
PPO_6,train/value_loss,12288,0.03139588236808777
PPO_6,train/value_loss,14336,0.025335827842354774
PPO_6,train/value_loss,16384,0.0661342442035675
PPO_6,train/value_loss,18432,0.025515107437968254
PPO_6,train/value_loss,20480,0.018774420022964478
PPO_6,train/value_loss,22528,0.011554566211998463
PPO_6,train/value_loss,24576,0.06481529772281647
PPO_6,train/value_loss,26624,0.00845681969076395
PPO_6,train/value_loss,28672,0.008468014188110828
PPO_6,train/value_loss,30720,0.1385459005832672
PPO_6,train/value_loss,32768,0.009914316236972809
PPO_6,train/value_loss,34816,0.008346444927155972
PPO_6,train/value_loss,36864,0.005045691505074501
PPO_6,train/value_loss,38912,0.007327683735638857
PPO_6,train/value_loss,40960,0.006176572758704424
PPO_6,train/value_loss,43008,0.0032591107301414013
PPO_6,train/value_loss,45056,0.08885318785905838
PPO_6,train/value_loss,47104,0.08789350837469101
PPO_6,train/value_loss,49152,0.07730772346258163
PPO_6,train/value_loss,51200,0.007128171622753143
PPO_6,train/value_loss,53248,0.010334618389606476
PPO_6,train/value_loss,55296,0.021348945796489716
PPO_6,train/value_loss,57344,0.09285223484039307
PPO_6,train/value_loss,59392,0.02055404894053936
PPO_6,train/value_loss,61440,0.006167636718600988
PPO_6,train/value_loss,63488,0.005789872724562883
PPO_6,train/value_loss,65536,0.005693168379366398
PPO_6,train/value_loss,67584,0.008097458630800247
PPO_6,train/value_loss,69632,0.007263164035975933
PPO_6,train/value_loss,71680,0.0038117310032248497
PPO_6,train/value_loss,73728,0.002826401963829994
PPO_6,train/value_loss,75776,0.0036547931376844645
PPO_6,train/value_loss,77824,0.002885228954255581
PPO_6,train/value_loss,79872,0.045547954738140106
PPO_6,train/value_loss,81920,0.004722766578197479
PPO_6,train/value_loss,83968,0.005281660705804825
PPO_6,train/value_loss,86016,0.0031417699065059423
PPO_6,train/value_loss,88064,0.07637262344360352
PPO_6,train/value_loss,90112,0.05808429792523384
PPO_6,train/value_loss,92160,0.030017437413334846
PPO_6,train/value_loss,94208,0.00948161818087101
PPO_6,train/value_loss,96256,0.015842324122786522
PPO_6,train/value_loss,98304,0.011259019374847412
PPO_6,train/value_loss,100352,0.0037446022033691406
PPO_6,train/value_loss,102400,0.0026627755723893642
PPO_6,train/value_loss,104448,0.0029972558841109276
PPO_6,train/value_loss,106496,0.0033503228332847357
PPO_6,train/value_loss,108544,0.06988611072301865
PPO_6,train/value_loss,110592,0.003975418396294117
PPO_6,train/value_loss,112640,0.0034468621015548706
PPO_6,train/value_loss,114688,0.0027173154521733522
PPO_6,train/value_loss,116736,0.0035735033452510834
PPO_6,train/value_loss,118784,0.0022421577014029026
PPO_6,train/value_loss,120832,0.0028819688595831394
PPO_6,train/value_loss,122880,0.046567339450120926
PPO_6,train/value_loss,124928,0.05274023860692978
PPO_6,train/value_loss,126976,0.04040440544486046
PPO_6,train/value_loss,129024,0.00530344108119607
PPO_6,train/value_loss,131072,0.00451767910271883
PPO_6,train/value_loss,133120,0.01740051805973053
PPO_6,train/value_loss,135168,0.004249162971973419
PPO_6,train/value_loss,137216,0.0024385962169617414
PPO_6,train/value_loss,139264,0.019277913495898247
PPO_6,train/value_loss,141312,0.002211362821981311
PPO_6,train/value_loss,143360,0.0751238614320755
PPO_6,train/value_loss,145408,0.007944908924400806
PPO_6,train/value_loss,147456,0.027324367314577103
PPO_6,train/value_loss,149504,0.019731728360056877
PPO_6,train/value_loss,151552,0.0029130661860108376
PPO_6,train/value_loss,153600,0.004977577831596136
PPO_6,train/value_loss,155648,0.010603999719023705
PPO_6,train/value_loss,157696,0.0019535250030457973
PPO_6,train/value_loss,159744,0.003003048012033105
PPO_6,train/value_loss,161792,0.015873080119490623
PPO_6,train/value_loss,163840,0.06532115489244461
PPO_6,train/value_loss,165888,0.003548733191564679
PPO_6,train/value_loss,167936,0.0029736494179815054
PPO_6,train/value_loss,169984,0.003488036571070552
PPO_6,train/value_loss,172032,0.002418279182165861
PPO_6,train/value_loss,174080,0.01957831345498562
PPO_6,train/value_loss,176128,0.0021806007716804743
PPO_6,train/value_loss,178176,0.0034264184068888426
PPO_6,train/value_loss,180224,0.0020500465761870146
PPO_6,train/value_loss,182272,0.017043767496943474
PPO_6,train/value_loss,184320,0.03628994897007942
PPO_6,train/value_loss,186368,0.0034018107689917088
PPO_6,train/value_loss,188416,0.0015306792920455337
PPO_6,train/value_loss,190464,0.0016532992012798786
PPO_6,train/value_loss,192512,0.0029228758066892624
PPO_6,train/value_loss,194560,0.003034452209249139
PPO_6,train/value_loss,196608,0.0029761334881186485
PPO_6,train/value_loss,198656,0.0033720077481120825
PPO_6,train/value_loss,200704,0.010673556476831436
PPO_6,train/value_loss,202752,0.001007573795504868
PPO_6,train/value_loss,204800,0.0020020930096507072
PPO_6,train/value_loss,206848,0.0016259526601061225
PPO_6,train/value_loss,208896,0.003605643752962351
PPO_6,train/value_loss,210944,0.031166357919573784
PPO_6,train/value_loss,212992,0.01619526371359825
PPO_6,train/value_loss,215040,0.0017310588154941797
PPO_6,train/value_loss,217088,0.001974570332095027
PPO_6,train/value_loss,219136,0.0038376390002667904
PPO_6,train/value_loss,221184,0.0035035358741879463
PPO_6,train/value_loss,223232,0.0009383305441588163
PPO_6,train/value_loss,225280,0.00274017546325922
PPO_6,train/value_loss,227328,0.0018101545283570886
PPO_6,train/value_loss,229376,0.010338293388485909
PPO_6,train/value_loss,231424,0.08472998440265656
PPO_6,train/value_loss,233472,0.003361145965754986
PPO_6,train/value_loss,235520,0.019963301718235016
PPO_6,train/value_loss,237568,0.0020768798422068357
PPO_6,train/value_loss,239616,0.0021330653689801693
PPO_6,train/value_loss,241664,0.0020329169929027557
PPO_6,train/value_loss,243712,0.003524436615407467
PPO_6,train/value_loss,245760,0.004370854236185551
PPO_6,train/value_loss,247808,0.001389683224260807
PPO_6,train/value_loss,249856,0.0014448018046095967
PPO_6,train/value_loss,251904,0.001682240515947342
PPO_6,train/value_loss,253952,0.002323553431779146
PPO_6,train/value_loss,256000,0.010168511420488358
PPO_6,train/value_loss,258048,0.04439564421772957
PPO_6,train/value_loss,260096,0.0037351998034864664
PPO_6,train/value_loss,262144,0.009039194323122501
PPO_6,train/value_loss,264192,0.005481146741658449
PPO_6,train/value_loss,266240,0.049674175679683685
PPO_6,train/value_loss,268288,0.0015966390492394567
PPO_6,train/value_loss,270336,0.006777212489396334
PPO_6,train/value_loss,272384,0.008790111169219017
PPO_6,train/value_loss,274432,0.0016867450904101133
PPO_6,train/value_loss,276480,0.011125355958938599
PPO_6,train/value_loss,278528,0.0050941212102770805
PPO_6,train/value_loss,280576,0.0029136063531041145
PPO_6,train/value_loss,282624,0.003168355207890272
PPO_6,train/value_loss,284672,0.001521078054793179
PPO_6,train/value_loss,286720,0.003337719477713108
PPO_6,train/value_loss,288768,0.02276015654206276
PPO_6,train/value_loss,290816,0.009507693350315094
PPO_6,train/value_loss,292864,0.0030507026240229607
PPO_6,train/value_loss,294912,0.0034687628503888845
PPO_6,train/value_loss,296960,0.019334128126502037
PPO_6,train/value_loss,299008,0.0012749461457133293
PPO_6,train/value_loss,301056,0.0021943903993815184
PPO_7,time/fps,2048,1622.0
PPO_7,time/fps,4096,1524.0
PPO_7,time/fps,6144,1494.0
PPO_7,time/fps,8192,1481.0
PPO_7,time/fps,10240,1469.0
PPO_7,time/fps,12288,1462.0
PPO_7,time/fps,14336,1456.0
PPO_7,time/fps,16384,1452.0
PPO_7,time/fps,18432,1449.0
PPO_7,time/fps,20480,1447.0
PPO_7,time/fps,22528,1444.0
PPO_7,time/fps,24576,1442.0
PPO_7,time/fps,26624,1440.0
PPO_7,time/fps,28672,1438.0
PPO_7,time/fps,30720,1437.0
PPO_7,time/fps,32768,1436.0
PPO_7,time/fps,34816,1435.0
PPO_7,time/fps,36864,1431.0
PPO_7,time/fps,38912,1430.0
PPO_7,time/fps,40960,1427.0
PPO_7,time/fps,43008,1427.0
PPO_7,time/fps,45056,1426.0
PPO_7,time/fps,47104,1426.0
PPO_7,time/fps,49152,1425.0
PPO_7,time/fps,51200,1425.0
PPO_7,time/fps,53248,1425.0
PPO_7,time/fps,55296,1425.0
PPO_7,time/fps,57344,1424.0
PPO_7,time/fps,59392,1423.0
PPO_7,time/fps,61440,1421.0
PPO_7,time/fps,63488,1420.0
PPO_7,time/fps,65536,1420.0
PPO_7,time/fps,67584,1417.0
PPO_7,time/fps,69632,1415.0
PPO_7,time/fps,71680,1415.0
PPO_7,time/fps,73728,1415.0
PPO_7,time/fps,75776,1414.0
PPO_7,time/fps,77824,1414.0
PPO_7,time/fps,79872,1413.0
PPO_7,time/fps,81920,1413.0
PPO_7,time/fps,83968,1412.0
PPO_7,time/fps,86016,1412.0
PPO_7,time/fps,88064,1412.0
PPO_7,time/fps,90112,1411.0
PPO_7,time/fps,92160,1408.0
PPO_7,time/fps,94208,1407.0
PPO_7,time/fps,96256,1406.0
PPO_7,time/fps,98304,1407.0
PPO_7,time/fps,100352,1407.0
PPO_7,time/fps,102400,1408.0
PPO_7,time/fps,104448,1408.0
PPO_7,time/fps,106496,1406.0
PPO_7,time/fps,108544,1406.0
PPO_7,time/fps,110592,1406.0
PPO_7,time/fps,112640,1406.0
PPO_7,time/fps,114688,1406.0
PPO_7,time/fps,116736,1406.0
PPO_7,time/fps,118784,1406.0
PPO_7,time/fps,120832,1407.0
PPO_7,time/fps,122880,1407.0
PPO_7,time/fps,124928,1406.0
PPO_7,time/fps,126976,1407.0
PPO_7,time/fps,129024,1404.0
PPO_7,time/fps,131072,1400.0
PPO_7,time/fps,133120,1400.0
PPO_7,time/fps,135168,1401.0
PPO_7,time/fps,137216,1401.0
PPO_7,time/fps,139264,1401.0
PPO_7,time/fps,141312,1401.0
PPO_7,time/fps,143360,1401.0
PPO_7,time/fps,145408,1402.0
PPO_7,time/fps,147456,1402.0
PPO_7,time/fps,149504,1402.0
PPO_7,time/fps,151552,1402.0
PPO_7,time/fps,153600,1403.0
PPO_7,time/fps,155648,1403.0
PPO_7,time/fps,157696,1401.0
PPO_7,time/fps,159744,1399.0
PPO_7,time/fps,161792,1397.0
PPO_7,time/fps,163840,1396.0
PPO_7,time/fps,165888,1394.0
PPO_7,time/fps,167936,1394.0
PPO_7,time/fps,169984,1393.0
PPO_7,time/fps,172032,1391.0
PPO_7,time/fps,174080,1389.0
PPO_7,time/fps,176128,1389.0
PPO_7,time/fps,178176,1388.0
PPO_7,time/fps,180224,1388.0
PPO_7,time/fps,182272,1388.0
PPO_7,time/fps,184320,1388.0
PPO_7,time/fps,186368,1389.0
PPO_7,time/fps,188416,1389.0
PPO_7,time/fps,190464,1389.0
PPO_7,time/fps,192512,1390.0
PPO_7,time/fps,194560,1389.0
PPO_7,time/fps,196608,1388.0
PPO_7,time/fps,198656,1388.0
PPO_7,time/fps,200704,1388.0
PPO_7,time/fps,202752,1388.0
PPO_7,time/fps,204800,1388.0
PPO_7,time/fps,206848,1388.0
PPO_7,time/fps,208896,1388.0
PPO_7,time/fps,210944,1388.0
PPO_7,time/fps,212992,1388.0
PPO_7,time/fps,215040,1388.0
PPO_7,time/fps,217088,1389.0
PPO_7,time/fps,219136,1389.0
PPO_7,time/fps,221184,1389.0
PPO_7,time/fps,223232,1390.0
PPO_7,time/fps,225280,1390.0
PPO_7,time/fps,227328,1390.0
PPO_7,time/fps,229376,1390.0
PPO_7,time/fps,231424,1391.0
PPO_7,time/fps,233472,1391.0
PPO_7,time/fps,235520,1391.0
PPO_7,time/fps,237568,1391.0
PPO_7,time/fps,239616,1391.0
PPO_7,time/fps,241664,1391.0
PPO_7,time/fps,243712,1391.0
PPO_7,time/fps,245760,1389.0
PPO_7,time/fps,247808,1390.0
PPO_7,time/fps,249856,1390.0
PPO_7,time/fps,251904,1390.0
PPO_7,time/fps,253952,1390.0
PPO_7,time/fps,256000,1390.0
PPO_7,time/fps,258048,1390.0
PPO_7,time/fps,260096,1391.0
PPO_7,time/fps,262144,1391.0
PPO_7,time/fps,264192,1391.0
PPO_7,time/fps,266240,1392.0
PPO_7,time/fps,268288,1392.0
PPO_7,time/fps,270336,1392.0
PPO_7,time/fps,272384,1393.0
PPO_7,time/fps,274432,1393.0
PPO_7,time/fps,276480,1393.0
PPO_7,time/fps,278528,1393.0
PPO_7,time/fps,280576,1393.0
PPO_7,time/fps,282624,1394.0
PPO_7,time/fps,284672,1394.0
PPO_7,time/fps,286720,1394.0
PPO_7,time/fps,288768,1394.0
PPO_7,time/fps,290816,1395.0
PPO_7,time/fps,292864,1395.0
PPO_7,time/fps,294912,1395.0
PPO_7,time/fps,296960,1395.0
PPO_7,time/fps,299008,1395.0
PPO_7,time/fps,301056,1394.0
PPO_7,train/approx_kl,4096,0.012192689813673496
PPO_7,train/approx_kl,6144,0.014429149217903614
PPO_7,train/approx_kl,8192,0.015333826653659344
PPO_7,train/approx_kl,10240,0.014366347342729568
PPO_7,train/approx_kl,12288,0.015922339633107185
PPO_7,train/approx_kl,14336,0.01317734457552433
PPO_7,train/approx_kl,16384,0.012339072301983833
PPO_7,train/approx_kl,18432,0.013444105163216591
PPO_7,train/approx_kl,20480,0.014611690305173397
PPO_7,train/approx_kl,22528,0.014329923316836357
PPO_7,train/approx_kl,24576,0.01566990837454796
PPO_7,train/approx_kl,26624,0.017622558400034904
PPO_7,train/approx_kl,28672,0.014608683995902538
PPO_7,train/approx_kl,30720,0.015066936612129211
PPO_7,train/approx_kl,32768,0.01665448024868965
PPO_7,train/approx_kl,34816,0.015531954355537891
PPO_7,train/approx_kl,36864,0.016447648406028748
PPO_7,train/approx_kl,38912,0.015496300533413887
PPO_7,train/approx_kl,40960,0.017139963805675507
PPO_7,train/approx_kl,43008,0.016881819814443588
PPO_7,train/approx_kl,45056,0.015034684911370277
PPO_7,train/approx_kl,47104,0.014577439986169338
PPO_7,train/approx_kl,49152,0.016063913702964783
PPO_7,train/approx_kl,51200,0.016691328957676888
PPO_7,train/approx_kl,53248,0.015556063503026962
PPO_7,train/approx_kl,55296,0.013633143156766891
PPO_7,train/approx_kl,57344,0.01707042008638382
PPO_7,train/approx_kl,59392,0.014854226261377335
PPO_7,train/approx_kl,61440,0.01503018755465746
PPO_7,train/approx_kl,63488,0.01547279953956604
PPO_7,train/approx_kl,65536,0.015536390244960785
PPO_7,train/approx_kl,67584,0.019023220986127853
PPO_7,train/approx_kl,69632,0.01748735085129738
PPO_7,train/approx_kl,71680,0.016760297119617462
PPO_7,train/approx_kl,73728,0.01654747873544693
PPO_7,train/approx_kl,75776,0.016100089997053146
PPO_7,train/approx_kl,77824,0.01684502512216568
PPO_7,train/approx_kl,79872,0.018590807914733887
PPO_7,train/approx_kl,81920,0.018903806805610657
PPO_7,train/approx_kl,83968,0.016208546236157417
PPO_7,train/approx_kl,86016,0.01578645408153534
PPO_7,train/approx_kl,88064,0.01754671148955822
PPO_7,train/approx_kl,90112,0.01537998951971531
PPO_7,train/approx_kl,92160,0.016614072024822235
PPO_7,train/approx_kl,94208,0.018324870616197586
PPO_7,train/approx_kl,96256,0.01743401400744915
PPO_7,train/approx_kl,98304,0.017814762890338898
PPO_7,train/approx_kl,100352,0.01818212866783142
PPO_7,train/approx_kl,102400,0.018539167940616608
PPO_7,train/approx_kl,104448,0.01816381886601448
PPO_7,train/approx_kl,106496,0.018450461328029633
PPO_7,train/approx_kl,108544,0.018746592104434967
PPO_7,train/approx_kl,110592,0.017954358831048012
PPO_7,train/approx_kl,112640,0.019580364227294922
PPO_7,train/approx_kl,114688,0.015425596386194229
PPO_7,train/approx_kl,116736,0.016753854230046272
PPO_7,train/approx_kl,118784,0.018318548798561096
PPO_7,train/approx_kl,120832,0.018310241401195526
PPO_7,train/approx_kl,122880,0.019411951303482056
PPO_7,train/approx_kl,124928,0.020269963890314102
PPO_7,train/approx_kl,126976,0.01875055581331253
PPO_7,train/approx_kl,129024,0.017458360642194748
PPO_7,train/approx_kl,131072,0.01834498718380928
PPO_7,train/approx_kl,133120,0.02062140218913555
PPO_7,train/approx_kl,135168,0.017864186316728592
PPO_7,train/approx_kl,137216,0.01604841835796833
PPO_7,train/approx_kl,139264,0.017278209328651428
PPO_7,train/approx_kl,141312,0.021242942661046982
PPO_7,train/approx_kl,143360,0.01678793877363205
PPO_7,train/approx_kl,145408,0.01743466779589653
PPO_7,train/approx_kl,147456,0.01860649697482586
PPO_7,train/approx_kl,149504,0.018737658858299255
PPO_7,train/approx_kl,151552,0.01812487468123436
PPO_7,train/approx_kl,153600,0.01944725587964058
PPO_7,train/approx_kl,155648,0.01856038346886635
PPO_7,train/approx_kl,157696,0.02107147127389908
PPO_7,train/approx_kl,159744,0.01866007037460804
PPO_7,train/approx_kl,161792,0.018656287342309952
PPO_7,train/approx_kl,163840,0.019158117473125458
PPO_7,train/approx_kl,165888,0.018895961344242096
PPO_7,train/approx_kl,167936,0.01875254139304161
PPO_7,train/approx_kl,169984,0.018769297748804092
PPO_7,train/approx_kl,172032,0.0224149227142334
PPO_7,train/approx_kl,174080,0.01989559642970562
PPO_7,train/approx_kl,176128,0.01775028556585312
PPO_7,train/approx_kl,178176,0.019360167905688286
PPO_7,train/approx_kl,180224,0.019652843475341797
PPO_7,train/approx_kl,182272,0.01879732683300972
PPO_7,train/approx_kl,184320,0.01815502718091011
PPO_7,train/approx_kl,186368,0.0201710257679224
PPO_7,train/approx_kl,188416,0.017844751477241516
PPO_7,train/approx_kl,190464,0.017948903143405914
PPO_7,train/approx_kl,192512,0.02008838579058647
PPO_7,train/approx_kl,194560,0.018186867237091064
PPO_7,train/approx_kl,196608,0.019606761634349823
PPO_7,train/approx_kl,198656,0.017715459689497948
PPO_7,train/approx_kl,200704,0.01850949414074421
PPO_7,train/approx_kl,202752,0.01740546151995659
PPO_7,train/approx_kl,204800,0.01865202561020851
PPO_7,train/approx_kl,206848,0.020232290029525757
PPO_7,train/approx_kl,208896,0.02011406049132347
PPO_7,train/approx_kl,210944,0.018221009522676468
PPO_7,train/approx_kl,212992,0.018365630879998207
PPO_7,train/approx_kl,215040,0.019624661654233932
PPO_7,train/approx_kl,217088,0.017623770982027054
PPO_7,train/approx_kl,219136,0.019369101151823997
PPO_7,train/approx_kl,221184,0.019554050639271736
PPO_7,train/approx_kl,223232,0.019611595198512077
PPO_7,train/approx_kl,225280,0.020181912928819656
PPO_7,train/approx_kl,227328,0.017101990059018135
PPO_7,train/approx_kl,229376,0.019267775118350983
PPO_7,train/approx_kl,231424,0.0157322958111763
PPO_7,train/approx_kl,233472,0.021583829075098038
PPO_7,train/approx_kl,235520,0.019397616386413574
PPO_7,train/approx_kl,237568,0.019103355705738068
PPO_7,train/approx_kl,239616,0.021970923990011215
PPO_7,train/approx_kl,241664,0.021920476108789444
PPO_7,train/approx_kl,243712,0.021000009030103683
PPO_7,train/approx_kl,245760,0.020426079630851746
PPO_7,train/approx_kl,247808,0.018366092815995216
PPO_7,train/approx_kl,249856,0.018257953226566315
PPO_7,train/approx_kl,251904,0.01825793646275997
PPO_7,train/approx_kl,253952,0.020599620416760445
PPO_7,train/approx_kl,256000,0.020050890743732452
PPO_7,train/approx_kl,258048,0.02092108316719532
PPO_7,train/approx_kl,260096,0.018246550112962723
PPO_7,train/approx_kl,262144,0.01927231438457966
PPO_7,train/approx_kl,264192,0.018757760524749756
PPO_7,train/approx_kl,266240,0.021514032036066055
PPO_7,train/approx_kl,268288,0.019444704055786133
PPO_7,train/approx_kl,270336,0.01990499347448349
PPO_7,train/approx_kl,272384,0.02042597346007824
PPO_7,train/approx_kl,274432,0.0185784250497818
PPO_7,train/approx_kl,276480,0.020201079547405243
PPO_7,train/approx_kl,278528,0.018109222874045372
PPO_7,train/approx_kl,280576,0.016270557418465614
PPO_7,train/approx_kl,282624,0.01818663999438286
PPO_7,train/approx_kl,284672,0.02060820907354355
PPO_7,train/approx_kl,286720,0.01910337060689926
PPO_7,train/approx_kl,288768,0.01664883829653263
PPO_7,train/approx_kl,290816,0.02008126862347126
PPO_7,train/approx_kl,292864,0.01859714463353157
PPO_7,train/approx_kl,294912,0.021279457956552505
PPO_7,train/approx_kl,296960,0.020507730543613434
PPO_7,train/approx_kl,299008,0.017971038818359375
PPO_7,train/approx_kl,301056,0.021773502230644226
PPO_7,train/clip_fraction,4096,0.11245117336511612
PPO_7,train/clip_fraction,6144,0.13100585341453552
PPO_7,train/clip_fraction,8192,0.12456054985523224
PPO_7,train/clip_fraction,10240,0.14619140326976776
PPO_7,train/clip_fraction,12288,0.14536133408546448
PPO_7,train/clip_fraction,14336,0.109375
PPO_7,train/clip_fraction,16384,0.09941406548023224
PPO_7,train/clip_fraction,18432,0.13017578423023224
PPO_7,train/clip_fraction,20480,0.12895508110523224
PPO_7,train/clip_fraction,22528,0.14223632216453552
PPO_7,train/clip_fraction,24576,0.15561524033546448
PPO_7,train/clip_fraction,26624,0.17368164658546448
PPO_7,train/clip_fraction,28672,0.12338867038488388
PPO_7,train/clip_fraction,30720,0.15058593451976776
PPO_7,train/clip_fraction,32768,0.17617186903953552
PPO_7,train/clip_fraction,34816,0.14521484076976776
PPO_7,train/clip_fraction,36864,0.16806641221046448
PPO_7,train/clip_fraction,38912,0.160400390625
PPO_7,train/clip_fraction,40960,0.17280273139476776
PPO_7,train/clip_fraction,43008,0.16132812201976776
PPO_7,train/clip_fraction,45056,0.15283203125
PPO_7,train/clip_fraction,47104,0.14340820908546448
PPO_7,train/clip_fraction,49152,0.15659180283546448
PPO_7,train/clip_fraction,51200,0.16606445610523224
PPO_7,train/clip_fraction,53248,0.15683594346046448
PPO_7,train/clip_fraction,55296,0.14663085341453552
PPO_7,train/clip_fraction,57344,0.17670898139476776
PPO_7,train/clip_fraction,59392,0.13886718451976776
PPO_7,train/clip_fraction,61440,0.14956054091453552
PPO_7,train/clip_fraction,63488,0.15400390326976776
PPO_7,train/clip_fraction,65536,0.15859374403953552
PPO_7,train/clip_fraction,67584,0.18671874701976776
PPO_7,train/clip_fraction,69632,0.15810546278953552
PPO_7,train/clip_fraction,71680,0.17919921875
PPO_7,train/clip_fraction,73728,0.15668945014476776
PPO_7,train/clip_fraction,75776,0.17392578721046448
PPO_7,train/clip_fraction,77824,0.18496093153953552
PPO_7,train/clip_fraction,79872,0.18710938096046448
PPO_7,train/clip_fraction,81920,0.17910155653953552
PPO_7,train/clip_fraction,83968,0.18037109076976776
PPO_7,train/clip_fraction,86016,0.17905274033546448
PPO_7,train/clip_fraction,88064,0.18486328423023224
PPO_7,train/clip_fraction,90112,0.14785155653953552
PPO_7,train/clip_fraction,92160,0.16655273735523224
PPO_7,train/clip_fraction,94208,0.18046875298023224
PPO_7,train/clip_fraction,96256,0.16733399033546448
PPO_7,train/clip_fraction,98304,0.19062499701976776
PPO_7,train/clip_fraction,100352,0.18950195610523224
PPO_7,train/clip_fraction,102400,0.17880859971046448
PPO_7,train/clip_fraction,104448,0.19052734971046448
PPO_7,train/clip_fraction,106496,0.18559570610523224
PPO_7,train/clip_fraction,108544,0.18027344346046448
PPO_7,train/clip_fraction,110592,0.17866210639476776
PPO_7,train/clip_fraction,112640,0.21137695014476776
PPO_7,train/clip_fraction,114688,0.16147461533546448
PPO_7,train/clip_fraction,116736,0.17563477158546448
PPO_7,train/clip_fraction,118784,0.17695312201976776
PPO_7,train/clip_fraction,120832,0.18471679091453552
PPO_7,train/clip_fraction,122880,0.19648437201976776
PPO_7,train/clip_fraction,124928,0.18569335341453552
PPO_7,train/clip_fraction,126976,0.19106444716453552
PPO_7,train/clip_fraction,129024,0.17812499403953552
PPO_7,train/clip_fraction,131072,0.18520507216453552
PPO_7,train/clip_fraction,133120,0.19638672471046448
PPO_7,train/clip_fraction,135168,0.16484375298023224
PPO_7,train/clip_fraction,137216,0.17412109673023224
PPO_7,train/clip_fraction,139264,0.17329101264476776
PPO_7,train/clip_fraction,141312,0.19643554091453552
PPO_7,train/clip_fraction,143360,0.14501953125
PPO_7,train/clip_fraction,145408,0.18393555283546448
PPO_7,train/clip_fraction,147456,0.17709961533546448
PPO_7,train/clip_fraction,149504,0.18906250596046448
PPO_7,train/clip_fraction,151552,0.18486328423023224
PPO_7,train/clip_fraction,153600,0.19091796875
PPO_7,train/clip_fraction,155648,0.186279296875
PPO_7,train/clip_fraction,157696,0.19633789360523224
PPO_7,train/clip_fraction,159744,0.17153319716453552
PPO_7,train/clip_fraction,161792,0.19614258408546448
PPO_7,train/clip_fraction,163840,0.19013671576976776
PPO_7,train/clip_fraction,165888,0.19257812201976776
PPO_7,train/clip_fraction,167936,0.18486328423023224
PPO_7,train/clip_fraction,169984,0.18022461235523224
PPO_7,train/clip_fraction,172032,0.21464844048023224
PPO_7,train/clip_fraction,174080,0.19121094048023224
PPO_7,train/clip_fraction,176128,0.19370117783546448
PPO_7,train/clip_fraction,178176,0.18496093153953552
PPO_7,train/clip_fraction,180224,0.20522460341453552
PPO_7,train/clip_fraction,182272,0.19501952826976776
PPO_7,train/clip_fraction,184320,0.18471679091453552
PPO_7,train/clip_fraction,186368,0.18452148139476776
PPO_7,train/clip_fraction,188416,0.18955078721046448
PPO_7,train/clip_fraction,190464,0.17705078423023224
PPO_7,train/clip_fraction,192512,0.20512695610523224
PPO_7,train/clip_fraction,194560,0.18154296278953552
PPO_7,train/clip_fraction,196608,0.19370117783546448
PPO_7,train/clip_fraction,198656,0.16743163764476776
PPO_7,train/clip_fraction,200704,0.19003906846046448
PPO_7,train/clip_fraction,202752,0.16972656548023224
PPO_7,train/clip_fraction,204800,0.18935546278953552
PPO_7,train/clip_fraction,206848,0.20791015028953552
PPO_7,train/clip_fraction,208896,0.1943359375
PPO_7,train/clip_fraction,210944,0.19580078125
PPO_7,train/clip_fraction,212992,0.177490234375
PPO_7,train/clip_fraction,215040,0.17924804985523224
PPO_7,train/clip_fraction,217088,0.17866210639476776
PPO_7,train/clip_fraction,219136,0.18789061903953552
PPO_7,train/clip_fraction,221184,0.18012695014476776
PPO_7,train/clip_fraction,223232,0.20068359375
PPO_7,train/clip_fraction,225280,0.20717772841453552
PPO_7,train/clip_fraction,227328,0.15322265028953552
PPO_7,train/clip_fraction,229376,0.18642577528953552
PPO_7,train/clip_fraction,231424,0.14370116591453552
PPO_7,train/clip_fraction,233472,0.21132811903953552
PPO_7,train/clip_fraction,235520,0.19082030653953552
PPO_7,train/clip_fraction,237568,0.18754883110523224
PPO_7,train/clip_fraction,239616,0.21665039658546448
PPO_7,train/clip_fraction,241664,0.21064452826976776
PPO_7,train/clip_fraction,243712,0.20673827826976776
PPO_7,train/clip_fraction,245760,0.19072265923023224
PPO_7,train/clip_fraction,247808,0.18378905951976776
PPO_7,train/clip_fraction,249856,0.17666015028953552
PPO_7,train/clip_fraction,251904,0.19033202528953552
PPO_7,train/clip_fraction,253952,0.20649413764476776
PPO_7,train/clip_fraction,256000,0.19370117783546448
PPO_7,train/clip_fraction,258048,0.20551757514476776
PPO_7,train/clip_fraction,260096,0.16181640326976776
PPO_7,train/clip_fraction,262144,0.17583008110523224
PPO_7,train/clip_fraction,264192,0.19785156846046448
PPO_7,train/clip_fraction,266240,0.19570311903953552
PPO_7,train/clip_fraction,268288,0.20444336533546448
PPO_7,train/clip_fraction,270336,0.19370117783546448
PPO_7,train/clip_fraction,272384,0.19492188096046448
PPO_7,train/clip_fraction,274432,0.16547851264476776
PPO_7,train/clip_fraction,276480,0.21250000596046448
PPO_7,train/clip_fraction,278528,0.17304687201976776
PPO_7,train/clip_fraction,280576,0.15771484375
PPO_7,train/clip_fraction,282624,0.163818359375
PPO_7,train/clip_fraction,284672,0.19550780951976776
PPO_7,train/clip_fraction,286720,0.19121094048023224
PPO_7,train/clip_fraction,288768,0.16875000298023224
PPO_7,train/clip_fraction,290816,0.19106444716453552
PPO_7,train/clip_fraction,292864,0.1767578125
PPO_7,train/clip_fraction,294912,0.18745116889476776
PPO_7,train/clip_fraction,296960,0.20429687201976776
PPO_7,train/clip_fraction,299008,0.16879883408546448
PPO_7,train/clip_fraction,301056,0.20488281548023224
PPO_7,train/clip_range,4096,0.20000000298023224
PPO_7,train/clip_range,6144,0.20000000298023224
PPO_7,train/clip_range,8192,0.20000000298023224
PPO_7,train/clip_range,10240,0.20000000298023224
PPO_7,train/clip_range,12288,0.20000000298023224
PPO_7,train/clip_range,14336,0.20000000298023224
PPO_7,train/clip_range,16384,0.20000000298023224
PPO_7,train/clip_range,18432,0.20000000298023224
PPO_7,train/clip_range,20480,0.20000000298023224
PPO_7,train/clip_range,22528,0.20000000298023224
PPO_7,train/clip_range,24576,0.20000000298023224
PPO_7,train/clip_range,26624,0.20000000298023224
PPO_7,train/clip_range,28672,0.20000000298023224
PPO_7,train/clip_range,30720,0.20000000298023224
PPO_7,train/clip_range,32768,0.20000000298023224
PPO_7,train/clip_range,34816,0.20000000298023224
PPO_7,train/clip_range,36864,0.20000000298023224
PPO_7,train/clip_range,38912,0.20000000298023224
PPO_7,train/clip_range,40960,0.20000000298023224
PPO_7,train/clip_range,43008,0.20000000298023224
PPO_7,train/clip_range,45056,0.20000000298023224
PPO_7,train/clip_range,47104,0.20000000298023224
PPO_7,train/clip_range,49152,0.20000000298023224
PPO_7,train/clip_range,51200,0.20000000298023224
PPO_7,train/clip_range,53248,0.20000000298023224
PPO_7,train/clip_range,55296,0.20000000298023224
PPO_7,train/clip_range,57344,0.20000000298023224
PPO_7,train/clip_range,59392,0.20000000298023224
PPO_7,train/clip_range,61440,0.20000000298023224
PPO_7,train/clip_range,63488,0.20000000298023224
PPO_7,train/clip_range,65536,0.20000000298023224
PPO_7,train/clip_range,67584,0.20000000298023224
PPO_7,train/clip_range,69632,0.20000000298023224
PPO_7,train/clip_range,71680,0.20000000298023224
PPO_7,train/clip_range,73728,0.20000000298023224
PPO_7,train/clip_range,75776,0.20000000298023224
PPO_7,train/clip_range,77824,0.20000000298023224
PPO_7,train/clip_range,79872,0.20000000298023224
PPO_7,train/clip_range,81920,0.20000000298023224
PPO_7,train/clip_range,83968,0.20000000298023224
PPO_7,train/clip_range,86016,0.20000000298023224
PPO_7,train/clip_range,88064,0.20000000298023224
PPO_7,train/clip_range,90112,0.20000000298023224
PPO_7,train/clip_range,92160,0.20000000298023224
PPO_7,train/clip_range,94208,0.20000000298023224
PPO_7,train/clip_range,96256,0.20000000298023224
PPO_7,train/clip_range,98304,0.20000000298023224
PPO_7,train/clip_range,100352,0.20000000298023224
PPO_7,train/clip_range,102400,0.20000000298023224
PPO_7,train/clip_range,104448,0.20000000298023224
PPO_7,train/clip_range,106496,0.20000000298023224
PPO_7,train/clip_range,108544,0.20000000298023224
PPO_7,train/clip_range,110592,0.20000000298023224
PPO_7,train/clip_range,112640,0.20000000298023224
PPO_7,train/clip_range,114688,0.20000000298023224
PPO_7,train/clip_range,116736,0.20000000298023224
PPO_7,train/clip_range,118784,0.20000000298023224
PPO_7,train/clip_range,120832,0.20000000298023224
PPO_7,train/clip_range,122880,0.20000000298023224
PPO_7,train/clip_range,124928,0.20000000298023224
PPO_7,train/clip_range,126976,0.20000000298023224
PPO_7,train/clip_range,129024,0.20000000298023224
PPO_7,train/clip_range,131072,0.20000000298023224
PPO_7,train/clip_range,133120,0.20000000298023224
PPO_7,train/clip_range,135168,0.20000000298023224
PPO_7,train/clip_range,137216,0.20000000298023224
PPO_7,train/clip_range,139264,0.20000000298023224
PPO_7,train/clip_range,141312,0.20000000298023224
PPO_7,train/clip_range,143360,0.20000000298023224
PPO_7,train/clip_range,145408,0.20000000298023224
PPO_7,train/clip_range,147456,0.20000000298023224
PPO_7,train/clip_range,149504,0.20000000298023224
PPO_7,train/clip_range,151552,0.20000000298023224
PPO_7,train/clip_range,153600,0.20000000298023224
PPO_7,train/clip_range,155648,0.20000000298023224
PPO_7,train/clip_range,157696,0.20000000298023224
PPO_7,train/clip_range,159744,0.20000000298023224
PPO_7,train/clip_range,161792,0.20000000298023224
PPO_7,train/clip_range,163840,0.20000000298023224
PPO_7,train/clip_range,165888,0.20000000298023224
PPO_7,train/clip_range,167936,0.20000000298023224
PPO_7,train/clip_range,169984,0.20000000298023224
PPO_7,train/clip_range,172032,0.20000000298023224
PPO_7,train/clip_range,174080,0.20000000298023224
PPO_7,train/clip_range,176128,0.20000000298023224
PPO_7,train/clip_range,178176,0.20000000298023224
PPO_7,train/clip_range,180224,0.20000000298023224
PPO_7,train/clip_range,182272,0.20000000298023224
PPO_7,train/clip_range,184320,0.20000000298023224
PPO_7,train/clip_range,186368,0.20000000298023224
PPO_7,train/clip_range,188416,0.20000000298023224
PPO_7,train/clip_range,190464,0.20000000298023224
PPO_7,train/clip_range,192512,0.20000000298023224
PPO_7,train/clip_range,194560,0.20000000298023224
PPO_7,train/clip_range,196608,0.20000000298023224
PPO_7,train/clip_range,198656,0.20000000298023224
PPO_7,train/clip_range,200704,0.20000000298023224
PPO_7,train/clip_range,202752,0.20000000298023224
PPO_7,train/clip_range,204800,0.20000000298023224
PPO_7,train/clip_range,206848,0.20000000298023224
PPO_7,train/clip_range,208896,0.20000000298023224
PPO_7,train/clip_range,210944,0.20000000298023224
PPO_7,train/clip_range,212992,0.20000000298023224
PPO_7,train/clip_range,215040,0.20000000298023224
PPO_7,train/clip_range,217088,0.20000000298023224
PPO_7,train/clip_range,219136,0.20000000298023224
PPO_7,train/clip_range,221184,0.20000000298023224
PPO_7,train/clip_range,223232,0.20000000298023224
PPO_7,train/clip_range,225280,0.20000000298023224
PPO_7,train/clip_range,227328,0.20000000298023224
PPO_7,train/clip_range,229376,0.20000000298023224
PPO_7,train/clip_range,231424,0.20000000298023224
PPO_7,train/clip_range,233472,0.20000000298023224
PPO_7,train/clip_range,235520,0.20000000298023224
PPO_7,train/clip_range,237568,0.20000000298023224
PPO_7,train/clip_range,239616,0.20000000298023224
PPO_7,train/clip_range,241664,0.20000000298023224
PPO_7,train/clip_range,243712,0.20000000298023224
PPO_7,train/clip_range,245760,0.20000000298023224
PPO_7,train/clip_range,247808,0.20000000298023224
PPO_7,train/clip_range,249856,0.20000000298023224
PPO_7,train/clip_range,251904,0.20000000298023224
PPO_7,train/clip_range,253952,0.20000000298023224
PPO_7,train/clip_range,256000,0.20000000298023224
PPO_7,train/clip_range,258048,0.20000000298023224
PPO_7,train/clip_range,260096,0.20000000298023224
PPO_7,train/clip_range,262144,0.20000000298023224
PPO_7,train/clip_range,264192,0.20000000298023224
PPO_7,train/clip_range,266240,0.20000000298023224
PPO_7,train/clip_range,268288,0.20000000298023224
PPO_7,train/clip_range,270336,0.20000000298023224
PPO_7,train/clip_range,272384,0.20000000298023224
PPO_7,train/clip_range,274432,0.20000000298023224
PPO_7,train/clip_range,276480,0.20000000298023224
PPO_7,train/clip_range,278528,0.20000000298023224
PPO_7,train/clip_range,280576,0.20000000298023224
PPO_7,train/clip_range,282624,0.20000000298023224
PPO_7,train/clip_range,284672,0.20000000298023224
PPO_7,train/clip_range,286720,0.20000000298023224
PPO_7,train/clip_range,288768,0.20000000298023224
PPO_7,train/clip_range,290816,0.20000000298023224
PPO_7,train/clip_range,292864,0.20000000298023224
PPO_7,train/clip_range,294912,0.20000000298023224
PPO_7,train/clip_range,296960,0.20000000298023224
PPO_7,train/clip_range,299008,0.20000000298023224
PPO_7,train/clip_range,301056,0.20000000298023224
PPO_7,train/entropy_loss,4096,-22.73605728149414
PPO_7,train/entropy_loss,6144,-22.771896362304688
PPO_7,train/entropy_loss,8192,-22.77692413330078
PPO_7,train/entropy_loss,10240,-22.799964904785156
PPO_7,train/entropy_loss,12288,-22.825471878051758
PPO_7,train/entropy_loss,14336,-22.848255157470703
PPO_7,train/entropy_loss,16384,-22.874296188354492
PPO_7,train/entropy_loss,18432,-22.90981674194336
PPO_7,train/entropy_loss,20480,-22.919784545898438
PPO_7,train/entropy_loss,22528,-22.931556701660156
PPO_7,train/entropy_loss,24576,-22.966285705566406
PPO_7,train/entropy_loss,26624,-22.975618362426758
PPO_7,train/entropy_loss,28672,-23.008411407470703
PPO_7,train/entropy_loss,30720,-23.041526794433594
PPO_7,train/entropy_loss,32768,-23.05245018005371
PPO_7,train/entropy_loss,34816,-23.078380584716797
PPO_7,train/entropy_loss,36864,-23.10248374938965
PPO_7,train/entropy_loss,38912,-23.115903854370117
PPO_7,train/entropy_loss,40960,-23.15224838256836
PPO_7,train/entropy_loss,43008,-23.190547943115234
PPO_7,train/entropy_loss,45056,-23.22364044189453
PPO_7,train/entropy_loss,47104,-23.240999221801758
PPO_7,train/entropy_loss,49152,-23.269126892089844
PPO_7,train/entropy_loss,51200,-23.271215438842773
PPO_7,train/entropy_loss,53248,-23.266738891601562
PPO_7,train/entropy_loss,55296,-23.281064987182617
PPO_7,train/entropy_loss,57344,-23.306432723999023
PPO_7,train/entropy_loss,59392,-23.334949493408203
PPO_7,train/entropy_loss,61440,-23.350570678710938
PPO_7,train/entropy_loss,63488,-23.368343353271484
PPO_7,train/entropy_loss,65536,-23.369495391845703
PPO_7,train/entropy_loss,67584,-23.401037216186523
PPO_7,train/entropy_loss,69632,-23.463897705078125
PPO_7,train/entropy_loss,71680,-23.49823570251465
PPO_7,train/entropy_loss,73728,-23.519681930541992
PPO_7,train/entropy_loss,75776,-23.545562744140625
PPO_7,train/entropy_loss,77824,-23.56501579284668
PPO_7,train/entropy_loss,79872,-23.56023597717285
PPO_7,train/entropy_loss,81920,-23.562829971313477
PPO_7,train/entropy_loss,83968,-23.566801071166992
PPO_7,train/entropy_loss,86016,-23.568309783935547
PPO_7,train/entropy_loss,88064,-23.577722549438477
PPO_7,train/entropy_loss,90112,-23.59356689453125
PPO_7,train/entropy_loss,92160,-23.611785888671875
PPO_7,train/entropy_loss,94208,-23.63727569580078
PPO_7,train/entropy_loss,96256,-23.64638328552246
PPO_7,train/entropy_loss,98304,-23.654870986938477
PPO_7,train/entropy_loss,100352,-23.649606704711914
PPO_7,train/entropy_loss,102400,-23.65201187133789
PPO_7,train/entropy_loss,104448,-23.69445037841797
PPO_7,train/entropy_loss,106496,-23.749345779418945
PPO_7,train/entropy_loss,108544,-23.804157257080078
PPO_7,train/entropy_loss,110592,-23.849979400634766
PPO_7,train/entropy_loss,112640,-23.873960494995117
PPO_7,train/entropy_loss,114688,-23.886180877685547
PPO_7,train/entropy_loss,116736,-23.90154457092285
PPO_7,train/entropy_loss,118784,-23.92521095275879
PPO_7,train/entropy_loss,120832,-23.94123649597168
PPO_7,train/entropy_loss,122880,-23.93711280822754
PPO_7,train/entropy_loss,124928,-23.942508697509766
PPO_7,train/entropy_loss,126976,-23.95529556274414
PPO_7,train/entropy_loss,129024,-23.974140167236328
PPO_7,train/entropy_loss,131072,-24.004024505615234
PPO_7,train/entropy_loss,133120,-24.043378829956055
PPO_7,train/entropy_loss,135168,-24.06608772277832
PPO_7,train/entropy_loss,137216,-24.104141235351562
PPO_7,train/entropy_loss,139264,-24.119754791259766
PPO_7,train/entropy_loss,141312,-24.115650177001953
PPO_7,train/entropy_loss,143360,-24.121267318725586
PPO_7,train/entropy_loss,145408,-24.138235092163086
PPO_7,train/entropy_loss,147456,-24.15997314453125
PPO_7,train/entropy_loss,149504,-24.18195152282715
PPO_7,train/entropy_loss,151552,-24.20375633239746
PPO_7,train/entropy_loss,153600,-24.221853256225586
PPO_7,train/entropy_loss,155648,-24.271114349365234
PPO_7,train/entropy_loss,157696,-24.304950714111328
PPO_7,train/entropy_loss,159744,-24.330406188964844
PPO_7,train/entropy_loss,161792,-24.385080337524414
PPO_7,train/entropy_loss,163840,-24.42749786376953
PPO_7,train/entropy_loss,165888,-24.464231491088867
PPO_7,train/entropy_loss,167936,-24.504966735839844
PPO_7,train/entropy_loss,169984,-24.540395736694336
PPO_7,train/entropy_loss,172032,-24.565658569335938
PPO_7,train/entropy_loss,174080,-24.598262786865234
PPO_7,train/entropy_loss,176128,-24.638967514038086
PPO_7,train/entropy_loss,178176,-24.663837432861328
PPO_7,train/entropy_loss,180224,-24.69083595275879
PPO_7,train/entropy_loss,182272,-24.7160587310791
PPO_7,train/entropy_loss,184320,-24.72689437866211
PPO_7,train/entropy_loss,186368,-24.748611450195312
PPO_7,train/entropy_loss,188416,-24.804208755493164
PPO_7,train/entropy_loss,190464,-24.842697143554688
PPO_7,train/entropy_loss,192512,-24.861600875854492
PPO_7,train/entropy_loss,194560,-24.87356948852539
PPO_7,train/entropy_loss,196608,-24.923837661743164
PPO_7,train/entropy_loss,198656,-24.96546173095703
PPO_7,train/entropy_loss,200704,-24.990962982177734
PPO_7,train/entropy_loss,202752,-24.99880599975586
PPO_7,train/entropy_loss,204800,-25.026126861572266
PPO_7,train/entropy_loss,206848,-25.057445526123047
PPO_7,train/entropy_loss,208896,-25.07597541809082
PPO_7,train/entropy_loss,210944,-25.0891056060791
PPO_7,train/entropy_loss,212992,-25.093900680541992
PPO_7,train/entropy_loss,215040,-25.09893226623535
PPO_7,train/entropy_loss,217088,-25.09055519104004
PPO_7,train/entropy_loss,219136,-25.095762252807617
PPO_7,train/entropy_loss,221184,-25.111520767211914
PPO_7,train/entropy_loss,223232,-25.140832901000977
PPO_7,train/entropy_loss,225280,-25.172353744506836
PPO_7,train/entropy_loss,227328,-25.2060546875
PPO_7,train/entropy_loss,229376,-25.24120330810547
PPO_7,train/entropy_loss,231424,-25.269542694091797
PPO_7,train/entropy_loss,233472,-25.284896850585938
PPO_7,train/entropy_loss,235520,-25.318405151367188
PPO_7,train/entropy_loss,237568,-25.3375186920166
PPO_7,train/entropy_loss,239616,-25.363025665283203
PPO_7,train/entropy_loss,241664,-25.37894058227539
PPO_7,train/entropy_loss,243712,-25.391128540039062
PPO_7,train/entropy_loss,245760,-25.411195755004883
PPO_7,train/entropy_loss,247808,-25.4407958984375
PPO_7,train/entropy_loss,249856,-25.44660186767578
PPO_7,train/entropy_loss,251904,-25.4727725982666
PPO_7,train/entropy_loss,253952,-25.523235321044922
PPO_7,train/entropy_loss,256000,-25.56191062927246
PPO_7,train/entropy_loss,258048,-25.595945358276367
PPO_7,train/entropy_loss,260096,-25.623973846435547
PPO_7,train/entropy_loss,262144,-25.63406753540039
PPO_7,train/entropy_loss,264192,-25.659025192260742
PPO_7,train/entropy_loss,266240,-25.69460678100586
PPO_7,train/entropy_loss,268288,-25.730127334594727
PPO_7,train/entropy_loss,270336,-25.74506950378418
PPO_7,train/entropy_loss,272384,-25.785451889038086
PPO_7,train/entropy_loss,274432,-25.85079002380371
PPO_7,train/entropy_loss,276480,-25.879846572875977
PPO_7,train/entropy_loss,278528,-25.904237747192383
PPO_7,train/entropy_loss,280576,-25.939001083374023
PPO_7,train/entropy_loss,282624,-25.959562301635742
PPO_7,train/entropy_loss,284672,-25.95896339416504
PPO_7,train/entropy_loss,286720,-25.96844482421875
PPO_7,train/entropy_loss,288768,-25.97646141052246
PPO_7,train/entropy_loss,290816,-25.96871566772461
PPO_7,train/entropy_loss,292864,-25.964542388916016
PPO_7,train/entropy_loss,294912,-25.98434066772461
PPO_7,train/entropy_loss,296960,-26.018951416015625
PPO_7,train/entropy_loss,299008,-26.055530548095703
PPO_7,train/entropy_loss,301056,-26.081871032714844
PPO_7,train/explained_variance,4096,0.27816957235336304
PPO_7,train/explained_variance,6144,0.5715372562408447
PPO_7,train/explained_variance,8192,0.6798447966575623
PPO_7,train/explained_variance,10240,0.5961616039276123
PPO_7,train/explained_variance,12288,0.6639028787612915
PPO_7,train/explained_variance,14336,0.572734534740448
PPO_7,train/explained_variance,16384,0.8478314876556396
PPO_7,train/explained_variance,18432,0.6677209734916687
PPO_7,train/explained_variance,20480,0.8352853655815125
PPO_7,train/explained_variance,22528,-0.5328240394592285
PPO_7,train/explained_variance,24576,0.11921167373657227
PPO_7,train/explained_variance,26624,0.5032628774642944
PPO_7,train/explained_variance,28672,0.8146113753318787
PPO_7,train/explained_variance,30720,0.65660560131073
PPO_7,train/explained_variance,32768,0.5343482494354248
PPO_7,train/explained_variance,34816,0.3870643973350525
PPO_7,train/explained_variance,36864,0.6200813055038452
PPO_7,train/explained_variance,38912,0.6343996524810791
PPO_7,train/explained_variance,40960,0.423071026802063
PPO_7,train/explained_variance,43008,0.5626940131187439
PPO_7,train/explained_variance,45056,0.7681310176849365
PPO_7,train/explained_variance,47104,0.599379301071167
PPO_7,train/explained_variance,49152,0.35592126846313477
PPO_7,train/explained_variance,51200,0.7489529848098755
PPO_7,train/explained_variance,53248,0.6270509958267212
PPO_7,train/explained_variance,55296,0.6058192849159241
PPO_7,train/explained_variance,57344,0.48266297578811646
PPO_7,train/explained_variance,59392,-1.3569872379302979
PPO_7,train/explained_variance,61440,0.08650070428848267
PPO_7,train/explained_variance,63488,0.8311790227890015
PPO_7,train/explained_variance,65536,0.7724162936210632
PPO_7,train/explained_variance,67584,0.4735233187675476
PPO_7,train/explained_variance,69632,0.43402522802352905
PPO_7,train/explained_variance,71680,0.21127957105636597
PPO_7,train/explained_variance,73728,0.48609012365341187
PPO_7,train/explained_variance,75776,0.7746341228485107
PPO_7,train/explained_variance,77824,0.48326385021209717
PPO_7,train/explained_variance,79872,0.494121789932251
PPO_7,train/explained_variance,81920,0.49036431312561035
PPO_7,train/explained_variance,83968,-0.08928799629211426
PPO_7,train/explained_variance,86016,0.006731212139129639
PPO_7,train/explained_variance,88064,0.7996537685394287
PPO_7,train/explained_variance,90112,0.19767117500305176
PPO_7,train/explained_variance,92160,0.7343382835388184
PPO_7,train/explained_variance,94208,0.8228106498718262
PPO_7,train/explained_variance,96256,0.8164249658584595
PPO_7,train/explained_variance,98304,0.5317167043685913
PPO_7,train/explained_variance,100352,0.7868545055389404
PPO_7,train/explained_variance,102400,0.8379862904548645
PPO_7,train/explained_variance,104448,-0.024123549461364746
PPO_7,train/explained_variance,106496,0.8178784847259521
PPO_7,train/explained_variance,108544,0.8114475011825562
PPO_7,train/explained_variance,110592,0.6677924394607544
PPO_7,train/explained_variance,112640,0.33595097064971924
PPO_7,train/explained_variance,114688,0.3547520041465759
PPO_7,train/explained_variance,116736,0.4932287931442261
PPO_7,train/explained_variance,118784,0.37378740310668945
PPO_7,train/explained_variance,120832,0.4409710168838501
PPO_7,train/explained_variance,122880,0.36837899684906006
PPO_7,train/explained_variance,124928,0.7558969855308533
PPO_7,train/explained_variance,126976,0.8141106367111206
PPO_7,train/explained_variance,129024,0.36906731128692627
PPO_7,train/explained_variance,131072,0.8044964671134949
PPO_7,train/explained_variance,133120,0.812532901763916
PPO_7,train/explained_variance,135168,0.7570503354072571
PPO_7,train/explained_variance,137216,0.5510842204093933
PPO_7,train/explained_variance,139264,-0.35029280185699463
PPO_7,train/explained_variance,141312,0.7945897579193115
PPO_7,train/explained_variance,143360,0.8192837238311768
PPO_7,train/explained_variance,145408,0.8239977955818176
PPO_7,train/explained_variance,147456,0.7987780570983887
PPO_7,train/explained_variance,149504,0.8271061778068542
PPO_7,train/explained_variance,151552,0.7605883479118347
PPO_7,train/explained_variance,153600,0.7923274040222168
PPO_7,train/explained_variance,155648,0.598726749420166
PPO_7,train/explained_variance,157696,0.6458249092102051
PPO_7,train/explained_variance,159744,0.7776790857315063
PPO_7,train/explained_variance,161792,0.8212670683860779
PPO_7,train/explained_variance,163840,0.729131281375885
PPO_7,train/explained_variance,165888,0.767721951007843
PPO_7,train/explained_variance,167936,0.6151628494262695
PPO_7,train/explained_variance,169984,0.7979094386100769
PPO_7,train/explained_variance,172032,0.8915260434150696
PPO_7,train/explained_variance,174080,0.8867925405502319
PPO_7,train/explained_variance,176128,0.6108922362327576
PPO_7,train/explained_variance,178176,0.7164193391799927
PPO_7,train/explained_variance,180224,0.8280206322669983
PPO_7,train/explained_variance,182272,0.770721435546875
PPO_7,train/explained_variance,184320,0.5931822061538696
PPO_7,train/explained_variance,186368,0.7324166297912598
PPO_7,train/explained_variance,188416,0.8904522061347961
PPO_7,train/explained_variance,190464,0.8266610503196716
PPO_7,train/explained_variance,192512,0.7764118313789368
PPO_7,train/explained_variance,194560,0.6861310005187988
PPO_7,train/explained_variance,196608,0.7282323837280273
PPO_7,train/explained_variance,198656,0.5609886050224304
PPO_7,train/explained_variance,200704,0.8822304606437683
PPO_7,train/explained_variance,202752,0.8288934230804443
PPO_7,train/explained_variance,204800,0.528277575969696
PPO_7,train/explained_variance,206848,0.5527217388153076
PPO_7,train/explained_variance,208896,0.7952499985694885
PPO_7,train/explained_variance,210944,0.4188618063926697
PPO_7,train/explained_variance,212992,0.8966584205627441
PPO_7,train/explained_variance,215040,0.8235259056091309
PPO_7,train/explained_variance,217088,0.8346944451332092
PPO_7,train/explained_variance,219136,0.8903145790100098
PPO_7,train/explained_variance,221184,0.9032954573631287
PPO_7,train/explained_variance,223232,0.7824819684028625
PPO_7,train/explained_variance,225280,0.7930336594581604
PPO_7,train/explained_variance,227328,0.8089597225189209
PPO_7,train/explained_variance,229376,0.8931426405906677
PPO_7,train/explained_variance,231424,0.7692497372627258
PPO_7,train/explained_variance,233472,0.898059606552124
PPO_7,train/explained_variance,235520,0.8854589462280273
PPO_7,train/explained_variance,237568,0.8452102541923523
PPO_7,train/explained_variance,239616,0.9126002788543701
PPO_7,train/explained_variance,241664,0.8772916793823242
PPO_7,train/explained_variance,243712,0.9134910106658936
PPO_7,train/explained_variance,245760,0.9009231925010681
PPO_7,train/explained_variance,247808,0.9334826469421387
PPO_7,train/explained_variance,249856,0.8942828178405762
PPO_7,train/explained_variance,251904,0.7566571831703186
PPO_7,train/explained_variance,253952,0.8438634276390076
PPO_7,train/explained_variance,256000,0.8752935528755188
PPO_7,train/explained_variance,258048,0.8826272487640381
PPO_7,train/explained_variance,260096,0.9140636324882507
PPO_7,train/explained_variance,262144,0.8649078607559204
PPO_7,train/explained_variance,264192,0.7970519065856934
PPO_7,train/explained_variance,266240,0.8427960276603699
PPO_7,train/explained_variance,268288,0.8033328056335449
PPO_7,train/explained_variance,270336,0.7741197943687439
PPO_7,train/explained_variance,272384,0.8185262680053711
PPO_7,train/explained_variance,274432,0.8476876020431519
PPO_7,train/explained_variance,276480,0.8945900201797485
PPO_7,train/explained_variance,278528,0.8406955599784851
PPO_7,train/explained_variance,280576,0.8759698271751404
PPO_7,train/explained_variance,282624,0.924451470375061
PPO_7,train/explained_variance,284672,0.9282090067863464
PPO_7,train/explained_variance,286720,0.8115218877792358
PPO_7,train/explained_variance,288768,0.8982653021812439
PPO_7,train/explained_variance,290816,0.8771733641624451
PPO_7,train/explained_variance,292864,0.8238437175750732
PPO_7,train/explained_variance,294912,0.8714002370834351
PPO_7,train/explained_variance,296960,0.9391756653785706
PPO_7,train/explained_variance,299008,0.9304931163787842
PPO_7,train/explained_variance,301056,0.8051416277885437
PPO_7,train/learning_rate,4096,0.0003000000142492354
PPO_7,train/learning_rate,6144,0.0003000000142492354
PPO_7,train/learning_rate,8192,0.0003000000142492354
PPO_7,train/learning_rate,10240,0.0003000000142492354
PPO_7,train/learning_rate,12288,0.0003000000142492354
PPO_7,train/learning_rate,14336,0.0003000000142492354
PPO_7,train/learning_rate,16384,0.0003000000142492354
PPO_7,train/learning_rate,18432,0.0003000000142492354
PPO_7,train/learning_rate,20480,0.0003000000142492354
PPO_7,train/learning_rate,22528,0.0003000000142492354
PPO_7,train/learning_rate,24576,0.0003000000142492354
PPO_7,train/learning_rate,26624,0.0003000000142492354
PPO_7,train/learning_rate,28672,0.0003000000142492354
PPO_7,train/learning_rate,30720,0.0003000000142492354
PPO_7,train/learning_rate,32768,0.0003000000142492354
PPO_7,train/learning_rate,34816,0.0003000000142492354
PPO_7,train/learning_rate,36864,0.0003000000142492354
PPO_7,train/learning_rate,38912,0.0003000000142492354
PPO_7,train/learning_rate,40960,0.0003000000142492354
PPO_7,train/learning_rate,43008,0.0003000000142492354
PPO_7,train/learning_rate,45056,0.0003000000142492354
PPO_7,train/learning_rate,47104,0.0003000000142492354
PPO_7,train/learning_rate,49152,0.0003000000142492354
PPO_7,train/learning_rate,51200,0.0003000000142492354
PPO_7,train/learning_rate,53248,0.0003000000142492354
PPO_7,train/learning_rate,55296,0.0003000000142492354
PPO_7,train/learning_rate,57344,0.0003000000142492354
PPO_7,train/learning_rate,59392,0.0003000000142492354
PPO_7,train/learning_rate,61440,0.0003000000142492354
PPO_7,train/learning_rate,63488,0.0003000000142492354
PPO_7,train/learning_rate,65536,0.0003000000142492354
PPO_7,train/learning_rate,67584,0.0003000000142492354
PPO_7,train/learning_rate,69632,0.0003000000142492354
PPO_7,train/learning_rate,71680,0.0003000000142492354
PPO_7,train/learning_rate,73728,0.0003000000142492354
PPO_7,train/learning_rate,75776,0.0003000000142492354
PPO_7,train/learning_rate,77824,0.0003000000142492354
PPO_7,train/learning_rate,79872,0.0003000000142492354
PPO_7,train/learning_rate,81920,0.0003000000142492354
PPO_7,train/learning_rate,83968,0.0003000000142492354
PPO_7,train/learning_rate,86016,0.0003000000142492354
PPO_7,train/learning_rate,88064,0.0003000000142492354
PPO_7,train/learning_rate,90112,0.0003000000142492354
PPO_7,train/learning_rate,92160,0.0003000000142492354
PPO_7,train/learning_rate,94208,0.0003000000142492354
PPO_7,train/learning_rate,96256,0.0003000000142492354
PPO_7,train/learning_rate,98304,0.0003000000142492354
PPO_7,train/learning_rate,100352,0.0003000000142492354
PPO_7,train/learning_rate,102400,0.0003000000142492354
PPO_7,train/learning_rate,104448,0.0003000000142492354
PPO_7,train/learning_rate,106496,0.0003000000142492354
PPO_7,train/learning_rate,108544,0.0003000000142492354
PPO_7,train/learning_rate,110592,0.0003000000142492354
PPO_7,train/learning_rate,112640,0.0003000000142492354
PPO_7,train/learning_rate,114688,0.0003000000142492354
PPO_7,train/learning_rate,116736,0.0003000000142492354
PPO_7,train/learning_rate,118784,0.0003000000142492354
PPO_7,train/learning_rate,120832,0.0003000000142492354
PPO_7,train/learning_rate,122880,0.0003000000142492354
PPO_7,train/learning_rate,124928,0.0003000000142492354
PPO_7,train/learning_rate,126976,0.0003000000142492354
PPO_7,train/learning_rate,129024,0.0003000000142492354
PPO_7,train/learning_rate,131072,0.0003000000142492354
PPO_7,train/learning_rate,133120,0.0003000000142492354
PPO_7,train/learning_rate,135168,0.0003000000142492354
PPO_7,train/learning_rate,137216,0.0003000000142492354
PPO_7,train/learning_rate,139264,0.0003000000142492354
PPO_7,train/learning_rate,141312,0.0003000000142492354
PPO_7,train/learning_rate,143360,0.0003000000142492354
PPO_7,train/learning_rate,145408,0.0003000000142492354
PPO_7,train/learning_rate,147456,0.0003000000142492354
PPO_7,train/learning_rate,149504,0.0003000000142492354
PPO_7,train/learning_rate,151552,0.0003000000142492354
PPO_7,train/learning_rate,153600,0.0003000000142492354
PPO_7,train/learning_rate,155648,0.0003000000142492354
PPO_7,train/learning_rate,157696,0.0003000000142492354
PPO_7,train/learning_rate,159744,0.0003000000142492354
PPO_7,train/learning_rate,161792,0.0003000000142492354
PPO_7,train/learning_rate,163840,0.0003000000142492354
PPO_7,train/learning_rate,165888,0.0003000000142492354
PPO_7,train/learning_rate,167936,0.0003000000142492354
PPO_7,train/learning_rate,169984,0.0003000000142492354
PPO_7,train/learning_rate,172032,0.0003000000142492354
PPO_7,train/learning_rate,174080,0.0003000000142492354
PPO_7,train/learning_rate,176128,0.0003000000142492354
PPO_7,train/learning_rate,178176,0.0003000000142492354
PPO_7,train/learning_rate,180224,0.0003000000142492354
PPO_7,train/learning_rate,182272,0.0003000000142492354
PPO_7,train/learning_rate,184320,0.0003000000142492354
PPO_7,train/learning_rate,186368,0.0003000000142492354
PPO_7,train/learning_rate,188416,0.0003000000142492354
PPO_7,train/learning_rate,190464,0.0003000000142492354
PPO_7,train/learning_rate,192512,0.0003000000142492354
PPO_7,train/learning_rate,194560,0.0003000000142492354
PPO_7,train/learning_rate,196608,0.0003000000142492354
PPO_7,train/learning_rate,198656,0.0003000000142492354
PPO_7,train/learning_rate,200704,0.0003000000142492354
PPO_7,train/learning_rate,202752,0.0003000000142492354
PPO_7,train/learning_rate,204800,0.0003000000142492354
PPO_7,train/learning_rate,206848,0.0003000000142492354
PPO_7,train/learning_rate,208896,0.0003000000142492354
PPO_7,train/learning_rate,210944,0.0003000000142492354
PPO_7,train/learning_rate,212992,0.0003000000142492354
PPO_7,train/learning_rate,215040,0.0003000000142492354
PPO_7,train/learning_rate,217088,0.0003000000142492354
PPO_7,train/learning_rate,219136,0.0003000000142492354
PPO_7,train/learning_rate,221184,0.0003000000142492354
PPO_7,train/learning_rate,223232,0.0003000000142492354
PPO_7,train/learning_rate,225280,0.0003000000142492354
PPO_7,train/learning_rate,227328,0.0003000000142492354
PPO_7,train/learning_rate,229376,0.0003000000142492354
PPO_7,train/learning_rate,231424,0.0003000000142492354
PPO_7,train/learning_rate,233472,0.0003000000142492354
PPO_7,train/learning_rate,235520,0.0003000000142492354
PPO_7,train/learning_rate,237568,0.0003000000142492354
PPO_7,train/learning_rate,239616,0.0003000000142492354
PPO_7,train/learning_rate,241664,0.0003000000142492354
PPO_7,train/learning_rate,243712,0.0003000000142492354
PPO_7,train/learning_rate,245760,0.0003000000142492354
PPO_7,train/learning_rate,247808,0.0003000000142492354
PPO_7,train/learning_rate,249856,0.0003000000142492354
PPO_7,train/learning_rate,251904,0.0003000000142492354
PPO_7,train/learning_rate,253952,0.0003000000142492354
PPO_7,train/learning_rate,256000,0.0003000000142492354
PPO_7,train/learning_rate,258048,0.0003000000142492354
PPO_7,train/learning_rate,260096,0.0003000000142492354
PPO_7,train/learning_rate,262144,0.0003000000142492354
PPO_7,train/learning_rate,264192,0.0003000000142492354
PPO_7,train/learning_rate,266240,0.0003000000142492354
PPO_7,train/learning_rate,268288,0.0003000000142492354
PPO_7,train/learning_rate,270336,0.0003000000142492354
PPO_7,train/learning_rate,272384,0.0003000000142492354
PPO_7,train/learning_rate,274432,0.0003000000142492354
PPO_7,train/learning_rate,276480,0.0003000000142492354
PPO_7,train/learning_rate,278528,0.0003000000142492354
PPO_7,train/learning_rate,280576,0.0003000000142492354
PPO_7,train/learning_rate,282624,0.0003000000142492354
PPO_7,train/learning_rate,284672,0.0003000000142492354
PPO_7,train/learning_rate,286720,0.0003000000142492354
PPO_7,train/learning_rate,288768,0.0003000000142492354
PPO_7,train/learning_rate,290816,0.0003000000142492354
PPO_7,train/learning_rate,292864,0.0003000000142492354
PPO_7,train/learning_rate,294912,0.0003000000142492354
PPO_7,train/learning_rate,296960,0.0003000000142492354
PPO_7,train/learning_rate,299008,0.0003000000142492354
PPO_7,train/learning_rate,301056,0.0003000000142492354
PPO_7,train/loss,4096,-0.0897621214389801
PPO_7,train/loss,6144,-0.25718677043914795
PPO_7,train/loss,8192,-0.26393499970436096
PPO_7,train/loss,10240,-0.2748837471008301
PPO_7,train/loss,12288,-0.2764929234981537
PPO_7,train/loss,14336,-0.277153342962265
PPO_7,train/loss,16384,-0.2851780652999878
PPO_7,train/loss,18432,-0.2779417634010315
PPO_7,train/loss,20480,-0.27893438935279846
PPO_7,train/loss,22528,-0.272141695022583
PPO_7,train/loss,24576,-0.28183767199516296
PPO_7,train/loss,26624,-0.28638020157814026
PPO_7,train/loss,28672,-0.2884279787540436
PPO_7,train/loss,30720,-0.2914206385612488
PPO_7,train/loss,32768,-0.2893272638320923
PPO_7,train/loss,34816,-0.29291704297065735
PPO_7,train/loss,36864,-0.29092809557914734
PPO_7,train/loss,38912,-0.2926575541496277
PPO_7,train/loss,40960,-0.28599533438682556
PPO_7,train/loss,43008,-0.3096756339073181
PPO_7,train/loss,45056,-0.2955229580402374
PPO_7,train/loss,47104,-0.2988196611404419
PPO_7,train/loss,49152,-0.3080102205276489
PPO_7,train/loss,51200,-0.3044562041759491
PPO_7,train/loss,53248,-0.30194759368896484
PPO_7,train/loss,55296,-0.3039451837539673
PPO_7,train/loss,57344,-0.3006590008735657
PPO_7,train/loss,59392,-0.29873281717300415
PPO_7,train/loss,61440,-0.3083145320415497
PPO_7,train/loss,63488,-0.30467259883880615
PPO_7,train/loss,65536,-0.307979941368103
PPO_7,train/loss,67584,-0.30729615688323975
PPO_7,train/loss,69632,-0.30880212783813477
PPO_7,train/loss,71680,-0.30805322527885437
PPO_7,train/loss,73728,-0.3068889379501343
PPO_7,train/loss,75776,-0.320006787776947
PPO_7,train/loss,77824,-0.3059718906879425
PPO_7,train/loss,79872,-0.31405824422836304
PPO_7,train/loss,81920,-0.32120221853256226
PPO_7,train/loss,83968,-0.3154279589653015
PPO_7,train/loss,86016,-0.2883368134498596
PPO_7,train/loss,88064,-0.3167332410812378
PPO_7,train/loss,90112,-0.31240442395210266
PPO_7,train/loss,92160,-0.31895148754119873
PPO_7,train/loss,94208,-0.30565860867500305
PPO_7,train/loss,96256,-0.3089568018913269
PPO_7,train/loss,98304,-0.2998649775981903
PPO_7,train/loss,100352,-0.32419759035110474
PPO_7,train/loss,102400,-0.31118905544281006
PPO_7,train/loss,104448,-0.3225969076156616
PPO_7,train/loss,106496,-0.31474244594573975
PPO_7,train/loss,108544,-0.30995193123817444
PPO_7,train/loss,110592,-0.3086450397968292
PPO_7,train/loss,112640,-0.3015851378440857
PPO_7,train/loss,114688,-0.32427293062210083
PPO_7,train/loss,116736,-0.3173629939556122
PPO_7,train/loss,118784,-0.3147616982460022
PPO_7,train/loss,120832,-0.32240554690361023
PPO_7,train/loss,122880,-0.32215502858161926
PPO_7,train/loss,124928,-0.3115886449813843
PPO_7,train/loss,126976,-0.3169957995414734
PPO_7,train/loss,129024,-0.31259390711784363
PPO_7,train/loss,131072,-0.32197636365890503
PPO_7,train/loss,133120,-0.3076981008052826
PPO_7,train/loss,135168,-0.3105362355709076
PPO_7,train/loss,137216,-0.3202289342880249
PPO_7,train/loss,139264,-0.31314390897750854
PPO_7,train/loss,141312,-0.3162396252155304
PPO_7,train/loss,143360,-0.31776997447013855
PPO_7,train/loss,145408,-0.31944653391838074
PPO_7,train/loss,147456,-0.31577959656715393
PPO_7,train/loss,149504,-0.3163228929042816
PPO_7,train/loss,151552,-0.32004514336586
PPO_7,train/loss,153600,-0.3084333539009094
PPO_7,train/loss,155648,-0.3222838342189789
PPO_7,train/loss,157696,-0.32574740052223206
PPO_7,train/loss,159744,-0.3288114368915558
PPO_7,train/loss,161792,-0.3141421973705292
PPO_7,train/loss,163840,-0.320268452167511
PPO_7,train/loss,165888,-0.3153599202632904
PPO_7,train/loss,167936,-0.31377989053726196
PPO_7,train/loss,169984,-0.32755205035209656
PPO_7,train/loss,172032,-0.32286086678504944
PPO_7,train/loss,174080,-0.31960004568099976
PPO_7,train/loss,176128,-0.3301176130771637
PPO_7,train/loss,178176,-0.3276999294757843
PPO_7,train/loss,180224,-0.33430108428001404
PPO_7,train/loss,182272,-0.33016103506088257
PPO_7,train/loss,184320,-0.30944812297821045
PPO_7,train/loss,186368,-0.3292703926563263
PPO_7,train/loss,188416,-0.3276135325431824
PPO_7,train/loss,190464,-0.3259377181529999
PPO_7,train/loss,192512,-0.33192354440689087
PPO_7,train/loss,194560,-0.31862398982048035
PPO_7,train/loss,196608,-0.32036349177360535
PPO_7,train/loss,198656,-0.32571399211883545
PPO_7,train/loss,200704,-0.32368820905685425
PPO_7,train/loss,202752,-0.31974276900291443
PPO_7,train/loss,204800,-0.3258189857006073
PPO_7,train/loss,206848,-0.32225504517555237
PPO_7,train/loss,208896,-0.33391523361206055
PPO_7,train/loss,210944,-0.31971949338912964
PPO_7,train/loss,212992,-0.32153984904289246
PPO_7,train/loss,215040,-0.32843655347824097
PPO_7,train/loss,217088,-0.3312758505344391
PPO_7,train/loss,219136,-0.3251446485519409
PPO_7,train/loss,221184,-0.32609614729881287
PPO_7,train/loss,223232,-0.3242921233177185
PPO_7,train/loss,225280,-0.32638630270957947
PPO_7,train/loss,227328,-0.32091057300567627
PPO_7,train/loss,229376,-0.3339295983314514
PPO_7,train/loss,231424,-0.3206687867641449
PPO_7,train/loss,233472,-0.33155518770217896
PPO_7,train/loss,235520,-0.3420465588569641
PPO_7,train/loss,237568,-0.3371315002441406
PPO_7,train/loss,239616,-0.32758110761642456
PPO_7,train/loss,241664,-0.3388722240924835
PPO_7,train/loss,243712,-0.3362446427345276
PPO_7,train/loss,245760,-0.3269630968570709
PPO_7,train/loss,247808,-0.32943692803382874
PPO_7,train/loss,249856,-0.3397442102432251
PPO_7,train/loss,251904,-0.3215969502925873
PPO_7,train/loss,253952,-0.33040764927864075
PPO_7,train/loss,256000,-0.33965516090393066
PPO_7,train/loss,258048,-0.3350890874862671
PPO_7,train/loss,260096,-0.32755348086357117
PPO_7,train/loss,262144,-0.3318442106246948
PPO_7,train/loss,264192,-0.33560457825660706
PPO_7,train/loss,266240,-0.3310200870037079
PPO_7,train/loss,268288,-0.335823118686676
PPO_7,train/loss,270336,-0.3379285931587219
PPO_7,train/loss,272384,-0.33023494482040405
PPO_7,train/loss,274432,-0.3218814730644226
PPO_7,train/loss,276480,-0.33199402689933777
PPO_7,train/loss,278528,-0.33227047324180603
PPO_7,train/loss,280576,-0.32265302538871765
PPO_7,train/loss,282624,-0.33207011222839355
PPO_7,train/loss,284672,-0.32896703481674194
PPO_7,train/loss,286720,-0.3324466645717621
PPO_7,train/loss,288768,-0.3314857482910156
PPO_7,train/loss,290816,-0.3402879238128662
PPO_7,train/loss,292864,-0.32083722949028015
PPO_7,train/loss,294912,-0.3398023247718811
PPO_7,train/loss,296960,-0.3373238742351532
PPO_7,train/loss,299008,-0.32479339838027954
PPO_7,train/loss,301056,-0.33102792501449585
PPO_7,train/policy_gradient_loss,4096,-0.027632197365164757
PPO_7,train/policy_gradient_loss,6144,-0.03747369349002838
PPO_7,train/policy_gradient_loss,8192,-0.03821858391165733
PPO_7,train/policy_gradient_loss,10240,-0.03918881714344025
PPO_7,train/policy_gradient_loss,12288,-0.04116857424378395
PPO_7,train/policy_gradient_loss,14336,-0.035408228635787964
PPO_7,train/policy_gradient_loss,16384,-0.03640023246407509
PPO_7,train/policy_gradient_loss,18432,-0.03994869440793991
PPO_7,train/policy_gradient_loss,20480,-0.04124729707837105
PPO_7,train/policy_gradient_loss,22528,-0.04170425236225128
PPO_7,train/policy_gradient_loss,24576,-0.04142414405941963
PPO_7,train/policy_gradient_loss,26624,-0.04704040661454201
PPO_7,train/policy_gradient_loss,28672,-0.041762035340070724
PPO_7,train/policy_gradient_loss,30720,-0.04213389754295349
PPO_7,train/policy_gradient_loss,32768,-0.04635738208889961
PPO_7,train/policy_gradient_loss,34816,-0.04306432232260704
PPO_7,train/policy_gradient_loss,36864,-0.04597180709242821
PPO_7,train/policy_gradient_loss,38912,-0.043436553329229355
PPO_7,train/policy_gradient_loss,40960,-0.04631907120347023
PPO_7,train/policy_gradient_loss,43008,-0.04528321698307991
PPO_7,train/policy_gradient_loss,45056,-0.0432448573410511
PPO_7,train/policy_gradient_loss,47104,-0.044940315186977386
PPO_7,train/policy_gradient_loss,49152,-0.04649193584918976
PPO_7,train/policy_gradient_loss,51200,-0.0472283661365509
PPO_7,train/policy_gradient_loss,53248,-0.04451455548405647
PPO_7,train/policy_gradient_loss,55296,-0.04169469326734543
PPO_7,train/policy_gradient_loss,57344,-0.04507797583937645
PPO_7,train/policy_gradient_loss,59392,-0.041472092270851135
PPO_7,train/policy_gradient_loss,61440,-0.04288001358509064
PPO_7,train/policy_gradient_loss,63488,-0.04709011688828468
PPO_7,train/policy_gradient_loss,65536,-0.046342939138412476
PPO_7,train/policy_gradient_loss,67584,-0.04966682195663452
PPO_7,train/policy_gradient_loss,69632,-0.04536809027194977
PPO_7,train/policy_gradient_loss,71680,-0.04660044610500336
PPO_7,train/policy_gradient_loss,73728,-0.046404097229242325
PPO_7,train/policy_gradient_loss,75776,-0.04826803505420685
PPO_7,train/policy_gradient_loss,77824,-0.04932571202516556
PPO_7,train/policy_gradient_loss,79872,-0.050468169152736664
PPO_7,train/policy_gradient_loss,81920,-0.050891242921352386
PPO_7,train/policy_gradient_loss,83968,-0.04677014797925949
PPO_7,train/policy_gradient_loss,86016,-0.046133290976285934
PPO_7,train/policy_gradient_loss,88064,-0.046421390026807785
PPO_7,train/policy_gradient_loss,90112,-0.04326321557164192
PPO_7,train/policy_gradient_loss,92160,-0.04745085909962654
PPO_7,train/policy_gradient_loss,94208,-0.04805537685751915
PPO_7,train/policy_gradient_loss,96256,-0.047350283712148666
PPO_7,train/policy_gradient_loss,98304,-0.047773610800504684
PPO_7,train/policy_gradient_loss,100352,-0.050240181386470795
PPO_7,train/policy_gradient_loss,102400,-0.0497153215110302
PPO_7,train/policy_gradient_loss,104448,-0.04880547523498535
PPO_7,train/policy_gradient_loss,106496,-0.048627786338329315
PPO_7,train/policy_gradient_loss,108544,-0.04981277510523796
PPO_7,train/policy_gradient_loss,110592,-0.049997955560684204
PPO_7,train/policy_gradient_loss,112640,-0.04948236420750618
PPO_7,train/policy_gradient_loss,114688,-0.04545648768544197
PPO_7,train/policy_gradient_loss,116736,-0.04682541638612747
PPO_7,train/policy_gradient_loss,118784,-0.050157349556684494
PPO_7,train/policy_gradient_loss,120832,-0.04884029179811478
PPO_7,train/policy_gradient_loss,122880,-0.04978315159678459
PPO_7,train/policy_gradient_loss,124928,-0.04762745276093483
PPO_7,train/policy_gradient_loss,126976,-0.04889773577451706
PPO_7,train/policy_gradient_loss,129024,-0.04806189984083176
PPO_7,train/policy_gradient_loss,131072,-0.050962548702955246
PPO_7,train/policy_gradient_loss,133120,-0.05079624429345131
PPO_7,train/policy_gradient_loss,135168,-0.04832841083407402
PPO_7,train/policy_gradient_loss,137216,-0.047397226095199585
PPO_7,train/policy_gradient_loss,139264,-0.04602420702576637
PPO_7,train/policy_gradient_loss,141312,-0.05323315039277077
PPO_7,train/policy_gradient_loss,143360,-0.04437810182571411
PPO_7,train/policy_gradient_loss,145408,-0.048397649079561234
PPO_7,train/policy_gradient_loss,147456,-0.0489441379904747
PPO_7,train/policy_gradient_loss,149504,-0.05286676064133644
PPO_7,train/policy_gradient_loss,151552,-0.05212103947997093
PPO_7,train/policy_gradient_loss,153600,-0.049767203629016876
PPO_7,train/policy_gradient_loss,155648,-0.04958804324269295
PPO_7,train/policy_gradient_loss,157696,-0.053413379937410355
PPO_7,train/policy_gradient_loss,159744,-0.050017084926366806
PPO_7,train/policy_gradient_loss,161792,-0.05139085277915001
PPO_7,train/policy_gradient_loss,163840,-0.048303984105587006
PPO_7,train/policy_gradient_loss,165888,-0.050771743059158325
PPO_7,train/policy_gradient_loss,167936,-0.04894636571407318
PPO_7,train/policy_gradient_loss,169984,-0.04879792034626007
PPO_7,train/policy_gradient_loss,172032,-0.0557229146361351
PPO_7,train/policy_gradient_loss,174080,-0.04990844428539276
PPO_7,train/policy_gradient_loss,176128,-0.04866621270775795
PPO_7,train/policy_gradient_loss,178176,-0.051262401044368744
PPO_7,train/policy_gradient_loss,180224,-0.05265422165393829
PPO_7,train/policy_gradient_loss,182272,-0.051724739372730255
PPO_7,train/policy_gradient_loss,184320,-0.04827020317316055
PPO_7,train/policy_gradient_loss,186368,-0.05197302997112274
PPO_7,train/policy_gradient_loss,188416,-0.048183538019657135
PPO_7,train/policy_gradient_loss,190464,-0.04838264733552933
PPO_7,train/policy_gradient_loss,192512,-0.051349662244319916
PPO_7,train/policy_gradient_loss,194560,-0.04945314675569534
PPO_7,train/policy_gradient_loss,196608,-0.04892853647470474
PPO_7,train/policy_gradient_loss,198656,-0.04330737516283989
PPO_7,train/policy_gradient_loss,200704,-0.051027655601501465
PPO_7,train/policy_gradient_loss,202752,-0.04715786129236221
PPO_7,train/policy_gradient_loss,204800,-0.05082157254219055
PPO_7,train/policy_gradient_loss,206848,-0.04762609675526619
PPO_7,train/policy_gradient_loss,208896,-0.052513618022203445
PPO_7,train/policy_gradient_loss,210944,-0.04762755334377289
PPO_7,train/policy_gradient_loss,212992,-0.04943052679300308
PPO_7,train/policy_gradient_loss,215040,-0.04790284112095833
PPO_7,train/policy_gradient_loss,217088,-0.049906518310308456
PPO_7,train/policy_gradient_loss,219136,-0.051776427775621414
PPO_7,train/policy_gradient_loss,221184,-0.04959595203399658
PPO_7,train/policy_gradient_loss,223232,-0.051657892763614655
PPO_7,train/policy_gradient_loss,225280,-0.05155261978507042
PPO_7,train/policy_gradient_loss,227328,-0.04586082696914673
PPO_7,train/policy_gradient_loss,229376,-0.05092186480760574
PPO_7,train/policy_gradient_loss,231424,-0.04241962730884552
PPO_7,train/policy_gradient_loss,233472,-0.049943409860134125
PPO_7,train/policy_gradient_loss,235520,-0.05186395347118378
PPO_7,train/policy_gradient_loss,237568,-0.05116550996899605
PPO_7,train/policy_gradient_loss,239616,-0.05454055964946747
PPO_7,train/policy_gradient_loss,241664,-0.052390553057193756
PPO_7,train/policy_gradient_loss,243712,-0.05305860936641693
PPO_7,train/policy_gradient_loss,245760,-0.05280384048819542
PPO_7,train/policy_gradient_loss,247808,-0.047008197754621506
PPO_7,train/policy_gradient_loss,249856,-0.0465409941971302
PPO_7,train/policy_gradient_loss,251904,-0.04549119621515274
PPO_7,train/policy_gradient_loss,253952,-0.05226333066821098
PPO_7,train/policy_gradient_loss,256000,-0.0502287782728672
PPO_7,train/policy_gradient_loss,258048,-0.05218443274497986
PPO_7,train/policy_gradient_loss,260096,-0.044998571276664734
PPO_7,train/policy_gradient_loss,262144,-0.04928915947675705
PPO_7,train/policy_gradient_loss,264192,-0.04970037564635277
PPO_7,train/policy_gradient_loss,266240,-0.04926066845655441
PPO_7,train/policy_gradient_loss,268288,-0.05026450380682945
PPO_7,train/policy_gradient_loss,270336,-0.04823918268084526
PPO_7,train/policy_gradient_loss,272384,-0.04846278950572014
PPO_7,train/policy_gradient_loss,274432,-0.04819601774215698
PPO_7,train/policy_gradient_loss,276480,-0.05142190679907799
PPO_7,train/policy_gradient_loss,278528,-0.044627316296100616
PPO_7,train/policy_gradient_loss,280576,-0.03888487443327904
PPO_7,train/policy_gradient_loss,282624,-0.04411601275205612
PPO_7,train/policy_gradient_loss,284672,-0.05302264913916588
PPO_7,train/policy_gradient_loss,286720,-0.04851468279957771
PPO_7,train/policy_gradient_loss,288768,-0.044422779232263565
PPO_7,train/policy_gradient_loss,290816,-0.049751393496990204
PPO_7,train/policy_gradient_loss,292864,-0.04430748149752617
PPO_7,train/policy_gradient_loss,294912,-0.04845181107521057
PPO_7,train/policy_gradient_loss,296960,-0.05120814964175224
PPO_7,train/policy_gradient_loss,299008,-0.04137274995446205
PPO_7,train/policy_gradient_loss,301056,-0.049022551625967026
PPO_7,train/std,4096,1.0039831399917603
PPO_7,train/std,6144,1.0039186477661133
PPO_7,train/std,8192,1.005394697189331
PPO_7,train/std,10240,1.0065234899520874
PPO_7,train/std,12288,1.0088802576065063
PPO_7,train/std,14336,1.0093281269073486
PPO_7,train/std,16384,1.012248158454895
PPO_7,train/std,18432,1.0137138366699219
PPO_7,train/std,20480,1.0136220455169678
PPO_7,train/std,22528,1.0156322717666626
PPO_7,train/std,24576,1.0169563293457031
PPO_7,train/std,26624,1.0177851915359497
PPO_7,train/std,28672,1.0208771228790283
PPO_7,train/std,30720,1.0216742753982544
PPO_7,train/std,32768,1.0226340293884277
PPO_7,train/std,34816,1.0249110460281372
PPO_7,train/std,36864,1.0255215167999268
PPO_7,train/std,38912,1.0268789529800415
PPO_7,train/std,40960,1.0296911001205444
PPO_7,train/std,43008,1.032395601272583
PPO_7,train/std,45056,1.033524990081787
PPO_7,train/std,47104,1.035519003868103
PPO_7,train/std,49152,1.0366289615631104
PPO_7,train/std,51200,1.035991907119751
PPO_7,train/std,53248,1.0362122058868408
PPO_7,train/std,55296,1.0374864339828491
PPO_7,train/std,57344,1.039898157119751
PPO_7,train/std,59392,1.0405666828155518
PPO_7,train/std,61440,1.0420374870300293
PPO_7,train/std,63488,1.0431492328643799
PPO_7,train/std,65536,1.042363166809082
PPO_7,train/std,67584,1.0470466613769531
PPO_7,train/std,69632,1.0502222776412964
PPO_7,train/std,71680,1.0516023635864258
PPO_7,train/std,73728,1.0529899597167969
PPO_7,train/std,75776,1.0552455186843872
PPO_7,train/std,77824,1.0555869340896606
PPO_7,train/std,79872,1.0549366474151611
PPO_7,train/std,81920,1.0554910898208618
PPO_7,train/std,83968,1.0557678937911987
PPO_7,train/std,86016,1.0556859970092773
PPO_7,train/std,88064,1.0570247173309326
PPO_7,train/std,90112,1.057785987854004
PPO_7,train/std,92160,1.0596184730529785
PPO_7,train/std,94208,1.0609891414642334
PPO_7,train/std,96256,1.0614044666290283
PPO_7,train/std,98304,1.061661720275879
PPO_7,train/std,100352,1.060618281364441
PPO_7,train/std,102400,1.062345266342163
PPO_7,train/std,104448,1.0661481618881226
PPO_7,train/std,106496,1.069291353225708
PPO_7,train/std,108544,1.0735255479812622
PPO_7,train/std,110592,1.0757256746292114
PPO_7,train/std,112640,1.0768948793411255
PPO_7,train/std,114688,1.0776584148406982
PPO_7,train/std,116736,1.0787254571914673
PPO_7,train/std,118784,1.0812172889709473
PPO_7,train/std,120832,1.0805690288543701
PPO_7,train/std,122880,1.0808861255645752
PPO_7,train/std,124928,1.0814296007156372
PPO_7,train/std,126976,1.0824291706085205
PPO_7,train/std,129024,1.084122896194458
PPO_7,train/std,131072,1.0873465538024902
PPO_7,train/std,133120,1.0888490676879883
PPO_7,train/std,135168,1.0904133319854736
PPO_7,train/std,137216,1.0933496952056885
PPO_7,train/std,139264,1.0933268070220947
PPO_7,train/std,141312,1.0929374694824219
PPO_7,train/std,143360,1.0935057401657104
PPO_7,train/std,145408,1.0954687595367432
PPO_7,train/std,147456,1.0968880653381348
PPO_7,train/std,149504,1.0988409519195557
PPO_7,train/std,151552,1.0993720293045044
PPO_7,train/std,153600,1.1021050214767456
PPO_7,train/std,155648,1.1060090065002441
PPO_7,train/std,157696,1.1068975925445557
PPO_7,train/std,159744,1.1098898649215698
PPO_7,train/std,161792,1.1133226156234741
PPO_7,train/std,163840,1.115864634513855
PPO_7,train/std,165888,1.1184309720993042
PPO_7,train/std,167936,1.1214570999145508
PPO_7,train/std,169984,1.1240644454956055
PPO_7,train/std,172032,1.1251254081726074
PPO_7,train/std,174080,1.1285921335220337
PPO_7,train/std,176128,1.1307748556137085
PPO_7,train/std,178176,1.1325709819793701
PPO_7,train/std,180224,1.1341814994812012
PPO_7,train/std,182272,1.1364492177963257
PPO_7,train/std,184320,1.1356796026229858
PPO_7,train/std,186368,1.1396342515945435
PPO_7,train/std,188416,1.1428314447402954
PPO_7,train/std,190464,1.1453243494033813
PPO_7,train/std,192512,1.1454998254776
PPO_7,train/std,194560,1.1480412483215332
PPO_7,train/std,196608,1.1513831615447998
PPO_7,train/std,198656,1.1546472311019897
PPO_7,train/std,200704,1.1548078060150146
PPO_7,train/std,202752,1.1559855937957764
PPO_7,train/std,204800,1.1589775085449219
PPO_7,train/std,206848,1.1603509187698364
PPO_7,train/std,208896,1.1616573333740234
PPO_7,train/std,210944,1.1626626253128052
PPO_7,train/std,212992,1.1631916761398315
PPO_7,train/std,215040,1.1631243228912354
PPO_7,train/std,217088,1.1626640558242798
PPO_7,train/std,219136,1.163475751876831
PPO_7,train/std,221184,1.1652064323425293
PPO_7,train/std,223232,1.1672371625900269
PPO_7,train/std,225280,1.1694308519363403
PPO_7,train/std,227328,1.1723376512527466
PPO_7,train/std,229376,1.174881100654602
PPO_7,train/std,231424,1.1756391525268555
PPO_7,train/std,233472,1.1784372329711914
PPO_7,train/std,235520,1.1800459623336792
PPO_7,train/std,237568,1.181959629058838
PPO_7,train/std,239616,1.1837047338485718
PPO_7,train/std,241664,1.1845896244049072
PPO_7,train/std,243712,1.1857153177261353
PPO_7,train/std,245760,1.1878938674926758
PPO_7,train/std,247808,1.1892082691192627
PPO_7,train/std,249856,1.1890313625335693
PPO_7,train/std,251904,1.1930291652679443
PPO_7,train/std,253952,1.1965174674987793
PPO_7,train/std,256000,1.1994695663452148
PPO_7,train/std,258048,1.2012940645217896
PPO_7,train/std,260096,1.2032318115234375
PPO_7,train/std,262144,1.2036033868789673
PPO_7,train/std,264192,1.2064656019210815
PPO_7,train/std,266240,1.2095587253570557
PPO_7,train/std,268288,1.2108008861541748
PPO_7,train/std,270336,1.2126843929290771
PPO_7,train/std,272384,1.2173771858215332
PPO_7,train/std,274432,1.2209116220474243
PPO_7,train/std,276480,1.2229232788085938
PPO_7,train/std,278528,1.225095510482788
PPO_7,train/std,280576,1.228288173675537
PPO_7,train/std,282624,1.2277714014053345
PPO_7,train/std,284672,1.2282859086990356
PPO_7,train/std,286720,1.229248285293579
PPO_7,train/std,288768,1.2296289205551147
PPO_7,train/std,290816,1.2280024290084839
PPO_7,train/std,292864,1.2293213605880737
PPO_7,train/std,294912,1.2316713333129883
PPO_7,train/std,296960,1.2339897155761719
PPO_7,train/std,299008,1.2378119230270386
PPO_7,train/std,301056,1.2381559610366821
PPO_7,train/value_loss,4096,0.34671083092689514
PPO_7,train/value_loss,6144,0.11695040017366409
PPO_7,train/value_loss,8192,0.09099376201629639
PPO_7,train/value_loss,10240,0.07108642160892487
PPO_7,train/value_loss,12288,0.06270217150449753
PPO_7,train/value_loss,14336,0.05342686548829079
PPO_7,train/value_loss,16384,0.07146009802818298
PPO_7,train/value_loss,18432,0.051641788333654404
PPO_7,train/value_loss,20480,0.05096990615129471
PPO_7,train/value_loss,22528,0.03569899499416351
PPO_7,train/value_loss,24576,0.03307867422699928
PPO_7,train/value_loss,26624,0.029666611924767494
PPO_7,train/value_loss,28672,0.03938199579715729
PPO_7,train/value_loss,30720,0.033266808837652206
PPO_7,train/value_loss,32768,0.029235174879431725
PPO_7,train/value_loss,34816,0.024548476561903954
PPO_7,train/value_loss,36864,0.021267740055918694
PPO_7,train/value_loss,38912,0.02155580185353756
PPO_7,train/value_loss,40960,0.019468002021312714
PPO_7,train/value_loss,43008,0.017076337710022926
PPO_7,train/value_loss,45056,0.01586763933300972
PPO_7,train/value_loss,47104,0.017300229519605637
PPO_7,train/value_loss,49152,0.013872443698346615
PPO_7,train/value_loss,51200,0.014575496315956116
PPO_7,train/value_loss,53248,0.011319339275360107
PPO_7,train/value_loss,55296,0.009984619915485382
PPO_7,train/value_loss,57344,0.008941472508013248
PPO_7,train/value_loss,59392,0.007259347941726446
PPO_7,train/value_loss,61440,0.007289422210305929
PPO_7,train/value_loss,63488,0.008666809648275375
PPO_7,train/value_loss,65536,0.007642366457730532
PPO_7,train/value_loss,67584,0.0057332515716552734
PPO_7,train/value_loss,69632,0.006333217490464449
PPO_7,train/value_loss,71680,0.004577774554491043
PPO_7,train/value_loss,73728,0.00612947391346097
PPO_7,train/value_loss,75776,0.006127913016825914
PPO_7,train/value_loss,77824,0.004791546612977982
PPO_7,train/value_loss,79872,0.0040384866297245026
PPO_7,train/value_loss,81920,0.0045947968028485775
PPO_7,train/value_loss,83968,0.0033490662463009357
PPO_7,train/value_loss,86016,0.003165389411151409
PPO_7,train/value_loss,88064,0.004383163060992956
PPO_7,train/value_loss,90112,0.0025470545515418053
PPO_7,train/value_loss,92160,0.0032583768479526043
PPO_7,train/value_loss,94208,0.0024899523705244064
PPO_7,train/value_loss,96256,0.0033450929913669825
PPO_7,train/value_loss,98304,0.002288312651216984
PPO_7,train/value_loss,100352,0.0021054570097476244
PPO_7,train/value_loss,102400,0.002526729367673397
PPO_7,train/value_loss,104448,0.001934999250806868
PPO_7,train/value_loss,106496,0.0025602143723517656
PPO_7,train/value_loss,108544,0.00227171229198575
PPO_7,train/value_loss,110592,0.002368951216340065
PPO_7,train/value_loss,112640,0.001718814135529101
PPO_7,train/value_loss,114688,0.0018533749971538782
PPO_7,train/value_loss,116736,0.0015030890936031938
PPO_7,train/value_loss,118784,0.0012670812429860234
PPO_7,train/value_loss,120832,0.001620682654902339
PPO_7,train/value_loss,122880,0.0016490406123921275
PPO_7,train/value_loss,124928,0.0027118143625557423
PPO_7,train/value_loss,126976,0.0014122958527877927
PPO_7,train/value_loss,129024,0.001026224927045405
PPO_7,train/value_loss,131072,0.001901747309602797
PPO_7,train/value_loss,133120,0.001983781810849905
PPO_7,train/value_loss,135168,0.0013457058230414987
PPO_7,train/value_loss,137216,0.0008813883760012686
PPO_7,train/value_loss,139264,0.0007580136298201978
PPO_7,train/value_loss,141312,0.002344250213354826
PPO_7,train/value_loss,143360,0.0012967453803867102
PPO_7,train/value_loss,145408,0.0008790504070930183
PPO_7,train/value_loss,147456,0.0013226524461060762
PPO_7,train/value_loss,149504,0.001122970599681139
PPO_7,train/value_loss,151552,0.000818318803794682
PPO_7,train/value_loss,153600,0.0010293801315128803
PPO_7,train/value_loss,155648,0.0006449319189414382
PPO_7,train/value_loss,157696,0.0006465423502959311
PPO_7,train/value_loss,159744,0.0009240703075192869
PPO_7,train/value_loss,161792,0.0005931092891842127
PPO_7,train/value_loss,163840,0.0007078387425281107
PPO_7,train/value_loss,165888,0.0005798761267215014
PPO_7,train/value_loss,167936,0.0004975032643415034
PPO_7,train/value_loss,169984,0.0007199899409897625
PPO_7,train/value_loss,172032,0.0006978597957640886
PPO_7,train/value_loss,174080,0.00127788120880723
PPO_7,train/value_loss,176128,0.0004508127167355269
PPO_7,train/value_loss,178176,0.0004165670252405107
PPO_7,train/value_loss,180224,0.00029909226577728987
PPO_7,train/value_loss,182272,0.0005279550096020103
PPO_7,train/value_loss,184320,0.0002957308024633676
PPO_7,train/value_loss,186368,0.0003624688251875341
PPO_7,train/value_loss,188416,0.00038756520370952785
PPO_7,train/value_loss,190464,0.0007888881955295801
PPO_7,train/value_loss,192512,0.00033553229877725244
PPO_7,train/value_loss,194560,0.00034976418828591704
PPO_7,train/value_loss,196608,0.00027591187972575426
PPO_7,train/value_loss,198656,0.00045381076051853597
PPO_7,train/value_loss,200704,0.0005160003784112632
PPO_7,train/value_loss,202752,0.0002880267857108265
PPO_7,train/value_loss,204800,0.0002605259360279888
PPO_7,train/value_loss,206848,0.0004225113370921463
PPO_7,train/value_loss,208896,0.0003614023153204471
PPO_7,train/value_loss,210944,0.00018377149535808712
PPO_7,train/value_loss,212992,0.0003049677179660648
PPO_7,train/value_loss,215040,0.00020575070811901242
PPO_7,train/value_loss,217088,0.0004231327911838889
PPO_7,train/value_loss,219136,0.00022586628620047122
PPO_7,train/value_loss,221184,0.0005461320979520679
PPO_7,train/value_loss,223232,0.00033517228439450264
PPO_7,train/value_loss,225280,0.0003353749343659729
PPO_7,train/value_loss,227328,0.0005070455954410136
PPO_7,train/value_loss,229376,0.0001793936244212091
PPO_7,train/value_loss,231424,0.000528395117726177
PPO_7,train/value_loss,233472,0.00025218373048119247
PPO_7,train/value_loss,235520,0.00022489034745376557
PPO_7,train/value_loss,237568,0.00015935522969812155
PPO_7,train/value_loss,239616,0.000283134140772745
PPO_7,train/value_loss,241664,0.00026943476404994726
PPO_7,train/value_loss,243712,0.0007467504474334419
PPO_7,train/value_loss,245760,0.00048750301357358694
PPO_7,train/value_loss,247808,0.000224571384023875
PPO_7,train/value_loss,249856,0.00018831074703484774
PPO_7,train/value_loss,251904,0.0002882159606087953
PPO_7,train/value_loss,253952,0.0008050951873883605
PPO_7,train/value_loss,256000,0.0010177821386605501
PPO_7,train/value_loss,258048,0.0002986318722832948
PPO_7,train/value_loss,260096,0.000561118999030441
PPO_7,train/value_loss,262144,0.00021276694315019995
PPO_7,train/value_loss,264192,0.00012007869372610003
PPO_7,train/value_loss,266240,0.0002948810870293528
PPO_7,train/value_loss,268288,0.00024594750721007586
PPO_7,train/value_loss,270336,0.00022605912818107754
PPO_7,train/value_loss,272384,0.00027035301900468767
PPO_7,train/value_loss,274432,0.00020393644808791578
PPO_7,train/value_loss,276480,0.00010278149420628324
PPO_7,train/value_loss,278528,0.0001262849400518462
PPO_7,train/value_loss,280576,0.0008620518492534757
PPO_7,train/value_loss,282624,0.0005237856530584395
PPO_7,train/value_loss,284672,0.00040833745151758194
PPO_7,train/value_loss,286720,0.00011971939966315404
PPO_7,train/value_loss,288768,0.0001408978132531047
PPO_7,train/value_loss,290816,0.00012659055937547237
PPO_7,train/value_loss,292864,0.00013054684677626938
PPO_7,train/value_loss,294912,0.00041500883526168764
PPO_7,train/value_loss,296960,9.528180089546368e-05
PPO_7,train/value_loss,299008,0.00019357819110155106
PPO_7,train/value_loss,301056,8.849668665789068e-05
PPO_8,time/fps,2048,1421.0
PPO_8,time/fps,4096,1355.0
PPO_8,time/fps,6144,1327.0
PPO_8,time/fps,8192,1319.0
PPO_8,time/fps,10240,1305.0
PPO_8,time/fps,12288,1302.0
PPO_8,time/fps,14336,1299.0
PPO_8,time/fps,16384,1300.0
PPO_8,time/fps,18432,1297.0
PPO_8,time/fps,20480,1291.0
PPO_8,time/fps,22528,1286.0
PPO_8,time/fps,24576,1287.0
PPO_8,time/fps,26624,1285.0
PPO_8,time/fps,28672,1286.0
PPO_8,time/fps,30720,1278.0
PPO_8,time/fps,32768,1273.0
PPO_8,time/fps,34816,1266.0
PPO_8,time/fps,36864,1261.0
PPO_8,time/fps,38912,1261.0
PPO_8,time/fps,40960,1261.0
PPO_8,time/fps,43008,1257.0
PPO_8,time/fps,45056,1253.0
PPO_8,time/fps,47104,1249.0
PPO_8,time/fps,49152,1246.0
PPO_8,time/fps,51200,1244.0
PPO_8,time/fps,53248,1246.0
PPO_8,time/fps,55296,1248.0
PPO_8,time/fps,57344,1249.0
PPO_8,time/fps,59392,1251.0
PPO_8,time/fps,61440,1251.0
PPO_8,time/fps,63488,1252.0
PPO_8,time/fps,65536,1254.0
PPO_8,time/fps,67584,1255.0
PPO_8,time/fps,69632,1253.0
PPO_8,time/fps,71680,1254.0
PPO_8,time/fps,73728,1255.0
PPO_8,time/fps,75776,1256.0
PPO_8,time/fps,77824,1253.0
PPO_8,time/fps,79872,1254.0
PPO_8,time/fps,81920,1255.0
PPO_8,time/fps,83968,1256.0
PPO_8,time/fps,86016,1257.0
PPO_8,time/fps,88064,1257.0
PPO_8,time/fps,90112,1258.0
PPO_8,time/fps,92160,1259.0
PPO_8,time/fps,94208,1258.0
PPO_8,time/fps,96256,1256.0
PPO_8,time/fps,98304,1256.0
PPO_8,time/fps,100352,1254.0
PPO_8,time/fps,102400,1254.0
PPO_8,time/fps,104448,1253.0
PPO_8,time/fps,106496,1254.0
PPO_8,time/fps,108544,1255.0
PPO_8,time/fps,110592,1255.0
PPO_8,time/fps,112640,1255.0
PPO_8,time/fps,114688,1256.0
PPO_8,time/fps,116736,1256.0
PPO_8,time/fps,118784,1257.0
PPO_8,time/fps,120832,1258.0
PPO_8,time/fps,122880,1258.0
PPO_8,time/fps,124928,1258.0
PPO_8,time/fps,126976,1257.0
PPO_8,time/fps,129024,1257.0
PPO_8,time/fps,131072,1257.0
PPO_8,time/fps,133120,1257.0
PPO_8,time/fps,135168,1258.0
PPO_8,time/fps,137216,1258.0
PPO_8,time/fps,139264,1258.0
PPO_8,time/fps,141312,1258.0
PPO_8,time/fps,143360,1258.0
PPO_8,time/fps,145408,1259.0
PPO_8,time/fps,147456,1259.0
PPO_8,time/fps,149504,1259.0
PPO_8,time/fps,151552,1259.0
PPO_8,time/fps,153600,1259.0
PPO_8,time/fps,155648,1257.0
PPO_8,time/fps,157696,1258.0
PPO_8,time/fps,159744,1258.0
PPO_8,time/fps,161792,1258.0
PPO_8,time/fps,163840,1257.0
PPO_8,time/fps,165888,1257.0
PPO_8,time/fps,167936,1258.0
PPO_8,time/fps,169984,1258.0
PPO_8,time/fps,172032,1259.0
PPO_8,time/fps,174080,1259.0
PPO_8,time/fps,176128,1260.0
PPO_8,time/fps,178176,1260.0
PPO_8,time/fps,180224,1259.0
PPO_8,time/fps,182272,1258.0
PPO_8,time/fps,184320,1257.0
PPO_8,time/fps,186368,1256.0
PPO_8,time/fps,188416,1255.0
PPO_8,time/fps,190464,1254.0
PPO_8,time/fps,192512,1253.0
PPO_8,time/fps,194560,1252.0
PPO_8,time/fps,196608,1252.0
PPO_8,time/fps,198656,1252.0
PPO_8,time/fps,200704,1252.0
PPO_8,time/fps,202752,1252.0
PPO_8,time/fps,204800,1252.0
PPO_8,time/fps,206848,1252.0
PPO_8,time/fps,208896,1252.0
PPO_8,time/fps,210944,1252.0
PPO_8,time/fps,212992,1252.0
PPO_8,time/fps,215040,1252.0
PPO_8,time/fps,217088,1251.0
PPO_8,time/fps,219136,1251.0
PPO_8,time/fps,221184,1250.0
PPO_8,time/fps,223232,1249.0
PPO_8,time/fps,225280,1249.0
PPO_8,time/fps,227328,1248.0
PPO_8,time/fps,229376,1247.0
PPO_8,time/fps,231424,1246.0
PPO_8,time/fps,233472,1245.0
PPO_8,time/fps,235520,1244.0
PPO_8,time/fps,237568,1244.0
PPO_8,time/fps,239616,1243.0
PPO_8,time/fps,241664,1242.0
PPO_8,time/fps,243712,1242.0
PPO_8,time/fps,245760,1241.0
PPO_8,time/fps,247808,1240.0
PPO_8,time/fps,249856,1240.0
PPO_8,time/fps,251904,1240.0
PPO_8,time/fps,253952,1239.0
PPO_8,time/fps,256000,1239.0
PPO_8,time/fps,258048,1238.0
PPO_8,time/fps,260096,1237.0
PPO_8,time/fps,262144,1237.0
PPO_8,time/fps,264192,1237.0
PPO_8,time/fps,266240,1237.0
PPO_8,time/fps,268288,1237.0
PPO_8,time/fps,270336,1238.0
PPO_8,time/fps,272384,1238.0
PPO_8,time/fps,274432,1238.0
PPO_8,time/fps,276480,1239.0
PPO_8,time/fps,278528,1239.0
PPO_8,time/fps,280576,1239.0
PPO_8,time/fps,282624,1240.0
PPO_8,time/fps,284672,1240.0
PPO_8,time/fps,286720,1240.0
PPO_8,time/fps,288768,1240.0
PPO_8,time/fps,290816,1240.0
PPO_8,time/fps,292864,1241.0
PPO_8,time/fps,294912,1241.0
PPO_8,time/fps,296960,1241.0
PPO_8,time/fps,299008,1242.0
PPO_8,time/fps,301056,1242.0
PPO_8,train/approx_kl,4096,0.013493533246219158
PPO_8,train/approx_kl,6144,0.015114201232790947
PPO_8,train/approx_kl,8192,0.014722736552357674
PPO_8,train/approx_kl,10240,0.014833640307188034
PPO_8,train/approx_kl,12288,0.01666368544101715
PPO_8,train/approx_kl,14336,0.015292818658053875
PPO_8,train/approx_kl,16384,0.015202797017991543
PPO_8,train/approx_kl,18432,0.013122916221618652
PPO_8,train/approx_kl,20480,0.01570890098810196
PPO_8,train/approx_kl,22528,0.016163885593414307
PPO_8,train/approx_kl,24576,0.0161005649715662
PPO_8,train/approx_kl,26624,0.01420523226261139
PPO_8,train/approx_kl,28672,0.017592735588550568
PPO_8,train/approx_kl,30720,0.011006409302353859
PPO_8,train/approx_kl,32768,0.015353959053754807
PPO_8,train/approx_kl,34816,0.011113200336694717
PPO_8,train/approx_kl,36864,0.01795027405023575
PPO_8,train/approx_kl,38912,0.015528599731624126
PPO_8,train/approx_kl,40960,0.013894263654947281
PPO_8,train/approx_kl,43008,0.014299714006483555
PPO_8,train/approx_kl,45056,0.01780434511601925
PPO_8,train/approx_kl,47104,0.017370734363794327
PPO_8,train/approx_kl,49152,0.0168851837515831
PPO_8,train/approx_kl,51200,0.015802597627043724
PPO_8,train/approx_kl,53248,0.01527199987322092
PPO_8,train/approx_kl,55296,0.016567673534154892
PPO_8,train/approx_kl,57344,0.0202927403151989
PPO_8,train/approx_kl,59392,0.014315996319055557
PPO_8,train/approx_kl,61440,0.017512444406747818
PPO_8,train/approx_kl,63488,0.01636103168129921
PPO_8,train/approx_kl,65536,0.01596946455538273
PPO_8,train/approx_kl,67584,0.018765764310956
PPO_8,train/approx_kl,69632,0.01861274242401123
PPO_8,train/approx_kl,71680,0.017800750210881233
PPO_8,train/approx_kl,73728,0.017651202157139778
PPO_8,train/approx_kl,75776,0.014531716704368591
PPO_8,train/approx_kl,77824,0.01692824810743332
PPO_8,train/approx_kl,79872,0.01330791600048542
PPO_8,train/approx_kl,81920,0.016566485166549683
PPO_8,train/approx_kl,83968,0.017687566578388214
PPO_8,train/approx_kl,86016,0.016936304047703743
PPO_8,train/approx_kl,88064,0.014247862622141838
PPO_8,train/approx_kl,90112,0.017260853201150894
PPO_8,train/approx_kl,92160,0.017056308686733246
PPO_8,train/approx_kl,94208,0.01741398498415947
PPO_8,train/approx_kl,96256,0.018638860434293747
PPO_8,train/approx_kl,98304,0.015716295689344406
PPO_8,train/approx_kl,100352,0.01737835630774498
PPO_8,train/approx_kl,102400,0.016375698149204254
PPO_8,train/approx_kl,104448,0.015559297055006027
PPO_8,train/approx_kl,106496,0.015394654124975204
PPO_8,train/approx_kl,108544,0.016678348183631897
PPO_8,train/approx_kl,110592,0.01606595702469349
PPO_8,train/approx_kl,112640,0.017010316252708435
PPO_8,train/approx_kl,114688,0.016548123210668564
PPO_8,train/approx_kl,116736,0.018406465649604797
PPO_8,train/approx_kl,118784,0.01662665233016014
PPO_8,train/approx_kl,120832,0.016961533576250076
PPO_8,train/approx_kl,122880,0.019008517265319824
PPO_8,train/approx_kl,124928,0.01733475551009178
PPO_8,train/approx_kl,126976,0.01934664510190487
PPO_8,train/approx_kl,129024,0.019413575530052185
PPO_8,train/approx_kl,131072,0.019987987354397774
PPO_8,train/approx_kl,133120,0.021633394062519073
PPO_8,train/approx_kl,135168,0.01635589450597763
PPO_8,train/approx_kl,137216,0.01940404251217842
PPO_8,train/approx_kl,139264,0.020220866426825523
PPO_8,train/approx_kl,141312,0.019803788512945175
PPO_8,train/approx_kl,143360,0.018580123782157898
PPO_8,train/approx_kl,145408,0.016596248373389244
PPO_8,train/approx_kl,147456,0.01701885461807251
PPO_8,train/approx_kl,149504,0.018956532701849937
PPO_8,train/approx_kl,151552,0.017841991037130356
PPO_8,train/approx_kl,153600,0.019227545708417892
PPO_8,train/approx_kl,155648,0.018359385430812836
PPO_8,train/approx_kl,157696,0.018178023397922516
PPO_8,train/approx_kl,159744,0.014632456004619598
PPO_8,train/approx_kl,161792,0.017477769404649734
PPO_8,train/approx_kl,163840,0.016446124762296677
PPO_8,train/approx_kl,165888,0.018129855394363403
PPO_8,train/approx_kl,167936,0.017645254731178284
PPO_8,train/approx_kl,169984,0.019917108118534088
PPO_8,train/approx_kl,172032,0.017275404185056686
PPO_8,train/approx_kl,174080,0.019340060651302338
PPO_8,train/approx_kl,176128,0.01938817650079727
PPO_8,train/approx_kl,178176,0.018824439495801926
PPO_8,train/approx_kl,180224,0.019450563937425613
PPO_8,train/approx_kl,182272,0.01920252852141857
PPO_8,train/approx_kl,184320,0.016064796596765518
PPO_8,train/approx_kl,186368,0.019131366163492203
PPO_8,train/approx_kl,188416,0.019222330302000046
PPO_8,train/approx_kl,190464,0.016909591853618622
PPO_8,train/approx_kl,192512,0.018490830436348915
PPO_8,train/approx_kl,194560,0.018356066197156906
PPO_8,train/approx_kl,196608,0.01960909366607666
PPO_8,train/approx_kl,198656,0.019707124680280685
PPO_8,train/approx_kl,200704,0.018746275454759598
PPO_8,train/approx_kl,202752,0.01776641234755516
PPO_8,train/approx_kl,204800,0.015814991667866707
PPO_8,train/approx_kl,206848,0.01755465380847454
PPO_8,train/approx_kl,208896,0.019201116636395454
PPO_8,train/approx_kl,210944,0.018123414367437363
PPO_8,train/approx_kl,212992,0.018563495948910713
PPO_8,train/approx_kl,215040,0.01885678619146347
PPO_8,train/approx_kl,217088,0.019016873091459274
PPO_8,train/approx_kl,219136,0.020463407039642334
PPO_8,train/approx_kl,221184,0.020208925008773804
PPO_8,train/approx_kl,223232,0.01838534325361252
PPO_8,train/approx_kl,225280,0.02232268825173378
PPO_8,train/approx_kl,227328,0.019103681668639183
PPO_8,train/approx_kl,229376,0.01846999302506447
PPO_8,train/approx_kl,231424,0.017552651464939117
PPO_8,train/approx_kl,233472,0.0186990387737751
PPO_8,train/approx_kl,235520,0.019636040553450584
PPO_8,train/approx_kl,237568,0.021714117377996445
PPO_8,train/approx_kl,239616,0.018935102969408035
PPO_8,train/approx_kl,241664,0.020637154579162598
PPO_8,train/approx_kl,243712,0.01941169984638691
PPO_8,train/approx_kl,245760,0.01839069277048111
PPO_8,train/approx_kl,247808,0.019134052097797394
PPO_8,train/approx_kl,249856,0.018950391560792923
PPO_8,train/approx_kl,251904,0.017360549420118332
PPO_8,train/approx_kl,253952,0.018024872988462448
PPO_8,train/approx_kl,256000,0.01740485616028309
PPO_8,train/approx_kl,258048,0.013668994419276714
PPO_8,train/approx_kl,260096,0.016989052295684814
PPO_8,train/approx_kl,262144,0.016486238688230515
PPO_8,train/approx_kl,264192,0.02009313553571701
PPO_8,train/approx_kl,266240,0.01960945874452591
PPO_8,train/approx_kl,268288,0.02001139149069786
PPO_8,train/approx_kl,270336,0.02041235938668251
PPO_8,train/approx_kl,272384,0.021719716489315033
PPO_8,train/approx_kl,274432,0.020454218611121178
PPO_8,train/approx_kl,276480,0.017970271408557892
PPO_8,train/approx_kl,278528,0.018421705812215805
PPO_8,train/approx_kl,280576,0.01684449426829815
PPO_8,train/approx_kl,282624,0.017379330471158028
PPO_8,train/approx_kl,284672,0.019743699580430984
PPO_8,train/approx_kl,286720,0.020143579691648483
PPO_8,train/approx_kl,288768,0.01971723511815071
PPO_8,train/approx_kl,290816,0.018645666539669037
PPO_8,train/approx_kl,292864,0.018205178901553154
PPO_8,train/approx_kl,294912,0.018550600856542587
PPO_8,train/approx_kl,296960,0.018791133537888527
PPO_8,train/approx_kl,299008,0.019300514832139015
PPO_8,train/approx_kl,301056,0.016713470220565796
PPO_8,train/clip_fraction,4096,0.13364258408546448
PPO_8,train/clip_fraction,6144,0.13994140923023224
PPO_8,train/clip_fraction,8192,0.12822265923023224
PPO_8,train/clip_fraction,10240,0.12958984076976776
PPO_8,train/clip_fraction,12288,0.15229491889476776
PPO_8,train/clip_fraction,14336,0.14628906548023224
PPO_8,train/clip_fraction,16384,0.12910155951976776
PPO_8,train/clip_fraction,18432,0.108154296875
PPO_8,train/clip_fraction,20480,0.14418944716453552
PPO_8,train/clip_fraction,22528,0.15048828721046448
PPO_8,train/clip_fraction,24576,0.15009765326976776
PPO_8,train/clip_fraction,26624,0.11757812649011612
PPO_8,train/clip_fraction,28672,0.17006835341453552
PPO_8,train/clip_fraction,30720,0.07666015625
PPO_8,train/clip_fraction,32768,0.152587890625
PPO_8,train/clip_fraction,34816,0.06435547024011612
PPO_8,train/clip_fraction,36864,0.17397460341453552
PPO_8,train/clip_fraction,38912,0.144287109375
PPO_8,train/clip_fraction,40960,0.12446288764476776
PPO_8,train/clip_fraction,43008,0.13369140028953552
PPO_8,train/clip_fraction,45056,0.178466796875
PPO_8,train/clip_fraction,47104,0.18496093153953552
PPO_8,train/clip_fraction,49152,0.16416016221046448
PPO_8,train/clip_fraction,51200,0.16484375298023224
PPO_8,train/clip_fraction,53248,0.16000977158546448
PPO_8,train/clip_fraction,55296,0.161376953125
PPO_8,train/clip_fraction,57344,0.19472655653953552
PPO_8,train/clip_fraction,59392,0.13852539658546448
PPO_8,train/clip_fraction,61440,0.17587891221046448
PPO_8,train/clip_fraction,63488,0.14838866889476776
PPO_8,train/clip_fraction,65536,0.16909179091453552
PPO_8,train/clip_fraction,67584,0.18471679091453552
PPO_8,train/clip_fraction,69632,0.19350585341453552
PPO_8,train/clip_fraction,71680,0.19096679985523224
PPO_8,train/clip_fraction,73728,0.180419921875
PPO_8,train/clip_fraction,75776,0.13603515923023224
PPO_8,train/clip_fraction,77824,0.165771484375
PPO_8,train/clip_fraction,79872,0.10541991889476776
PPO_8,train/clip_fraction,81920,0.17084960639476776
PPO_8,train/clip_fraction,83968,0.18989257514476776
PPO_8,train/clip_fraction,86016,0.17490234971046448
PPO_8,train/clip_fraction,88064,0.114501953125
PPO_8,train/clip_fraction,90112,0.16074219346046448
PPO_8,train/clip_fraction,92160,0.175537109375
PPO_8,train/clip_fraction,94208,0.13652344048023224
PPO_8,train/clip_fraction,96256,0.19155272841453552
PPO_8,train/clip_fraction,98304,0.16572265326976776
PPO_8,train/clip_fraction,100352,0.19516602158546448
PPO_8,train/clip_fraction,102400,0.17661133408546448
PPO_8,train/clip_fraction,104448,0.15043945610523224
PPO_8,train/clip_fraction,106496,0.14238281548023224
PPO_8,train/clip_fraction,108544,0.161376953125
PPO_8,train/clip_fraction,110592,0.16811522841453552
PPO_8,train/clip_fraction,112640,0.16391602158546448
PPO_8,train/clip_fraction,114688,0.16367188096046448
PPO_8,train/clip_fraction,116736,0.18315429985523224
PPO_8,train/clip_fraction,118784,0.16459961235523224
PPO_8,train/clip_fraction,120832,0.172607421875
PPO_8,train/clip_fraction,122880,0.18535156548023224
PPO_8,train/clip_fraction,124928,0.18833008408546448
PPO_8,train/clip_fraction,126976,0.21533203125
PPO_8,train/clip_fraction,129024,0.20576171576976776
PPO_8,train/clip_fraction,131072,0.20522460341453552
PPO_8,train/clip_fraction,133120,0.21513672173023224
PPO_8,train/clip_fraction,135168,0.12954100966453552
PPO_8,train/clip_fraction,137216,0.19584961235523224
PPO_8,train/clip_fraction,139264,0.20913085341453552
PPO_8,train/clip_fraction,141312,0.18930664658546448
PPO_8,train/clip_fraction,143360,0.19443359971046448
PPO_8,train/clip_fraction,145408,0.17866210639476776
PPO_8,train/clip_fraction,147456,0.1474609375
PPO_8,train/clip_fraction,149504,0.18344727158546448
PPO_8,train/clip_fraction,151552,0.18500976264476776
PPO_8,train/clip_fraction,153600,0.19560547173023224
PPO_8,train/clip_fraction,155648,0.17670898139476776
PPO_8,train/clip_fraction,157696,0.17880859971046448
PPO_8,train/clip_fraction,159744,0.11948242038488388
PPO_8,train/clip_fraction,161792,0.15927734971046448
PPO_8,train/clip_fraction,163840,0.14462891221046448
PPO_8,train/clip_fraction,165888,0.17807617783546448
PPO_8,train/clip_fraction,167936,0.18046875298023224
PPO_8,train/clip_fraction,169984,0.20122070610523224
PPO_8,train/clip_fraction,172032,0.12836913764476776
PPO_8,train/clip_fraction,174080,0.20361328125
PPO_8,train/clip_fraction,176128,0.20156249403953552
PPO_8,train/clip_fraction,178176,0.20209960639476776
PPO_8,train/clip_fraction,180224,0.19790038466453552
PPO_8,train/clip_fraction,182272,0.20859375596046448
PPO_8,train/clip_fraction,184320,0.14633789658546448
PPO_8,train/clip_fraction,186368,0.18266601860523224
PPO_8,train/clip_fraction,188416,0.18754883110523224
PPO_8,train/clip_fraction,190464,0.16064453125
PPO_8,train/clip_fraction,192512,0.18403320014476776
PPO_8,train/clip_fraction,194560,0.19873046875
PPO_8,train/clip_fraction,196608,0.19462890923023224
PPO_8,train/clip_fraction,198656,0.20839843153953552
PPO_8,train/clip_fraction,200704,0.18251952528953552
PPO_8,train/clip_fraction,202752,0.138671875
PPO_8,train/clip_fraction,204800,0.14082030951976776
PPO_8,train/clip_fraction,206848,0.16420897841453552
PPO_8,train/clip_fraction,208896,0.16953125596046448
PPO_8,train/clip_fraction,210944,0.20429687201976776
PPO_8,train/clip_fraction,212992,0.19790038466453552
PPO_8,train/clip_fraction,215040,0.18876953423023224
PPO_8,train/clip_fraction,217088,0.23041991889476776
PPO_8,train/clip_fraction,219136,0.20781250298023224
PPO_8,train/clip_fraction,221184,0.19306640326976776
PPO_8,train/clip_fraction,223232,0.17915038764476776
PPO_8,train/clip_fraction,225280,0.21967773139476776
PPO_8,train/clip_fraction,227328,0.18212890625
PPO_8,train/clip_fraction,229376,0.16557617485523224
PPO_8,train/clip_fraction,231424,0.18950195610523224
PPO_8,train/clip_fraction,233472,0.223388671875
PPO_8,train/clip_fraction,235520,0.184814453125
PPO_8,train/clip_fraction,237568,0.226318359375
PPO_8,train/clip_fraction,239616,0.177978515625
PPO_8,train/clip_fraction,241664,0.21489258110523224
PPO_8,train/clip_fraction,243712,0.15834960341453552
PPO_8,train/clip_fraction,245760,0.13520507514476776
PPO_8,train/clip_fraction,247808,0.19326171278953552
PPO_8,train/clip_fraction,249856,0.21831054985523224
PPO_8,train/clip_fraction,251904,0.184326171875
PPO_8,train/clip_fraction,253952,0.16298827528953552
PPO_8,train/clip_fraction,256000,0.17875976860523224
PPO_8,train/clip_fraction,258048,0.09306640923023224
PPO_8,train/clip_fraction,260096,0.157470703125
PPO_8,train/clip_fraction,262144,0.12783202528953552
PPO_8,train/clip_fraction,264192,0.19135741889476776
PPO_8,train/clip_fraction,266240,0.19423827528953552
PPO_8,train/clip_fraction,268288,0.21010741591453552
PPO_8,train/clip_fraction,270336,0.21333007514476776
PPO_8,train/clip_fraction,272384,0.22910156846046448
PPO_8,train/clip_fraction,274432,0.20371094346046448
PPO_8,train/clip_fraction,276480,0.18984374403953552
PPO_8,train/clip_fraction,278528,0.16147461533546448
PPO_8,train/clip_fraction,280576,0.15053710341453552
PPO_8,train/clip_fraction,282624,0.14272460341453552
PPO_8,train/clip_fraction,284672,0.21210937201976776
PPO_8,train/clip_fraction,286720,0.22329100966453552
PPO_8,train/clip_fraction,288768,0.19570311903953552
PPO_8,train/clip_fraction,290816,0.18955078721046448
PPO_8,train/clip_fraction,292864,0.18232421576976776
PPO_8,train/clip_fraction,294912,0.16123047471046448
PPO_8,train/clip_fraction,296960,0.2109375
PPO_8,train/clip_fraction,299008,0.200439453125
PPO_8,train/clip_fraction,301056,0.16972656548023224
PPO_8,train/clip_range,4096,0.20000000298023224
PPO_8,train/clip_range,6144,0.20000000298023224
PPO_8,train/clip_range,8192,0.20000000298023224
PPO_8,train/clip_range,10240,0.20000000298023224
PPO_8,train/clip_range,12288,0.20000000298023224
PPO_8,train/clip_range,14336,0.20000000298023224
PPO_8,train/clip_range,16384,0.20000000298023224
PPO_8,train/clip_range,18432,0.20000000298023224
PPO_8,train/clip_range,20480,0.20000000298023224
PPO_8,train/clip_range,22528,0.20000000298023224
PPO_8,train/clip_range,24576,0.20000000298023224
PPO_8,train/clip_range,26624,0.20000000298023224
PPO_8,train/clip_range,28672,0.20000000298023224
PPO_8,train/clip_range,30720,0.20000000298023224
PPO_8,train/clip_range,32768,0.20000000298023224
PPO_8,train/clip_range,34816,0.20000000298023224
PPO_8,train/clip_range,36864,0.20000000298023224
PPO_8,train/clip_range,38912,0.20000000298023224
PPO_8,train/clip_range,40960,0.20000000298023224
PPO_8,train/clip_range,43008,0.20000000298023224
PPO_8,train/clip_range,45056,0.20000000298023224
PPO_8,train/clip_range,47104,0.20000000298023224
PPO_8,train/clip_range,49152,0.20000000298023224
PPO_8,train/clip_range,51200,0.20000000298023224
PPO_8,train/clip_range,53248,0.20000000298023224
PPO_8,train/clip_range,55296,0.20000000298023224
PPO_8,train/clip_range,57344,0.20000000298023224
PPO_8,train/clip_range,59392,0.20000000298023224
PPO_8,train/clip_range,61440,0.20000000298023224
PPO_8,train/clip_range,63488,0.20000000298023224
PPO_8,train/clip_range,65536,0.20000000298023224
PPO_8,train/clip_range,67584,0.20000000298023224
PPO_8,train/clip_range,69632,0.20000000298023224
PPO_8,train/clip_range,71680,0.20000000298023224
PPO_8,train/clip_range,73728,0.20000000298023224
PPO_8,train/clip_range,75776,0.20000000298023224
PPO_8,train/clip_range,77824,0.20000000298023224
PPO_8,train/clip_range,79872,0.20000000298023224
PPO_8,train/clip_range,81920,0.20000000298023224
PPO_8,train/clip_range,83968,0.20000000298023224
PPO_8,train/clip_range,86016,0.20000000298023224
PPO_8,train/clip_range,88064,0.20000000298023224
PPO_8,train/clip_range,90112,0.20000000298023224
PPO_8,train/clip_range,92160,0.20000000298023224
PPO_8,train/clip_range,94208,0.20000000298023224
PPO_8,train/clip_range,96256,0.20000000298023224
PPO_8,train/clip_range,98304,0.20000000298023224
PPO_8,train/clip_range,100352,0.20000000298023224
PPO_8,train/clip_range,102400,0.20000000298023224
PPO_8,train/clip_range,104448,0.20000000298023224
PPO_8,train/clip_range,106496,0.20000000298023224
PPO_8,train/clip_range,108544,0.20000000298023224
PPO_8,train/clip_range,110592,0.20000000298023224
PPO_8,train/clip_range,112640,0.20000000298023224
PPO_8,train/clip_range,114688,0.20000000298023224
PPO_8,train/clip_range,116736,0.20000000298023224
PPO_8,train/clip_range,118784,0.20000000298023224
PPO_8,train/clip_range,120832,0.20000000298023224
PPO_8,train/clip_range,122880,0.20000000298023224
PPO_8,train/clip_range,124928,0.20000000298023224
PPO_8,train/clip_range,126976,0.20000000298023224
PPO_8,train/clip_range,129024,0.20000000298023224
PPO_8,train/clip_range,131072,0.20000000298023224
PPO_8,train/clip_range,133120,0.20000000298023224
PPO_8,train/clip_range,135168,0.20000000298023224
PPO_8,train/clip_range,137216,0.20000000298023224
PPO_8,train/clip_range,139264,0.20000000298023224
PPO_8,train/clip_range,141312,0.20000000298023224
PPO_8,train/clip_range,143360,0.20000000298023224
PPO_8,train/clip_range,145408,0.20000000298023224
PPO_8,train/clip_range,147456,0.20000000298023224
PPO_8,train/clip_range,149504,0.20000000298023224
PPO_8,train/clip_range,151552,0.20000000298023224
PPO_8,train/clip_range,153600,0.20000000298023224
PPO_8,train/clip_range,155648,0.20000000298023224
PPO_8,train/clip_range,157696,0.20000000298023224
PPO_8,train/clip_range,159744,0.20000000298023224
PPO_8,train/clip_range,161792,0.20000000298023224
PPO_8,train/clip_range,163840,0.20000000298023224
PPO_8,train/clip_range,165888,0.20000000298023224
PPO_8,train/clip_range,167936,0.20000000298023224
PPO_8,train/clip_range,169984,0.20000000298023224
PPO_8,train/clip_range,172032,0.20000000298023224
PPO_8,train/clip_range,174080,0.20000000298023224
PPO_8,train/clip_range,176128,0.20000000298023224
PPO_8,train/clip_range,178176,0.20000000298023224
PPO_8,train/clip_range,180224,0.20000000298023224
PPO_8,train/clip_range,182272,0.20000000298023224
PPO_8,train/clip_range,184320,0.20000000298023224
PPO_8,train/clip_range,186368,0.20000000298023224
PPO_8,train/clip_range,188416,0.20000000298023224
PPO_8,train/clip_range,190464,0.20000000298023224
PPO_8,train/clip_range,192512,0.20000000298023224
PPO_8,train/clip_range,194560,0.20000000298023224
PPO_8,train/clip_range,196608,0.20000000298023224
PPO_8,train/clip_range,198656,0.20000000298023224
PPO_8,train/clip_range,200704,0.20000000298023224
PPO_8,train/clip_range,202752,0.20000000298023224
PPO_8,train/clip_range,204800,0.20000000298023224
PPO_8,train/clip_range,206848,0.20000000298023224
PPO_8,train/clip_range,208896,0.20000000298023224
PPO_8,train/clip_range,210944,0.20000000298023224
PPO_8,train/clip_range,212992,0.20000000298023224
PPO_8,train/clip_range,215040,0.20000000298023224
PPO_8,train/clip_range,217088,0.20000000298023224
PPO_8,train/clip_range,219136,0.20000000298023224
PPO_8,train/clip_range,221184,0.20000000298023224
PPO_8,train/clip_range,223232,0.20000000298023224
PPO_8,train/clip_range,225280,0.20000000298023224
PPO_8,train/clip_range,227328,0.20000000298023224
PPO_8,train/clip_range,229376,0.20000000298023224
PPO_8,train/clip_range,231424,0.20000000298023224
PPO_8,train/clip_range,233472,0.20000000298023224
PPO_8,train/clip_range,235520,0.20000000298023224
PPO_8,train/clip_range,237568,0.20000000298023224
PPO_8,train/clip_range,239616,0.20000000298023224
PPO_8,train/clip_range,241664,0.20000000298023224
PPO_8,train/clip_range,243712,0.20000000298023224
PPO_8,train/clip_range,245760,0.20000000298023224
PPO_8,train/clip_range,247808,0.20000000298023224
PPO_8,train/clip_range,249856,0.20000000298023224
PPO_8,train/clip_range,251904,0.20000000298023224
PPO_8,train/clip_range,253952,0.20000000298023224
PPO_8,train/clip_range,256000,0.20000000298023224
PPO_8,train/clip_range,258048,0.20000000298023224
PPO_8,train/clip_range,260096,0.20000000298023224
PPO_8,train/clip_range,262144,0.20000000298023224
PPO_8,train/clip_range,264192,0.20000000298023224
PPO_8,train/clip_range,266240,0.20000000298023224
PPO_8,train/clip_range,268288,0.20000000298023224
PPO_8,train/clip_range,270336,0.20000000298023224
PPO_8,train/clip_range,272384,0.20000000298023224
PPO_8,train/clip_range,274432,0.20000000298023224
PPO_8,train/clip_range,276480,0.20000000298023224
PPO_8,train/clip_range,278528,0.20000000298023224
PPO_8,train/clip_range,280576,0.20000000298023224
PPO_8,train/clip_range,282624,0.20000000298023224
PPO_8,train/clip_range,284672,0.20000000298023224
PPO_8,train/clip_range,286720,0.20000000298023224
PPO_8,train/clip_range,288768,0.20000000298023224
PPO_8,train/clip_range,290816,0.20000000298023224
PPO_8,train/clip_range,292864,0.20000000298023224
PPO_8,train/clip_range,294912,0.20000000298023224
PPO_8,train/clip_range,296960,0.20000000298023224
PPO_8,train/clip_range,299008,0.20000000298023224
PPO_8,train/clip_range,301056,0.20000000298023224
PPO_8,train/entropy_loss,4096,-22.7123966217041
PPO_8,train/entropy_loss,6144,-22.741397857666016
PPO_8,train/entropy_loss,8192,-22.767230987548828
PPO_8,train/entropy_loss,10240,-22.779714584350586
PPO_8,train/entropy_loss,12288,-22.79084587097168
PPO_8,train/entropy_loss,14336,-22.809526443481445
PPO_8,train/entropy_loss,16384,-22.8107967376709
PPO_8,train/entropy_loss,18432,-22.80702781677246
PPO_8,train/entropy_loss,20480,-22.80866241455078
PPO_8,train/entropy_loss,22528,-22.827634811401367
PPO_8,train/entropy_loss,24576,-22.83186149597168
PPO_8,train/entropy_loss,26624,-22.85552406311035
PPO_8,train/entropy_loss,28672,-22.87984275817871
PPO_8,train/entropy_loss,30720,-22.89645767211914
PPO_8,train/entropy_loss,32768,-22.91829490661621
PPO_8,train/entropy_loss,34816,-22.932254791259766
PPO_8,train/entropy_loss,36864,-22.941532135009766
PPO_8,train/entropy_loss,38912,-22.95856475830078
PPO_8,train/entropy_loss,40960,-22.9541015625
PPO_8,train/entropy_loss,43008,-22.972806930541992
PPO_8,train/entropy_loss,45056,-23.004608154296875
PPO_8,train/entropy_loss,47104,-23.02967643737793
PPO_8,train/entropy_loss,49152,-23.03819465637207
PPO_8,train/entropy_loss,51200,-23.053325653076172
PPO_8,train/entropy_loss,53248,-23.071552276611328
PPO_8,train/entropy_loss,55296,-23.113656997680664
PPO_8,train/entropy_loss,57344,-23.152360916137695
PPO_8,train/entropy_loss,59392,-23.19708824157715
PPO_8,train/entropy_loss,61440,-23.224925994873047
PPO_8,train/entropy_loss,63488,-23.238115310668945
PPO_8,train/entropy_loss,65536,-23.23975372314453
PPO_8,train/entropy_loss,67584,-23.24542808532715
PPO_8,train/entropy_loss,69632,-23.250656127929688
PPO_8,train/entropy_loss,71680,-23.248939514160156
PPO_8,train/entropy_loss,73728,-23.242313385009766
PPO_8,train/entropy_loss,75776,-23.25592041015625
PPO_8,train/entropy_loss,77824,-23.287403106689453
PPO_8,train/entropy_loss,79872,-23.277862548828125
PPO_8,train/entropy_loss,81920,-23.269651412963867
PPO_8,train/entropy_loss,83968,-23.29842185974121
PPO_8,train/entropy_loss,86016,-23.295082092285156
PPO_8,train/entropy_loss,88064,-23.314754486083984
PPO_8,train/entropy_loss,90112,-23.374855041503906
PPO_8,train/entropy_loss,92160,-23.392871856689453
PPO_8,train/entropy_loss,94208,-23.39426612854004
PPO_8,train/entropy_loss,96256,-23.410221099853516
PPO_8,train/entropy_loss,98304,-23.403043746948242
PPO_8,train/entropy_loss,100352,-23.400543212890625
PPO_8,train/entropy_loss,102400,-23.4230899810791
PPO_8,train/entropy_loss,104448,-23.447891235351562
PPO_8,train/entropy_loss,106496,-23.461278915405273
PPO_8,train/entropy_loss,108544,-23.486600875854492
PPO_8,train/entropy_loss,110592,-23.480804443359375
PPO_8,train/entropy_loss,112640,-23.487178802490234
PPO_8,train/entropy_loss,114688,-23.501802444458008
PPO_8,train/entropy_loss,116736,-23.47482681274414
PPO_8,train/entropy_loss,118784,-23.460172653198242
PPO_8,train/entropy_loss,120832,-23.45575523376465
PPO_8,train/entropy_loss,122880,-23.449052810668945
PPO_8,train/entropy_loss,124928,-23.45562171936035
PPO_8,train/entropy_loss,126976,-23.47784996032715
PPO_8,train/entropy_loss,129024,-23.48188018798828
PPO_8,train/entropy_loss,131072,-23.49163246154785
PPO_8,train/entropy_loss,133120,-23.49163818359375
PPO_8,train/entropy_loss,135168,-23.487159729003906
PPO_8,train/entropy_loss,137216,-23.51698875427246
PPO_8,train/entropy_loss,139264,-23.523269653320312
PPO_8,train/entropy_loss,141312,-23.526487350463867
PPO_8,train/entropy_loss,143360,-23.552139282226562
PPO_8,train/entropy_loss,145408,-23.58539390563965
PPO_8,train/entropy_loss,147456,-23.619213104248047
PPO_8,train/entropy_loss,149504,-23.643665313720703
PPO_8,train/entropy_loss,151552,-23.658493041992188
PPO_8,train/entropy_loss,153600,-23.681737899780273
PPO_8,train/entropy_loss,155648,-23.702802658081055
PPO_8,train/entropy_loss,157696,-23.726259231567383
PPO_8,train/entropy_loss,159744,-23.740102767944336
PPO_8,train/entropy_loss,161792,-23.747753143310547
PPO_8,train/entropy_loss,163840,-23.787240982055664
PPO_8,train/entropy_loss,165888,-23.81276512145996
PPO_8,train/entropy_loss,167936,-23.822179794311523
PPO_8,train/entropy_loss,169984,-23.824020385742188
PPO_8,train/entropy_loss,172032,-23.823619842529297
PPO_8,train/entropy_loss,174080,-23.866113662719727
PPO_8,train/entropy_loss,176128,-23.907663345336914
PPO_8,train/entropy_loss,178176,-23.934669494628906
PPO_8,train/entropy_loss,180224,-23.94241714477539
PPO_8,train/entropy_loss,182272,-23.95096778869629
PPO_8,train/entropy_loss,184320,-23.97484016418457
PPO_8,train/entropy_loss,186368,-23.985626220703125
PPO_8,train/entropy_loss,188416,-24.015336990356445
PPO_8,train/entropy_loss,190464,-24.059465408325195
PPO_8,train/entropy_loss,192512,-24.10710334777832
PPO_8,train/entropy_loss,194560,-24.160030364990234
PPO_8,train/entropy_loss,196608,-24.19235610961914
PPO_8,train/entropy_loss,198656,-24.196516036987305
PPO_8,train/entropy_loss,200704,-24.20842170715332
PPO_8,train/entropy_loss,202752,-24.21959686279297
PPO_8,train/entropy_loss,204800,-24.26752471923828
PPO_8,train/entropy_loss,206848,-24.277807235717773
PPO_8,train/entropy_loss,208896,-24.313478469848633
PPO_8,train/entropy_loss,210944,-24.37520980834961
PPO_8,train/entropy_loss,212992,-24.419816970825195
PPO_8,train/entropy_loss,215040,-24.473472595214844
PPO_8,train/entropy_loss,217088,-24.49842643737793
PPO_8,train/entropy_loss,219136,-24.523754119873047
PPO_8,train/entropy_loss,221184,-24.55644416809082
PPO_8,train/entropy_loss,223232,-24.59304428100586
PPO_8,train/entropy_loss,225280,-24.6059627532959
PPO_8,train/entropy_loss,227328,-24.632495880126953
PPO_8,train/entropy_loss,229376,-24.644819259643555
PPO_8,train/entropy_loss,231424,-24.620473861694336
PPO_8,train/entropy_loss,233472,-24.612218856811523
PPO_8,train/entropy_loss,235520,-24.638410568237305
PPO_8,train/entropy_loss,237568,-24.664831161499023
PPO_8,train/entropy_loss,239616,-24.68511390686035
PPO_8,train/entropy_loss,241664,-24.707874298095703
PPO_8,train/entropy_loss,243712,-24.73737907409668
PPO_8,train/entropy_loss,245760,-24.788326263427734
PPO_8,train/entropy_loss,247808,-24.84958839416504
PPO_8,train/entropy_loss,249856,-24.870664596557617
PPO_8,train/entropy_loss,251904,-24.890506744384766
PPO_8,train/entropy_loss,253952,-24.917404174804688
PPO_8,train/entropy_loss,256000,-24.9768009185791
PPO_8,train/entropy_loss,258048,-24.996902465820312
PPO_8,train/entropy_loss,260096,-25.02741813659668
PPO_8,train/entropy_loss,262144,-25.04538917541504
PPO_8,train/entropy_loss,264192,-25.066631317138672
PPO_8,train/entropy_loss,266240,-25.09625244140625
PPO_8,train/entropy_loss,268288,-25.117658615112305
PPO_8,train/entropy_loss,270336,-25.1425838470459
PPO_8,train/entropy_loss,272384,-25.141416549682617
PPO_8,train/entropy_loss,274432,-25.15721893310547
PPO_8,train/entropy_loss,276480,-25.17426300048828
PPO_8,train/entropy_loss,278528,-25.16389274597168
PPO_8,train/entropy_loss,280576,-25.178604125976562
PPO_8,train/entropy_loss,282624,-25.21196746826172
PPO_8,train/entropy_loss,284672,-25.228891372680664
PPO_8,train/entropy_loss,286720,-25.25102424621582
PPO_8,train/entropy_loss,288768,-25.277172088623047
PPO_8,train/entropy_loss,290816,-25.304935455322266
PPO_8,train/entropy_loss,292864,-25.311260223388672
PPO_8,train/entropy_loss,294912,-25.326278686523438
PPO_8,train/entropy_loss,296960,-25.341829299926758
PPO_8,train/entropy_loss,299008,-25.35786247253418
PPO_8,train/entropy_loss,301056,-25.39005470275879
PPO_8,train/explained_variance,4096,-0.303027868270874
PPO_8,train/explained_variance,6144,-0.08229684829711914
PPO_8,train/explained_variance,8192,0.3769165873527527
PPO_8,train/explained_variance,10240,0.4892163872718811
PPO_8,train/explained_variance,12288,0.8218634128570557
PPO_8,train/explained_variance,14336,0.4106811285018921
PPO_8,train/explained_variance,16384,0.880401074886322
PPO_8,train/explained_variance,18432,0.8882910013198853
PPO_8,train/explained_variance,20480,0.611169695854187
PPO_8,train/explained_variance,22528,0.8638853430747986
PPO_8,train/explained_variance,24576,0.4807783365249634
PPO_8,train/explained_variance,26624,0.8821467757225037
PPO_8,train/explained_variance,28672,0.5903734564781189
PPO_8,train/explained_variance,30720,0.7315152287483215
PPO_8,train/explained_variance,32768,0.39339005947113037
PPO_8,train/explained_variance,34816,-1.2484118938446045
PPO_8,train/explained_variance,36864,0.6031113862991333
PPO_8,train/explained_variance,38912,0.6673641800880432
PPO_8,train/explained_variance,40960,0.7900404930114746
PPO_8,train/explained_variance,43008,0.7832701802253723
PPO_8,train/explained_variance,45056,0.8934300541877747
PPO_8,train/explained_variance,47104,0.746589183807373
PPO_8,train/explained_variance,49152,0.5326550602912903
PPO_8,train/explained_variance,51200,0.3751841187477112
PPO_8,train/explained_variance,53248,0.8311133980751038
PPO_8,train/explained_variance,55296,0.8161667585372925
PPO_8,train/explained_variance,57344,0.7993459105491638
PPO_8,train/explained_variance,59392,0.7356802225112915
PPO_8,train/explained_variance,61440,0.4525025486946106
PPO_8,train/explained_variance,63488,0.5454832315444946
PPO_8,train/explained_variance,65536,0.8109688758850098
PPO_8,train/explained_variance,67584,0.7634890675544739
PPO_8,train/explained_variance,69632,0.48907041549682617
PPO_8,train/explained_variance,71680,0.564237117767334
PPO_8,train/explained_variance,73728,0.8078628778457642
PPO_8,train/explained_variance,75776,0.856445848941803
PPO_8,train/explained_variance,77824,0.7199019193649292
PPO_8,train/explained_variance,79872,0.04464387893676758
PPO_8,train/explained_variance,81920,0.5063610076904297
PPO_8,train/explained_variance,83968,0.665641188621521
PPO_8,train/explained_variance,86016,0.7351082563400269
PPO_8,train/explained_variance,88064,0.4692991375923157
PPO_8,train/explained_variance,90112,0.39647942781448364
PPO_8,train/explained_variance,92160,0.6248668432235718
PPO_8,train/explained_variance,94208,0.05156069993972778
PPO_8,train/explained_variance,96256,0.6830797791481018
PPO_8,train/explained_variance,98304,0.7653268575668335
PPO_8,train/explained_variance,100352,0.7429481744766235
PPO_8,train/explained_variance,102400,0.8554782867431641
PPO_8,train/explained_variance,104448,0.763038158416748
PPO_8,train/explained_variance,106496,0.45818591117858887
PPO_8,train/explained_variance,108544,0.7520172595977783
PPO_8,train/explained_variance,110592,0.7032920122146606
PPO_8,train/explained_variance,112640,0.81148761510849
PPO_8,train/explained_variance,114688,0.7744858860969543
PPO_8,train/explained_variance,116736,0.7017122507095337
PPO_8,train/explained_variance,118784,0.8281043171882629
PPO_8,train/explained_variance,120832,0.8701869249343872
PPO_8,train/explained_variance,122880,0.8470182418823242
PPO_8,train/explained_variance,124928,0.9020013213157654
PPO_8,train/explained_variance,126976,0.8322945833206177
PPO_8,train/explained_variance,129024,0.8561906814575195
PPO_8,train/explained_variance,131072,0.8058264255523682
PPO_8,train/explained_variance,133120,0.8206263780593872
PPO_8,train/explained_variance,135168,0.5174352526664734
PPO_8,train/explained_variance,137216,0.8393236398696899
PPO_8,train/explained_variance,139264,0.8407744765281677
PPO_8,train/explained_variance,141312,0.8575639724731445
PPO_8,train/explained_variance,143360,0.8487408757209778
PPO_8,train/explained_variance,145408,0.8929649591445923
PPO_8,train/explained_variance,147456,0.4993593692779541
PPO_8,train/explained_variance,149504,0.8650069236755371
PPO_8,train/explained_variance,151552,0.9253501892089844
PPO_8,train/explained_variance,153600,0.8818715214729309
PPO_8,train/explained_variance,155648,0.5370937585830688
PPO_8,train/explained_variance,157696,0.8892024755477905
PPO_8,train/explained_variance,159744,0.3909561038017273
PPO_8,train/explained_variance,161792,0.7107419967651367
PPO_8,train/explained_variance,163840,0.7350289225578308
PPO_8,train/explained_variance,165888,0.871361255645752
PPO_8,train/explained_variance,167936,0.8801607489585876
PPO_8,train/explained_variance,169984,0.8397089242935181
PPO_8,train/explained_variance,172032,0.5715448260307312
PPO_8,train/explained_variance,174080,0.8040935397148132
PPO_8,train/explained_variance,176128,0.8679479360580444
PPO_8,train/explained_variance,178176,0.8703533411026001
PPO_8,train/explained_variance,180224,0.8050045371055603
PPO_8,train/explained_variance,182272,0.8873910903930664
PPO_8,train/explained_variance,184320,-0.024047255516052246
PPO_8,train/explained_variance,186368,0.859766960144043
PPO_8,train/explained_variance,188416,0.8737025260925293
PPO_8,train/explained_variance,190464,0.4899255633354187
PPO_8,train/explained_variance,192512,0.8822660446166992
PPO_8,train/explained_variance,194560,0.9073895215988159
PPO_8,train/explained_variance,196608,0.8869126439094543
PPO_8,train/explained_variance,198656,0.8649997115135193
PPO_8,train/explained_variance,200704,0.914050281047821
PPO_8,train/explained_variance,202752,0.6103082299232483
PPO_8,train/explained_variance,204800,0.5750981569290161
PPO_8,train/explained_variance,206848,0.4857409596443176
PPO_8,train/explained_variance,208896,0.42123788595199585
PPO_8,train/explained_variance,210944,0.8775529265403748
PPO_8,train/explained_variance,212992,0.8694336414337158
PPO_8,train/explained_variance,215040,0.916528582572937
PPO_8,train/explained_variance,217088,0.9008509516716003
PPO_8,train/explained_variance,219136,0.8481197357177734
PPO_8,train/explained_variance,221184,0.9402637481689453
PPO_8,train/explained_variance,223232,0.8216846585273743
PPO_8,train/explained_variance,225280,0.8806569576263428
PPO_8,train/explained_variance,227328,0.724063515663147
PPO_8,train/explained_variance,229376,0.6496055126190186
PPO_8,train/explained_variance,231424,0.9506021738052368
PPO_8,train/explained_variance,233472,0.9429568648338318
PPO_8,train/explained_variance,235520,0.9652350544929504
PPO_8,train/explained_variance,237568,0.9351728558540344
PPO_8,train/explained_variance,239616,0.9264640808105469
PPO_8,train/explained_variance,241664,0.9506644606590271
PPO_8,train/explained_variance,243712,0.7268043756484985
PPO_8,train/explained_variance,245760,0.7353948950767517
PPO_8,train/explained_variance,247808,0.9219889640808105
PPO_8,train/explained_variance,249856,0.9496609568595886
PPO_8,train/explained_variance,251904,0.9454737901687622
PPO_8,train/explained_variance,253952,0.786983847618103
PPO_8,train/explained_variance,256000,0.9171372056007385
PPO_8,train/explained_variance,258048,0.2434266209602356
PPO_8,train/explained_variance,260096,0.8449373245239258
PPO_8,train/explained_variance,262144,0.7639048099517822
PPO_8,train/explained_variance,264192,0.8997035026550293
PPO_8,train/explained_variance,266240,0.8804572224617004
PPO_8,train/explained_variance,268288,0.9446596503257751
PPO_8,train/explained_variance,270336,0.9539483785629272
PPO_8,train/explained_variance,272384,0.9293421506881714
PPO_8,train/explained_variance,274432,0.9513470530509949
PPO_8,train/explained_variance,276480,0.9102757573127747
PPO_8,train/explained_variance,278528,0.46862852573394775
PPO_8,train/explained_variance,280576,0.06706130504608154
PPO_8,train/explained_variance,282624,0.5943213105201721
PPO_8,train/explained_variance,284672,0.9218660593032837
PPO_8,train/explained_variance,286720,0.9226260781288147
PPO_8,train/explained_variance,288768,0.92154860496521
PPO_8,train/explained_variance,290816,0.9513301253318787
PPO_8,train/explained_variance,292864,0.8727493286132812
PPO_8,train/explained_variance,294912,0.7600379586219788
PPO_8,train/explained_variance,296960,0.9051095247268677
PPO_8,train/explained_variance,299008,0.9201865792274475
PPO_8,train/explained_variance,301056,0.9011664986610413
PPO_8,train/learning_rate,4096,0.0003000000142492354
PPO_8,train/learning_rate,6144,0.0003000000142492354
PPO_8,train/learning_rate,8192,0.0003000000142492354
PPO_8,train/learning_rate,10240,0.0003000000142492354
PPO_8,train/learning_rate,12288,0.0003000000142492354
PPO_8,train/learning_rate,14336,0.0003000000142492354
PPO_8,train/learning_rate,16384,0.0003000000142492354
PPO_8,train/learning_rate,18432,0.0003000000142492354
PPO_8,train/learning_rate,20480,0.0003000000142492354
PPO_8,train/learning_rate,22528,0.0003000000142492354
PPO_8,train/learning_rate,24576,0.0003000000142492354
PPO_8,train/learning_rate,26624,0.0003000000142492354
PPO_8,train/learning_rate,28672,0.0003000000142492354
PPO_8,train/learning_rate,30720,0.0003000000142492354
PPO_8,train/learning_rate,32768,0.0003000000142492354
PPO_8,train/learning_rate,34816,0.0003000000142492354
PPO_8,train/learning_rate,36864,0.0003000000142492354
PPO_8,train/learning_rate,38912,0.0003000000142492354
PPO_8,train/learning_rate,40960,0.0003000000142492354
PPO_8,train/learning_rate,43008,0.0003000000142492354
PPO_8,train/learning_rate,45056,0.0003000000142492354
PPO_8,train/learning_rate,47104,0.0003000000142492354
PPO_8,train/learning_rate,49152,0.0003000000142492354
PPO_8,train/learning_rate,51200,0.0003000000142492354
PPO_8,train/learning_rate,53248,0.0003000000142492354
PPO_8,train/learning_rate,55296,0.0003000000142492354
PPO_8,train/learning_rate,57344,0.0003000000142492354
PPO_8,train/learning_rate,59392,0.0003000000142492354
PPO_8,train/learning_rate,61440,0.0003000000142492354
PPO_8,train/learning_rate,63488,0.0003000000142492354
PPO_8,train/learning_rate,65536,0.0003000000142492354
PPO_8,train/learning_rate,67584,0.0003000000142492354
PPO_8,train/learning_rate,69632,0.0003000000142492354
PPO_8,train/learning_rate,71680,0.0003000000142492354
PPO_8,train/learning_rate,73728,0.0003000000142492354
PPO_8,train/learning_rate,75776,0.0003000000142492354
PPO_8,train/learning_rate,77824,0.0003000000142492354
PPO_8,train/learning_rate,79872,0.0003000000142492354
PPO_8,train/learning_rate,81920,0.0003000000142492354
PPO_8,train/learning_rate,83968,0.0003000000142492354
PPO_8,train/learning_rate,86016,0.0003000000142492354
PPO_8,train/learning_rate,88064,0.0003000000142492354
PPO_8,train/learning_rate,90112,0.0003000000142492354
PPO_8,train/learning_rate,92160,0.0003000000142492354
PPO_8,train/learning_rate,94208,0.0003000000142492354
PPO_8,train/learning_rate,96256,0.0003000000142492354
PPO_8,train/learning_rate,98304,0.0003000000142492354
PPO_8,train/learning_rate,100352,0.0003000000142492354
PPO_8,train/learning_rate,102400,0.0003000000142492354
PPO_8,train/learning_rate,104448,0.0003000000142492354
PPO_8,train/learning_rate,106496,0.0003000000142492354
PPO_8,train/learning_rate,108544,0.0003000000142492354
PPO_8,train/learning_rate,110592,0.0003000000142492354
PPO_8,train/learning_rate,112640,0.0003000000142492354
PPO_8,train/learning_rate,114688,0.0003000000142492354
PPO_8,train/learning_rate,116736,0.0003000000142492354
PPO_8,train/learning_rate,118784,0.0003000000142492354
PPO_8,train/learning_rate,120832,0.0003000000142492354
PPO_8,train/learning_rate,122880,0.0003000000142492354
PPO_8,train/learning_rate,124928,0.0003000000142492354
PPO_8,train/learning_rate,126976,0.0003000000142492354
PPO_8,train/learning_rate,129024,0.0003000000142492354
PPO_8,train/learning_rate,131072,0.0003000000142492354
PPO_8,train/learning_rate,133120,0.0003000000142492354
PPO_8,train/learning_rate,135168,0.0003000000142492354
PPO_8,train/learning_rate,137216,0.0003000000142492354
PPO_8,train/learning_rate,139264,0.0003000000142492354
PPO_8,train/learning_rate,141312,0.0003000000142492354
PPO_8,train/learning_rate,143360,0.0003000000142492354
PPO_8,train/learning_rate,145408,0.0003000000142492354
PPO_8,train/learning_rate,147456,0.0003000000142492354
PPO_8,train/learning_rate,149504,0.0003000000142492354
PPO_8,train/learning_rate,151552,0.0003000000142492354
PPO_8,train/learning_rate,153600,0.0003000000142492354
PPO_8,train/learning_rate,155648,0.0003000000142492354
PPO_8,train/learning_rate,157696,0.0003000000142492354
PPO_8,train/learning_rate,159744,0.0003000000142492354
PPO_8,train/learning_rate,161792,0.0003000000142492354
PPO_8,train/learning_rate,163840,0.0003000000142492354
PPO_8,train/learning_rate,165888,0.0003000000142492354
PPO_8,train/learning_rate,167936,0.0003000000142492354
PPO_8,train/learning_rate,169984,0.0003000000142492354
PPO_8,train/learning_rate,172032,0.0003000000142492354
PPO_8,train/learning_rate,174080,0.0003000000142492354
PPO_8,train/learning_rate,176128,0.0003000000142492354
PPO_8,train/learning_rate,178176,0.0003000000142492354
PPO_8,train/learning_rate,180224,0.0003000000142492354
PPO_8,train/learning_rate,182272,0.0003000000142492354
PPO_8,train/learning_rate,184320,0.0003000000142492354
PPO_8,train/learning_rate,186368,0.0003000000142492354
PPO_8,train/learning_rate,188416,0.0003000000142492354
PPO_8,train/learning_rate,190464,0.0003000000142492354
PPO_8,train/learning_rate,192512,0.0003000000142492354
PPO_8,train/learning_rate,194560,0.0003000000142492354
PPO_8,train/learning_rate,196608,0.0003000000142492354
PPO_8,train/learning_rate,198656,0.0003000000142492354
PPO_8,train/learning_rate,200704,0.0003000000142492354
PPO_8,train/learning_rate,202752,0.0003000000142492354
PPO_8,train/learning_rate,204800,0.0003000000142492354
PPO_8,train/learning_rate,206848,0.0003000000142492354
PPO_8,train/learning_rate,208896,0.0003000000142492354
PPO_8,train/learning_rate,210944,0.0003000000142492354
PPO_8,train/learning_rate,212992,0.0003000000142492354
PPO_8,train/learning_rate,215040,0.0003000000142492354
PPO_8,train/learning_rate,217088,0.0003000000142492354
PPO_8,train/learning_rate,219136,0.0003000000142492354
PPO_8,train/learning_rate,221184,0.0003000000142492354
PPO_8,train/learning_rate,223232,0.0003000000142492354
PPO_8,train/learning_rate,225280,0.0003000000142492354
PPO_8,train/learning_rate,227328,0.0003000000142492354
PPO_8,train/learning_rate,229376,0.0003000000142492354
PPO_8,train/learning_rate,231424,0.0003000000142492354
PPO_8,train/learning_rate,233472,0.0003000000142492354
PPO_8,train/learning_rate,235520,0.0003000000142492354
PPO_8,train/learning_rate,237568,0.0003000000142492354
PPO_8,train/learning_rate,239616,0.0003000000142492354
PPO_8,train/learning_rate,241664,0.0003000000142492354
PPO_8,train/learning_rate,243712,0.0003000000142492354
PPO_8,train/learning_rate,245760,0.0003000000142492354
PPO_8,train/learning_rate,247808,0.0003000000142492354
PPO_8,train/learning_rate,249856,0.0003000000142492354
PPO_8,train/learning_rate,251904,0.0003000000142492354
PPO_8,train/learning_rate,253952,0.0003000000142492354
PPO_8,train/learning_rate,256000,0.0003000000142492354
PPO_8,train/learning_rate,258048,0.0003000000142492354
PPO_8,train/learning_rate,260096,0.0003000000142492354
PPO_8,train/learning_rate,262144,0.0003000000142492354
PPO_8,train/learning_rate,264192,0.0003000000142492354
PPO_8,train/learning_rate,266240,0.0003000000142492354
PPO_8,train/learning_rate,268288,0.0003000000142492354
PPO_8,train/learning_rate,270336,0.0003000000142492354
PPO_8,train/learning_rate,272384,0.0003000000142492354
PPO_8,train/learning_rate,274432,0.0003000000142492354
PPO_8,train/learning_rate,276480,0.0003000000142492354
PPO_8,train/learning_rate,278528,0.0003000000142492354
PPO_8,train/learning_rate,280576,0.0003000000142492354
PPO_8,train/learning_rate,282624,0.0003000000142492354
PPO_8,train/learning_rate,284672,0.0003000000142492354
PPO_8,train/learning_rate,286720,0.0003000000142492354
PPO_8,train/learning_rate,288768,0.0003000000142492354
PPO_8,train/learning_rate,290816,0.0003000000142492354
PPO_8,train/learning_rate,292864,0.0003000000142492354
PPO_8,train/learning_rate,294912,0.0003000000142492354
PPO_8,train/learning_rate,296960,0.0003000000142492354
PPO_8,train/learning_rate,299008,0.0003000000142492354
PPO_8,train/learning_rate,301056,0.0003000000142492354
PPO_8,train/loss,4096,-0.24291124939918518
PPO_8,train/loss,6144,-0.2723100185394287
PPO_8,train/loss,8192,-0.2736981511116028
PPO_8,train/loss,10240,-0.26603472232818604
PPO_8,train/loss,12288,-0.266836941242218
PPO_8,train/loss,14336,-0.2751810550689697
PPO_8,train/loss,16384,-0.27925238013267517
PPO_8,train/loss,18432,-0.2652454078197479
PPO_8,train/loss,20480,-0.29601481556892395
PPO_8,train/loss,22528,-0.278583824634552
PPO_8,train/loss,24576,-0.28004878759384155
PPO_8,train/loss,26624,-0.2642260491847992
PPO_8,train/loss,28672,-0.29309675097465515
PPO_8,train/loss,30720,-0.2532704174518585
PPO_8,train/loss,32768,-0.2903180420398712
PPO_8,train/loss,34816,-0.24261674284934998
PPO_8,train/loss,36864,-0.2890094220638275
PPO_8,train/loss,38912,-0.2950984239578247
PPO_8,train/loss,40960,-0.2748432457447052
PPO_8,train/loss,43008,-0.27553513646125793
PPO_8,train/loss,45056,-0.2865988612174988
PPO_8,train/loss,47104,-0.2972449064254761
PPO_8,train/loss,49152,-0.28674057126045227
PPO_8,train/loss,51200,-0.3120911419391632
PPO_8,train/loss,53248,-0.28591376543045044
PPO_8,train/loss,55296,-0.3015536069869995
PPO_8,train/loss,57344,-0.3007255494594574
PPO_8,train/loss,59392,-0.3040560483932495
PPO_8,train/loss,61440,-0.3128049075603485
PPO_8,train/loss,63488,-0.29593876004219055
PPO_8,train/loss,65536,-0.29972249269485474
PPO_8,train/loss,67584,-0.3079022169113159
PPO_8,train/loss,69632,-0.307395339012146
PPO_8,train/loss,71680,-0.30121684074401855
PPO_8,train/loss,73728,-0.30589067935943604
PPO_8,train/loss,75776,-0.2741873860359192
PPO_8,train/loss,77824,-0.30535998940467834
PPO_8,train/loss,79872,-0.22054362297058105
PPO_8,train/loss,81920,-0.29459673166275024
PPO_8,train/loss,83968,-0.3156503140926361
PPO_8,train/loss,86016,-0.2938467860221863
PPO_8,train/loss,88064,-0.248711496591568
PPO_8,train/loss,90112,-0.2886965870857239
PPO_8,train/loss,92160,-0.30018603801727295
PPO_8,train/loss,94208,-0.2756040692329407
PPO_8,train/loss,96256,-0.31608349084854126
PPO_8,train/loss,98304,-0.3067820370197296
PPO_8,train/loss,100352,-0.3029555082321167
PPO_8,train/loss,102400,-0.30085983872413635
PPO_8,train/loss,104448,-0.2997778058052063
PPO_8,train/loss,106496,-0.28134363889694214
PPO_8,train/loss,108544,-0.29289376735687256
PPO_8,train/loss,110592,-0.3106768727302551
PPO_8,train/loss,112640,-0.3028518259525299
PPO_8,train/loss,114688,-0.2958182096481323
PPO_8,train/loss,116736,-0.3160126209259033
PPO_8,train/loss,118784,-0.30579543113708496
PPO_8,train/loss,120832,-0.2952003479003906
PPO_8,train/loss,122880,-0.30779024958610535
PPO_8,train/loss,124928,-0.30078789591789246
PPO_8,train/loss,126976,-0.3132220208644867
PPO_8,train/loss,129024,-0.3102610409259796
PPO_8,train/loss,131072,-0.30568477511405945
PPO_8,train/loss,133120,-0.3192914128303528
PPO_8,train/loss,135168,-0.253554105758667
PPO_8,train/loss,137216,-0.2992279529571533
PPO_8,train/loss,139264,-0.3192916214466095
PPO_8,train/loss,141312,-0.322045236825943
PPO_8,train/loss,143360,-0.325419157743454
PPO_8,train/loss,145408,-0.2984328866004944
PPO_8,train/loss,147456,-0.2947692275047302
PPO_8,train/loss,149504,-0.31945833563804626
PPO_8,train/loss,151552,-0.3107217252254486
PPO_8,train/loss,153600,-0.3127298057079315
PPO_8,train/loss,155648,-0.31150344014167786
PPO_8,train/loss,157696,-0.31812745332717896
PPO_8,train/loss,159744,-0.28717637062072754
PPO_8,train/loss,161792,-0.2668325901031494
PPO_8,train/loss,163840,-0.29425886273384094
PPO_8,train/loss,165888,-0.3062649369239807
PPO_8,train/loss,167936,-0.31805992126464844
PPO_8,train/loss,169984,-0.3150530755519867
PPO_8,train/loss,172032,-0.26936474442481995
PPO_8,train/loss,174080,-0.3217431902885437
PPO_8,train/loss,176128,-0.32037705183029175
PPO_8,train/loss,178176,-0.31994643807411194
PPO_8,train/loss,180224,-0.3051212430000305
PPO_8,train/loss,182272,-0.3287487328052521
PPO_8,train/loss,184320,-0.3007621467113495
PPO_8,train/loss,186368,-0.311398446559906
PPO_8,train/loss,188416,-0.3266695737838745
PPO_8,train/loss,190464,-0.30000922083854675
PPO_8,train/loss,192512,-0.30445969104766846
PPO_8,train/loss,194560,-0.32242217659950256
PPO_8,train/loss,196608,-0.32515060901641846
PPO_8,train/loss,198656,-0.32283633947372437
PPO_8,train/loss,200704,-0.3210643231868744
PPO_8,train/loss,202752,-0.2791326344013214
PPO_8,train/loss,204800,-0.2772972285747528
PPO_8,train/loss,206848,-0.2932732403278351
PPO_8,train/loss,208896,-0.2987046241760254
PPO_8,train/loss,210944,-0.32854902744293213
PPO_8,train/loss,212992,-0.32877781987190247
PPO_8,train/loss,215040,-0.3200472593307495
PPO_8,train/loss,217088,-0.32658714056015015
PPO_8,train/loss,219136,-0.30387184023857117
PPO_8,train/loss,221184,-0.312870055437088
PPO_8,train/loss,223232,-0.32535335421562195
PPO_8,train/loss,225280,-0.32093122601509094
PPO_8,train/loss,227328,-0.31349846720695496
PPO_8,train/loss,229376,-0.2862682342529297
PPO_8,train/loss,231424,-0.33419379591941833
PPO_8,train/loss,233472,-0.32449549436569214
PPO_8,train/loss,235520,-0.33594200015068054
PPO_8,train/loss,237568,-0.3195406496524811
PPO_8,train/loss,239616,-0.32862764596939087
PPO_8,train/loss,241664,-0.32761630415916443
PPO_8,train/loss,243712,-0.28335705399513245
PPO_8,train/loss,245760,-0.2911626398563385
PPO_8,train/loss,247808,-0.323857843875885
PPO_8,train/loss,249856,-0.3212871253490448
PPO_8,train/loss,251904,-0.3253548741340637
PPO_8,train/loss,253952,-0.27680113911628723
PPO_8,train/loss,256000,-0.3192594051361084
PPO_8,train/loss,258048,-0.28044745326042175
PPO_8,train/loss,260096,-0.30043745040893555
PPO_8,train/loss,262144,-0.30059483647346497
PPO_8,train/loss,264192,-0.31565332412719727
PPO_8,train/loss,266240,-0.3158033788204193
PPO_8,train/loss,268288,-0.3288625478744507
PPO_8,train/loss,270336,-0.3290591239929199
PPO_8,train/loss,272384,-0.33962374925613403
PPO_8,train/loss,274432,-0.3289235830307007
PPO_8,train/loss,276480,-0.3274221420288086
PPO_8,train/loss,278528,-0.30535098910331726
PPO_8,train/loss,280576,-0.28330469131469727
PPO_8,train/loss,282624,-0.298611044883728
PPO_8,train/loss,284672,-0.32513514161109924
PPO_8,train/loss,286720,-0.33604660630226135
PPO_8,train/loss,288768,-0.32030045986175537
PPO_8,train/loss,290816,-0.3282454013824463
PPO_8,train/loss,292864,-0.3162245452404022
PPO_8,train/loss,294912,-0.30872851610183716
PPO_8,train/loss,296960,-0.3315589129924774
PPO_8,train/loss,299008,-0.31895118951797485
PPO_8,train/loss,301056,-0.3290013372898102
PPO_8,train/policy_gradient_loss,4096,-0.03510843589901924
PPO_8,train/policy_gradient_loss,6144,-0.039094265550374985
PPO_8,train/policy_gradient_loss,8192,-0.03907495737075806
PPO_8,train/policy_gradient_loss,10240,-0.03864290937781334
PPO_8,train/policy_gradient_loss,12288,-0.04061931371688843
PPO_8,train/policy_gradient_loss,14336,-0.04109293594956398
PPO_8,train/policy_gradient_loss,16384,-0.04070911556482315
PPO_8,train/policy_gradient_loss,18432,-0.03315751254558563
PPO_8,train/policy_gradient_loss,20480,-0.042529817670583725
PPO_8,train/policy_gradient_loss,22528,-0.043071139603853226
PPO_8,train/policy_gradient_loss,24576,-0.04539947584271431
PPO_8,train/policy_gradient_loss,26624,-0.03667635843157768
PPO_8,train/policy_gradient_loss,28672,-0.04760192707180977
PPO_8,train/policy_gradient_loss,30720,-0.028778869658708572
PPO_8,train/policy_gradient_loss,32768,-0.0412878692150116
PPO_8,train/policy_gradient_loss,34816,-0.02434905432164669
PPO_8,train/policy_gradient_loss,36864,-0.04588676989078522
PPO_8,train/policy_gradient_loss,38912,-0.043111711740493774
PPO_8,train/policy_gradient_loss,40960,-0.03602501004934311
PPO_8,train/policy_gradient_loss,43008,-0.03700351342558861
PPO_8,train/policy_gradient_loss,45056,-0.047836098819971085
PPO_8,train/policy_gradient_loss,47104,-0.04882584512233734
PPO_8,train/policy_gradient_loss,49152,-0.04537920281291008
PPO_8,train/policy_gradient_loss,51200,-0.045160889625549316
PPO_8,train/policy_gradient_loss,53248,-0.04380884766578674
PPO_8,train/policy_gradient_loss,55296,-0.045546043664216995
PPO_8,train/policy_gradient_loss,57344,-0.049230948090553284
PPO_8,train/policy_gradient_loss,59392,-0.040883854031562805
PPO_8,train/policy_gradient_loss,61440,-0.04833653196692467
PPO_8,train/policy_gradient_loss,63488,-0.04099520668387413
PPO_8,train/policy_gradient_loss,65536,-0.0452619232237339
PPO_8,train/policy_gradient_loss,67584,-0.05200441554188728
PPO_8,train/policy_gradient_loss,69632,-0.04960360750555992
PPO_8,train/policy_gradient_loss,71680,-0.04894952476024628
PPO_8,train/policy_gradient_loss,73728,-0.044973667711019516
PPO_8,train/policy_gradient_loss,75776,-0.03667566925287247
PPO_8,train/policy_gradient_loss,77824,-0.044150058180093765
PPO_8,train/policy_gradient_loss,79872,-0.02941848523914814
PPO_8,train/policy_gradient_loss,81920,-0.046764787286520004
PPO_8,train/policy_gradient_loss,83968,-0.050579722970724106
PPO_8,train/policy_gradient_loss,86016,-0.04782363772392273
PPO_8,train/policy_gradient_loss,88064,-0.03250514715909958
PPO_8,train/policy_gradient_loss,90112,-0.042163603007793427
PPO_8,train/policy_gradient_loss,92160,-0.04637182503938675
PPO_8,train/policy_gradient_loss,94208,-0.03539378568530083
PPO_8,train/policy_gradient_loss,96256,-0.05057572200894356
PPO_8,train/policy_gradient_loss,98304,-0.04644156992435455
PPO_8,train/policy_gradient_loss,100352,-0.04886332154273987
PPO_8,train/policy_gradient_loss,102400,-0.045584920793771744
PPO_8,train/policy_gradient_loss,104448,-0.0393371544778347
PPO_8,train/policy_gradient_loss,106496,-0.03731963410973549
PPO_8,train/policy_gradient_loss,108544,-0.043864037841558456
PPO_8,train/policy_gradient_loss,110592,-0.046222805976867676
PPO_8,train/policy_gradient_loss,112640,-0.04603375494480133
PPO_8,train/policy_gradient_loss,114688,-0.04783330485224724
PPO_8,train/policy_gradient_loss,116736,-0.050423361361026764
PPO_8,train/policy_gradient_loss,118784,-0.046098459511995316
PPO_8,train/policy_gradient_loss,120832,-0.04185062646865845
PPO_8,train/policy_gradient_loss,122880,-0.051635269075632095
PPO_8,train/policy_gradient_loss,124928,-0.046980276703834534
PPO_8,train/policy_gradient_loss,126976,-0.05068143457174301
PPO_8,train/policy_gradient_loss,129024,-0.05149609223008156
PPO_8,train/policy_gradient_loss,131072,-0.0534607470035553
PPO_8,train/policy_gradient_loss,133120,-0.054305948317050934
PPO_8,train/policy_gradient_loss,135168,-0.03470917046070099
PPO_8,train/policy_gradient_loss,137216,-0.049622077494859695
PPO_8,train/policy_gradient_loss,139264,-0.04914278909564018
PPO_8,train/policy_gradient_loss,141312,-0.05257050693035126
PPO_8,train/policy_gradient_loss,143360,-0.052403174340724945
PPO_8,train/policy_gradient_loss,145408,-0.04748101159930229
PPO_8,train/policy_gradient_loss,147456,-0.036111608147621155
PPO_8,train/policy_gradient_loss,149504,-0.04951086267828941
PPO_8,train/policy_gradient_loss,151552,-0.04869650676846504
PPO_8,train/policy_gradient_loss,153600,-0.05102776736021042
PPO_8,train/policy_gradient_loss,155648,-0.04461543262004852
PPO_8,train/policy_gradient_loss,157696,-0.048163898289203644
PPO_8,train/policy_gradient_loss,159744,-0.033797331154346466
PPO_8,train/policy_gradient_loss,161792,-0.03418763726949692
PPO_8,train/policy_gradient_loss,163840,-0.04157698526978493
PPO_8,train/policy_gradient_loss,165888,-0.05031781643629074
PPO_8,train/policy_gradient_loss,167936,-0.0499960295855999
PPO_8,train/policy_gradient_loss,169984,-0.05044551193714142
PPO_8,train/policy_gradient_loss,172032,-0.03279148042201996
PPO_8,train/policy_gradient_loss,174080,-0.051770761609077454
PPO_8,train/policy_gradient_loss,176128,-0.0541081503033638
PPO_8,train/policy_gradient_loss,178176,-0.052902624011039734
PPO_8,train/policy_gradient_loss,180224,-0.04696699604392052
PPO_8,train/policy_gradient_loss,182272,-0.05284518375992775
PPO_8,train/policy_gradient_loss,184320,-0.03623244911432266
PPO_8,train/policy_gradient_loss,186368,-0.04732246324419975
PPO_8,train/policy_gradient_loss,188416,-0.05141527205705643
PPO_8,train/policy_gradient_loss,190464,-0.04295306280255318
PPO_8,train/policy_gradient_loss,192512,-0.04594665765762329
PPO_8,train/policy_gradient_loss,194560,-0.05066000297665596
PPO_8,train/policy_gradient_loss,196608,-0.05201353505253792
PPO_8,train/policy_gradient_loss,198656,-0.05231371521949768
PPO_8,train/policy_gradient_loss,200704,-0.04752573370933533
PPO_8,train/policy_gradient_loss,202752,-0.029025981202721596
PPO_8,train/policy_gradient_loss,204800,-0.03925751894712448
PPO_8,train/policy_gradient_loss,206848,-0.03818138688802719
PPO_8,train/policy_gradient_loss,208896,-0.04222546145319939
PPO_8,train/policy_gradient_loss,210944,-0.04967082664370537
PPO_8,train/policy_gradient_loss,212992,-0.04954204708337784
PPO_8,train/policy_gradient_loss,215040,-0.050894808024168015
PPO_8,train/policy_gradient_loss,217088,-0.05304868519306183
PPO_8,train/policy_gradient_loss,219136,-0.043765839189291
PPO_8,train/policy_gradient_loss,221184,-0.05046912655234337
PPO_8,train/policy_gradient_loss,223232,-0.046883318573236465
PPO_8,train/policy_gradient_loss,225280,-0.052062831819057465
PPO_8,train/policy_gradient_loss,227328,-0.043035250157117844
PPO_8,train/policy_gradient_loss,229376,-0.039388854056596756
PPO_8,train/policy_gradient_loss,231424,-0.05330312252044678
PPO_8,train/policy_gradient_loss,233472,-0.052683744579553604
PPO_8,train/policy_gradient_loss,235520,-0.04980172961950302
PPO_8,train/policy_gradient_loss,237568,-0.05424297973513603
PPO_8,train/policy_gradient_loss,239616,-0.050216104835271835
PPO_8,train/policy_gradient_loss,241664,-0.05154957249760628
PPO_8,train/policy_gradient_loss,243712,-0.03476666286587715
PPO_8,train/policy_gradient_loss,245760,-0.03224826231598854
PPO_8,train/policy_gradient_loss,247808,-0.04949231818318367
PPO_8,train/policy_gradient_loss,249856,-0.051344532519578934
PPO_8,train/policy_gradient_loss,251904,-0.04923310503363609
PPO_8,train/policy_gradient_loss,253952,-0.03148379921913147
PPO_8,train/policy_gradient_loss,256000,-0.04657703638076782
PPO_8,train/policy_gradient_loss,258048,-0.023914454504847527
PPO_8,train/policy_gradient_loss,260096,-0.038979027420282364
PPO_8,train/policy_gradient_loss,262144,-0.03465570509433746
PPO_8,train/policy_gradient_loss,264192,-0.04771270975470543
PPO_8,train/policy_gradient_loss,266240,-0.04759322106838226
PPO_8,train/policy_gradient_loss,268288,-0.050476595759391785
PPO_8,train/policy_gradient_loss,270336,-0.0517193041741848
PPO_8,train/policy_gradient_loss,272384,-0.05595427006483078
PPO_8,train/policy_gradient_loss,274432,-0.050488173961639404
PPO_8,train/policy_gradient_loss,276480,-0.04754685238003731
PPO_8,train/policy_gradient_loss,278528,-0.03813770040869713
PPO_8,train/policy_gradient_loss,280576,-0.02732923813164234
PPO_8,train/policy_gradient_loss,282624,-0.03466087207198143
PPO_8,train/policy_gradient_loss,284672,-0.051187511533498764
PPO_8,train/policy_gradient_loss,286720,-0.05150919407606125
PPO_8,train/policy_gradient_loss,288768,-0.05101478472352028
PPO_8,train/policy_gradient_loss,290816,-0.05145439878106117
PPO_8,train/policy_gradient_loss,292864,-0.04104353114962578
PPO_8,train/policy_gradient_loss,294912,-0.04373300075531006
PPO_8,train/policy_gradient_loss,296960,-0.049470387399196625
PPO_8,train/policy_gradient_loss,299008,-0.04811730235815048
PPO_8,train/policy_gradient_loss,301056,-0.045545682311058044
PPO_8,train/std,4096,1.0012638568878174
PPO_8,train/std,6144,1.0032141208648682
PPO_8,train/std,8192,1.0050551891326904
PPO_8,train/std,10240,1.0046920776367188
PPO_8,train/std,12288,1.0067082643508911
PPO_8,train/std,14336,1.0065163373947144
PPO_8,train/std,16384,1.0070860385894775
PPO_8,train/std,18432,1.0061897039413452
PPO_8,train/std,20480,1.0078011751174927
PPO_8,train/std,22528,1.0081110000610352
PPO_8,train/std,24576,1.0085268020629883
PPO_8,train/std,26624,1.0110676288604736
PPO_8,train/std,28672,1.0116314888000488
PPO_8,train/std,30720,1.0131851434707642
PPO_8,train/std,32768,1.0146734714508057
PPO_8,train/std,34816,1.0146470069885254
PPO_8,train/std,36864,1.0158376693725586
PPO_8,train/std,38912,1.0168073177337646
PPO_8,train/std,40960,1.0164976119995117
PPO_8,train/std,43008,1.0182311534881592
PPO_8,train/std,45056,1.0206290483474731
PPO_8,train/std,47104,1.021049976348877
PPO_8,train/std,49152,1.0221023559570312
PPO_8,train/std,51200,1.0224450826644897
PPO_8,train/std,53248,1.025137186050415
PPO_8,train/std,55296,1.02703857421875
PPO_8,train/std,57344,1.0309216976165771
PPO_8,train/std,59392,1.0326635837554932
PPO_8,train/std,61440,1.03443443775177
PPO_8,train/std,63488,1.0344905853271484
PPO_8,train/std,65536,1.0347000360488892
PPO_8,train/std,67584,1.0350239276885986
PPO_8,train/std,69632,1.0350077152252197
PPO_8,train/std,71680,1.0351563692092896
PPO_8,train/std,73728,1.0351758003234863
PPO_8,train/std,75776,1.0363829135894775
PPO_8,train/std,77824,1.0385768413543701
PPO_8,train/std,79872,1.0351026058197021
PPO_8,train/std,81920,1.0381848812103271
PPO_8,train/std,83968,1.038590431213379
PPO_8,train/std,86016,1.0377930402755737
PPO_8,train/std,88064,1.0417200326919556
PPO_8,train/std,90112,1.044434666633606
PPO_8,train/std,92160,1.0445164442062378
PPO_8,train/std,94208,1.044866919517517
PPO_8,train/std,96256,1.0466985702514648
PPO_8,train/std,98304,1.044224739074707
PPO_8,train/std,100352,1.0461108684539795
PPO_8,train/std,102400,1.0476789474487305
PPO_8,train/std,104448,1.0486119985580444
PPO_8,train/std,106496,1.049834966659546
PPO_8,train/std,108544,1.0515987873077393
PPO_8,train/std,110592,1.0496516227722168
PPO_8,train/std,112640,1.0520005226135254
PPO_8,train/std,114688,1.0518311262130737
PPO_8,train/std,116736,1.0489766597747803
PPO_8,train/std,118784,1.0494403839111328
PPO_8,train/std,120832,1.0486209392547607
PPO_8,train/std,122880,1.0485351085662842
PPO_8,train/std,124928,1.049675703048706
PPO_8,train/std,126976,1.0508534908294678
PPO_8,train/std,129024,1.0507376194000244
PPO_8,train/std,131072,1.0521475076675415
PPO_8,train/std,133120,1.0505083799362183
PPO_8,train/std,135168,1.052193522453308
PPO_8,train/std,137216,1.0536532402038574
PPO_8,train/std,139264,1.0535330772399902
PPO_8,train/std,141312,1.0538967847824097
PPO_8,train/std,143360,1.056722640991211
PPO_8,train/std,145408,1.0585339069366455
PPO_8,train/std,147456,1.0609458684921265
PPO_8,train/std,149504,1.061657190322876
PPO_8,train/std,151552,1.0632253885269165
PPO_8,train/std,153600,1.065087080001831
PPO_8,train/std,155648,1.0659722089767456
PPO_8,train/std,157696,1.0677529573440552
PPO_8,train/std,159744,1.0682679414749146
PPO_8,train/std,161792,1.0693390369415283
PPO_8,train/std,163840,1.0728850364685059
PPO_8,train/std,165888,1.0728833675384521
PPO_8,train/std,167936,1.0742453336715698
PPO_8,train/std,169984,1.0731648206710815
PPO_8,train/std,172032,1.0747694969177246
PPO_8,train/std,174080,1.0777243375778198
PPO_8,train/std,176128,1.0806372165679932
PPO_8,train/std,178176,1.081606388092041
PPO_8,train/std,180224,1.0823053121566772
PPO_8,train/std,182272,1.0827431678771973
PPO_8,train/std,184320,1.0848809480667114
PPO_8,train/std,186368,1.0853354930877686
PPO_8,train/std,188416,1.0885497331619263
PPO_8,train/std,190464,1.0913602113723755
PPO_8,train/std,192512,1.09541916847229
PPO_8,train/std,194560,1.0983655452728271
PPO_8,train/std,196608,1.0997241735458374
PPO_8,train/std,198656,1.10033118724823
PPO_8,train/std,200704,1.1006739139556885
PPO_8,train/std,202752,1.1032553911209106
PPO_8,train/std,204800,1.1053117513656616
PPO_8,train/std,206848,1.1056045293807983
PPO_8,train/std,208896,1.110625147819519
PPO_8,train/std,210944,1.113622784614563
PPO_8,train/std,212992,1.1178226470947266
PPO_8,train/std,215040,1.12041437625885
PPO_8,train/std,217088,1.121780514717102
PPO_8,train/std,219136,1.123911738395691
PPO_8,train/std,221184,1.1267306804656982
PPO_8,train/std,223232,1.128126859664917
PPO_8,train/std,225280,1.1293151378631592
PPO_8,train/std,227328,1.131636381149292
PPO_8,train/std,229376,1.1308629512786865
PPO_8,train/std,231424,1.1290391683578491
PPO_8,train/std,233472,1.1301279067993164
PPO_8,train/std,235520,1.1321989297866821
PPO_8,train/std,237568,1.1336429119110107
PPO_8,train/std,239616,1.1357197761535645
PPO_8,train/std,241664,1.1375144720077515
PPO_8,train/std,243712,1.140467882156372
PPO_8,train/std,245760,1.1456983089447021
PPO_8,train/std,247808,1.1479383707046509
PPO_8,train/std,249856,1.1500225067138672
PPO_8,train/std,251904,1.1498219966888428
PPO_8,train/std,253952,1.1553144454956055
PPO_8,train/std,256000,1.1572271585464478
PPO_8,train/std,258048,1.1594265699386597
PPO_8,train/std,260096,1.1614993810653687
PPO_8,train/std,262144,1.1624455451965332
PPO_8,train/std,264192,1.164281964302063
PPO_8,train/std,266240,1.1666172742843628
PPO_8,train/std,268288,1.1690566539764404
PPO_8,train/std,270336,1.1692062616348267
PPO_8,train/std,272384,1.1696975231170654
PPO_8,train/std,274432,1.1716485023498535
PPO_8,train/std,276480,1.1723856925964355
PPO_8,train/std,278528,1.1708745956420898
PPO_8,train/std,280576,1.1747238636016846
PPO_8,train/std,282624,1.1759530305862427
PPO_8,train/std,284672,1.1779310703277588
PPO_8,train/std,286720,1.179466724395752
PPO_8,train/std,288768,1.18192458152771
PPO_8,train/std,290816,1.1832633018493652
PPO_8,train/std,292864,1.1839370727539062
PPO_8,train/std,294912,1.1850683689117432
PPO_8,train/std,296960,1.1861543655395508
PPO_8,train/std,299008,1.1881937980651855
PPO_8,train/std,301056,1.191007375717163
PPO_8,train/value_loss,4096,0.3433660864830017
PPO_8,train/value_loss,6144,0.09106582403182983
PPO_8,train/value_loss,8192,0.08177496492862701
PPO_8,train/value_loss,10240,0.07563856989145279
PPO_8,train/value_loss,12288,0.0744825154542923
PPO_8,train/value_loss,14336,0.06563767045736313
PPO_8,train/value_loss,16384,0.06197677552700043
PPO_8,train/value_loss,18432,0.07483174651861191
PPO_8,train/value_loss,20480,0.046156272292137146
PPO_8,train/value_loss,22528,0.046655941754579544
PPO_8,train/value_loss,24576,0.037974484264850616
PPO_8,train/value_loss,26624,0.04864681884646416
PPO_8,train/value_loss,28672,0.0291276928037405
PPO_8,train/value_loss,30720,0.13253891468048096
PPO_8,train/value_loss,32768,0.02729780040681362
PPO_8,train/value_loss,34816,0.5594599843025208
PPO_8,train/value_loss,36864,0.035104699432849884
PPO_8,train/value_loss,38912,0.01988210529088974
PPO_8,train/value_loss,40960,0.041196130216121674
PPO_8,train/value_loss,43008,0.03167562186717987
PPO_8,train/value_loss,45056,0.015342777594923973
PPO_8,train/value_loss,47104,0.011764038354158401
PPO_8,train/value_loss,49152,0.01089389342814684
PPO_8,train/value_loss,51200,0.009719218127429485
PPO_8,train/value_loss,53248,0.025056082755327225
PPO_8,train/value_loss,55296,0.01305520348250866
PPO_8,train/value_loss,57344,0.010614401660859585
PPO_8,train/value_loss,59392,0.011071078479290009
PPO_8,train/value_loss,61440,0.010735629126429558
PPO_8,train/value_loss,63488,0.024725981056690216
PPO_8,train/value_loss,65536,0.010126466862857342
PPO_8,train/value_loss,67584,0.008934940211474895
PPO_8,train/value_loss,69632,0.009055985137820244
PPO_8,train/value_loss,71680,0.008076928555965424
PPO_8,train/value_loss,73728,0.017323458567261696
PPO_8,train/value_loss,75776,0.015436895191669464
PPO_8,train/value_loss,77824,0.00867825374007225
PPO_8,train/value_loss,79872,0.25097623467445374
PPO_8,train/value_loss,81920,0.011732591316103935
PPO_8,train/value_loss,83968,0.00956089235842228
PPO_8,train/value_loss,86016,0.007713813800364733
PPO_8,train/value_loss,88064,0.10770697146654129
PPO_8,train/value_loss,90112,0.02907964587211609
PPO_8,train/value_loss,92160,0.008019030094146729
PPO_8,train/value_loss,94208,0.033216193318367004
PPO_8,train/value_loss,96256,0.007903608493506908
PPO_8,train/value_loss,98304,0.005565484520047903
PPO_8,train/value_loss,100352,0.007259261328727007
PPO_8,train/value_loss,102400,0.007835818454623222
PPO_8,train/value_loss,104448,0.02544667385518551
PPO_8,train/value_loss,106496,0.03484591469168663
PPO_8,train/value_loss,108544,0.007801290601491928
PPO_8,train/value_loss,110592,0.008145647123456001
PPO_8,train/value_loss,112640,0.0067624254152178764
PPO_8,train/value_loss,114688,0.005559274926781654
PPO_8,train/value_loss,116736,0.005497722886502743
PPO_8,train/value_loss,118784,0.006112054456025362
PPO_8,train/value_loss,120832,0.009889921173453331
PPO_8,train/value_loss,122880,0.006463612429797649
PPO_8,train/value_loss,124928,0.005447679199278355
PPO_8,train/value_loss,126976,0.006806160788983107
PPO_8,train/value_loss,129024,0.005354688502848148
PPO_8,train/value_loss,131072,0.005294135306030512
PPO_8,train/value_loss,133120,0.005169806070625782
PPO_8,train/value_loss,135168,0.10975217819213867
PPO_8,train/value_loss,137216,0.007533531170338392
PPO_8,train/value_loss,139264,0.008167413994669914
PPO_8,train/value_loss,141312,0.005016345996409655
PPO_8,train/value_loss,143360,0.005394471809267998
PPO_8,train/value_loss,145408,0.00558873638510704
PPO_8,train/value_loss,147456,0.037069179117679596
PPO_8,train/value_loss,149504,0.0051416330970823765
PPO_8,train/value_loss,151552,0.004402692895382643
PPO_8,train/value_loss,153600,0.005218621343374252
PPO_8,train/value_loss,155648,0.0076485564932227135
PPO_8,train/value_loss,157696,0.0051634907722473145
PPO_8,train/value_loss,159744,0.03228443115949631
PPO_8,train/value_loss,161792,0.02403886802494526
PPO_8,train/value_loss,163840,0.014836147427558899
PPO_8,train/value_loss,165888,0.005521400831639767
PPO_8,train/value_loss,167936,0.005656582303345203
PPO_8,train/value_loss,169984,0.005850972607731819
PPO_8,train/value_loss,172032,0.07689876854419708
PPO_8,train/value_loss,174080,0.007310263812541962
PPO_8,train/value_loss,176128,0.004941804800182581
PPO_8,train/value_loss,178176,0.0047058286145329475
PPO_8,train/value_loss,180224,0.005731440149247646
PPO_8,train/value_loss,182272,0.004223599564284086
PPO_8,train/value_loss,184320,0.012178586795926094
PPO_8,train/value_loss,186368,0.00584693718701601
PPO_8,train/value_loss,188416,0.004629707895219326
PPO_8,train/value_loss,190464,0.037271033972501755
PPO_8,train/value_loss,192512,0.006799765396863222
PPO_8,train/value_loss,194560,0.0054867747239768505
PPO_8,train/value_loss,196608,0.00471184216439724
PPO_8,train/value_loss,198656,0.00474120955914259
PPO_8,train/value_loss,200704,0.004796446301043034
PPO_8,train/value_loss,202752,0.03597850352525711
PPO_8,train/value_loss,204800,0.033905211836099625
PPO_8,train/value_loss,206848,0.02133883722126484
PPO_8,train/value_loss,208896,0.029365865513682365
PPO_8,train/value_loss,210944,0.006392294075340033
PPO_8,train/value_loss,212992,0.005708003416657448
PPO_8,train/value_loss,215040,0.004557586740702391
PPO_8,train/value_loss,217088,0.003742344444617629
PPO_8,train/value_loss,219136,0.008535980246961117
PPO_8,train/value_loss,221184,0.004034076351672411
PPO_8,train/value_loss,223232,0.005000855308026075
PPO_8,train/value_loss,225280,0.006763147655874491
PPO_8,train/value_loss,227328,0.010897146537899971
PPO_8,train/value_loss,229376,0.017795870080590248
PPO_8,train/value_loss,231424,0.004408266395330429
PPO_8,train/value_loss,233472,0.004268880467861891
PPO_8,train/value_loss,235520,0.004878354724496603
PPO_8,train/value_loss,237568,0.004341192543506622
PPO_8,train/value_loss,239616,0.004276262130588293
PPO_8,train/value_loss,241664,0.004276561550796032
PPO_8,train/value_loss,243712,0.01647113636136055
PPO_8,train/value_loss,245760,0.02246321365237236
PPO_8,train/value_loss,247808,0.006723244674503803
PPO_8,train/value_loss,249856,0.005885779391974211
PPO_8,train/value_loss,251904,0.004733968060463667
PPO_8,train/value_loss,253952,0.03173341229557991
PPO_8,train/value_loss,256000,0.008350001648068428
PPO_8,train/value_loss,258048,0.04113922268152237
PPO_8,train/value_loss,260096,0.011524195782840252
PPO_8,train/value_loss,262144,0.017404329031705856
PPO_8,train/value_loss,264192,0.004703494720160961
PPO_8,train/value_loss,266240,0.004640382714569569
PPO_8,train/value_loss,268288,0.0050737084820866585
PPO_8,train/value_loss,270336,0.004882126580923796
PPO_8,train/value_loss,272384,0.004732188768684864
PPO_8,train/value_loss,274432,0.004855247214436531
PPO_8,train/value_loss,276480,0.00593168381601572
PPO_8,train/value_loss,278528,0.009393241256475449
PPO_8,train/value_loss,280576,0.01750781200826168
PPO_8,train/value_loss,282624,0.03128476068377495
PPO_8,train/value_loss,284672,0.005308627616614103
PPO_8,train/value_loss,286720,0.004470555577427149
PPO_8,train/value_loss,288768,0.006071074865758419
PPO_8,train/value_loss,290816,0.0049733505584299564
PPO_8,train/value_loss,292864,0.01027046050876379
PPO_8,train/value_loss,294912,0.029719285666942596
PPO_8,train/value_loss,296960,0.005534110125154257
PPO_8,train/value_loss,299008,0.006286667659878731
PPO_8,train/value_loss,301056,0.005087788216769695
